226,2,814608,2022-02-03 19:06:16,2022-02-03 19:19:27,0,2022-02-03 19:06:16,Sblock Lp Restore: K1L1S1 : UNCERTAIN : CSA(20028) has unusual jgt_pilot_shutoffs.judge_result(5) ,1
227,2,814609,2022-02-03 19:06:16,2022-02-03 19:19:27,0,2022-02-03 19:06:16,Sblock Lp Restore: K1L2S1 : UNCERTAIN : CSA(20077) has unusual jgt_pilot_shutoffs.judge_result(5) ,1
453,2,814610,2022-02-03 19:29:16,2022-02-03 19:42:17,0,2022-02-03 19:29:16,Sblock Lp Restore: K1L3S1 : UNCERTAIN : CSA(20128) has unusual jgt_pilot_shutoffs.judge_result(5) ,1
228,2,814611,2022-02-03 19:06:16,2022-02-03 19:19:27,0,2022-02-03 19:06:16,Sblock Lp Restore: K1L4S1 : UNCERTAIN : CSA(20171) has unusual jgt_pilot_shutoffs.judge_result(5) ,1
452,2,814612,2022-02-03 19:28:16,2022-02-03 19:41:17,0,2022-02-03 19:28:16,Sblock Lp Restore: K1L5S1 : UNCERTAIN : CSA(20241) has unusual jgt_pilot_shutoffs.judge_result(5) ,1
229,2,814613,2022-02-03 19:06:16,2022-02-03 19:19:28,0,2022-02-03 19:06:16,Sblock Lp Restore: K1L6S1 : UNCERTAIN : CSA(20310) has unusual jgt_pilot_shutoffs.judge_result(5) ,1
451,2,814615,2022-02-03 19:25:16,2022-02-03 19:38:16,1,2022-02-03 19:25:16,Sblock Lp Restore: K1L8S1 : A : CSA(20453)$#COMMA# A(lp=2.3170000000000001$#COMMA# time=2022/02/03 19:30:16$#COMMA# data_type=0)$#COMMA# B(lp=1.517$#COMMA# time=2022/02/03 19:35:16$#COMMA# data_type=0)$#COMMA# a=-0.0026666666666666666$#COMMA# b=3.117 ,1
230,2,814618,2022-02-03 19:06:16,2022-02-03 19:19:28,0,2022-02-03 19:06:16,Sblock Lp Restore: K1L11S1 : UNCERTAIN : CSA(20603) has unusual jgt_pilot_shutoffs.judge_result(5) ,1
231,2,814619,2022-02-03 19:06:16,2022-02-03 19:19:28,0,2022-02-03 19:06:16,Sblock Lp Restore: K1L12S1 : UNCERTAIN : CSA(20662) has unusual jgt_pilot_shutoffs.judge_result(5) ,1
232,2,814620,2022-02-03 19:06:16,2022-02-03 19:19:28,0,2022-02-03 19:06:16,Sblock Lp Restore: K1L13S1 : UNCERTAIN : CSA(20723) has unusual jgt_pilot_shutoffs.judge_result(5) ,1
233,2,814625,2022-02-03 19:06:16,2022-02-03 19:19:28,0,2022-02-03 19:06:16,Sblock Lp Restore: K1L15S1 : UNCERTAIN : CSA(20829) has unusual jgt_pilot_shutoffs.judge_result(5) ,1
234,2,814627,2022-02-03 19:06:16,2022-02-03 19:19:28,0,2022-02-03 19:06:16,Sblock Lp Restore: K1L17S1 : UNCERTAIN : CSA(20929) has unusual jgt_pilot_shutoffs.judge_result(5) ,1
235,2,814631,2022-02-03 19:06:16,2022-02-03 19:19:28,3,2022-02-03 19:06:16,Sblock Lp Restore: K1L20S2 : C : CSA(21094)$#COMMA# A(lp=2.26500000000000001$#COMMA# time=2022/02/03 19:11:16$#COMMA# data_type=0)$#COMMA# B(lp=2.165$#COMMA# time=2022/02/03 19:16:16$#COMMA# data_type=0)$#COMMA# a=-0.0003333333333333333$#COMMA# b=2.365 ,1
236,2,814632,2022-02-03 19:06:16,2022-02-03 19:19:28,0,2022-02-03 19:06:16,Sblock Lp Restore: K1L21S1 : UNCERTAIN : CSA(21081) has unusual jgt_pilot_shutoffs.judge_result(5) ,1
237,2,814633,2022-02-03 19:06:16,2022-02-03 19:19:28,4,2022-02-03 19:06:16,Sblock Lp Restore: K1L21S2 : D : CSA(21085)$#COMMA# A(lp=2.325$#COMMA# time=2022/02/03 19:11:16$#COMMA# data_type=0)$#COMMA# B(lp=2.325$#COMMA# time=2022/02/03 19:16:16$#COMMA# data_type=0)$#COMMA# a=0.0$#COMMA# b=2.325 ,1
238,2,814634,2022-02-03 19:06:16,2022-02-03 19:19:28,2,2022-02-03 19:06:16,Sblock Lp Restore: K1L21S3 : B : CSA(21082)$#COMMA# A(lp=2.27$#COMMA# time=2022/02/03 19:11:16$#COMMA# data_type=0)$#COMMA# B(lp=1.97$#COMMA# time=2022/02/03 19:16:16$#COMMA# data_type=0)$#COMMA# a=-0.001$#COMMA# b=2.57 ,1
239,2,814635,2022-02-03 19:06:16,2022-02-03 19:19:28,2,2022-02-03 19:06:16,Sblock Lp Restore: K1L21S4 : B : CSA(21086)$#COMMA# A(lp=2.27$#COMMA# time=2022/02/03 19:11:16$#COMMA# data_type=0)$#COMMA# B(lp=1.97$#COMMA# time=2022/02/03 19:16:16$#COMMA# data_type=0)$#COMMA# a=-0.001$#COMMA# b=2.57 ,1
240,2,814636,2022-02-03 19:06:16,2022-02-03 19:19:28,0,2022-02-03 19:06:16,Sblock Lp Restore: K1L21S5 : UNCERTAIN : CSA(21100) has unusual jgt_pilot_shutoffs.judge_result(5) ,1
241,2,814637,2022-02-03 19:06:16,2022-02-03 19:19:29,0,2022-02-03 19:06:16,Sblock Lp Restore: K1L22S1 : UNCERTAIN : CSA(21105) has unusual jgt_pilot_shutoffs.judge_result(5) ,1
242,2,814638,2022-02-03 19:06:16,2022-02-03 19:19:29,2,2022-02-03 19:06:16,Sblock Lp Restore: K1L22S2 : B : CSA(21137)$#COMMA# A(lp=2.27$#COMMA# time=2022/02/03 19:11:16$#COMMA# data_type=0)$#COMMA# B(lp=1.97$#COMMA# time=2022/02/03 19:16:16$#COMMA# data_type=0)$#COMMA# a=-0.001$#COMMA# b=2.57 ,1
243,2,814639,2022-02-03 19:06:16,2022-02-03 19:19:29,0,2022-02-03 19:06:16,Sblock Lp Restore: K1L22S3 : UNCERTAIN : CSA(21119) has unusual jgt_pilot_shutoffs.judge_result(5) ,1
244,2,814640,2022-02-03 19:06:16,2022-02-03 19:19:29,0,2022-02-03 19:06:16,Sblock Lp Restore: K1L22S4 : UNCERTAIN : CSA(21124) has unusual jgt_pilot_shutoffs.judge_result(5) ,1
245,2,814641,2022-02-03 19:06:16,2022-02-03 19:19:29,3,2022-02-03 19:06:16,Sblock Lp Restore: K1L22S5 : C : CSA(21138)$#COMMA# A(lp=2.26500000000000001$#COMMA# time=2022/02/03 19:11:16$#COMMA# data_type=0)$#COMMA# B(lp=2.165$#COMMA# time=2022/02/03 19:16:16$#COMMA# data_type=0)$#COMMA# a=-0.0003333333333333333$#COMMA# b=2.365 ,1
246,2,814642,2022-02-03 19:06:16,2022-02-03 19:19:29,4,2022-02-03 19:06:16,Sblock Lp Restore: K1L22S6 : D : CSA(20117)$#COMMA# A(lp=2.325$#COMMA# time=2022/02/03 19:11:16$#COMMA# data_type=0)$#COMMA# B(lp=2.325$#COMMA# time=2022/02/03 19:16:16$#COMMA# data_type=0)$#COMMA# a=0.0$#COMMA# b=2.325 ,1
247,2,814643,2022-02-03 19:06:16,2022-02-03 19:19:29,4,2022-02-03 19:06:16,Sblock Lp Restore: K1L22S7 : D : CSA(21139)$#COMMA# A(lp=2.325$#COMMA# time=2022/02/03 19:11:16$#COMMA# data_type=0)$#COMMA# B(lp=2.325$#COMMA# time=2022/02/03 19:16:16$#COMMA# data_type=0)$#COMMA# a=0.0$#COMMA# b=2.325 ,1
248,2,814644,2022-02-03 19:06:16,2022-02-03 19:19:29,4,2022-02-03 19:06:16,Sblock Lp Restore: K1L22S8 : D : CSA(21143)$#COMMA# A(lp=2.325$#COMMA# time=2022/02/03 19:11:16$#COMMA# data_type=0)$#COMMA# B(lp=2.325$#COMMA# time=2022/02/03 19:16:16$#COMMA# data_type=0)$#COMMA# a=0.0$#COMMA# b=2.325 ,1
249,2,814645,2022-02-03 19:06:16,2022-02-03 19:19:29,0,2022-02-03 19:06:16,Sblock Lp Restore: K1L23S1 : UNCERTAIN : CSA(20024) has unusual jgt_pilot_shutoffs.judge_result(5) ,1
250,2,814646,2022-02-03 19:06:16,2022-02-03 19:19:29,2,2022-02-03 19:06:16,Sblock Lp Restore: K1L24S1 : B : CSA(20011)$#COMMA# A(lp=2.27$#COMMA# time=2022/02/03 19:11:16$#COMMA# data_type=0)$#COMMA# B(lp=1.97$#COMMA# time=2022/02/03 19:16:16$#COMMA# data_type=0)$#COMMA# a=-0.001$#COMMA# b=2.57 ,1
251,2,814647,2022-02-03 19:06:16,2022-02-03 19:19:29,2,2022-02-03 19:06:16,Sblock Lp Restore: K1L25S1 : B : CSA(20160)$#COMMA# A(lp=2.27$#COMMA# time=2022/02/03 19:11:16$#COMMA# data_type=0)$#COMMA# B(lp=1.97$#COMMA# time=2022/02/03 19:16:16$#COMMA# data_type=0)$#COMMA# a=-0.001$#COMMA# b=2.57 ,1
252,2,814653,2022-02-03 19:06:16,2022-02-03 19:19:29,0,2022-02-03 19:06:16,Sblock Lp Restore: K1L30S1 : UNCERTAIN : CSA(20246) has unusual jgt_pilot_shutoffs.judge_result(5) ,1
253,2,814660,2022-02-03 19:06:16,2022-02-03 19:19:29,0,2022-02-03 19:06:16,Sblock Lp Restore: K1L37S1 : UNCERTAIN : CSA(20888) has unusual jgt_pilot_shutoffs.judge_result(5) ,1
254,2,814669,2022-02-03 19:06:16,2022-02-03 19:19:29,0,2022-02-03 19:06:16,Sblock Lp Restore: K1L47S1 : UNCERTAIN : CSA(20484) has unusual jgt_pilot_shutoffs.judge_result(5) ,1
255,2,814670,2022-02-03 19:06:16,2022-02-03 19:19:29,0,2022-02-03 19:06:16,Sblock Lp Restore: K1L48S1 : UNCERTAIN : CSA(20174) has unusual jgt_pilot_shutoffs.judge_result(5) ,1
256,2,814671,2022-02-03 19:06:16,2022-02-03 19:19:30,0,2022-02-03 19:06:16,Sblock Lp Restore: K2L1S1 : UNCERTAIN : CSA(21182) has unusual jgt_pilot_shutoffs.judge_result(5) ,1
257,2,814672,2022-02-03 19:06:16,2022-02-03 19:19:30,4,2022-02-03 19:06:16,Sblock Lp Restore: K2L1S2 : D : CSA(21214)$#COMMA# A(lp=2.325$#COMMA# time=2022/02/03 19:11:16$#COMMA# data_type=0)$#COMMA# B(lp=2.325$#COMMA# time=2022/02/03 19:16:16$#COMMA# data_type=0)$#COMMA# a=0.0$#COMMA# b=2.325 ,1
258,2,814674,2022-02-03 19:06:16,2022-02-03 19:19:30,4,2022-02-03 19:06:16,Sblock Lp Restore: K2L2S2 : D : CSA(21267)$#COMMA# A(lp=2.325$#COMMA# time=2022/02/03 19:11:16$#COMMA# data_type=0)$#COMMA# B(lp=2.325$#COMMA# time=2022/02/03 19:16:16$#COMMA# data_type=0)$#COMMA# a=0.0$#COMMA# b=2.325 ,1
259,2,814675,2022-02-03 19:06:16,2022-02-03 19:19:30,0,2022-02-03 19:06:16,Sblock Lp Restore: K2L3S1 : UNCERTAIN : CSA(21338) has unusual jgt_pilot_shutoffs.judge_result(5) ,1
260,2,814677,2022-02-03 19:06:16,2022-02-03 19:19:30,0,2022-02-03 19:06:16,Sblock Lp Restore: K2L5S1 : UNCERTAIN : CSA(21443) has unusual jgt_pilot_shutoffs.judge_result(5) ,1
261,2,814678,2022-02-03 19:06:16,2022-02-03 19:19:30,0,2022-02-03 19:06:16,Sblock Lp Restore: K2L6S1 : UNCERTAIN : CSA(21563) has unusual jgt_pilot_shutoffs.judge_result(5) ,1
262,2,814680,2022-02-03 19:06:16,2022-02-03 19:19:30,0,2022-02-03 19:06:16,Sblock Lp Restore: K2L8S1 : UNCERTAIN : CSA(21721) has unusual jgt_pilot_shutoffs.judge_result(5) ,1
263,2,814681,2022-02-03 19:06:16,2022-02-03 19:19:30,0,2022-02-03 19:06:16,Sblock Lp Restore: K2L8S2 : UNCERTAIN : CSA(21725) has unusual jgt_pilot_shutoffs.judge_result(5) ,1
264,2,814696,2022-02-03 19:06:16,2022-02-03 19:19:30,0,2022-02-03 19:06:16,Sblock Lp Restore: K2L11S1 : UNCERTAIN : CSA(21927) has unusual jgt_pilot_shutoffs.judge_result(5) ,1
265,2,814697,2022-02-03 19:06:16,2022-02-03 19:19:31,0,2022-02-03 19:06:16,Sblock Lp Restore: K2L11S2 : UNCERTAIN : CSA(21922) has unusual jgt_pilot_shutoffs.judge_result(5) ,1
266,2,814698,2022-02-03 19:06:16,2022-02-03 19:19:31,4,2022-02-03 19:06:16,Sblock Lp Restore: K2L11S3 : D : CSA(21925)$#COMMA# A(lp=2.325$#COMMA# time=2022/02/03 19:11:16$#COMMA# data_type=0)$#COMMA# B(lp=2.325$#COMMA# time=2022/02/03 19:16:16$#COMMA# data_type=0)$#COMMA# a=0.0$#COMMA# b=2.325 ,1
267,2,814699,2022-02-03 19:06:16,2022-02-03 19:19:31,1,2022-02-03 19:06:16,Sblock Lp Restore: K2L11S5 : A : CSA(20636)$#COMMA# A(lp=2.3170000000000001$#COMMA# time=2022/02/03 19:11:16$#COMMA# data_type=0)$#COMMA# B(lp=1.517$#COMMA# time=2022/02/03 19:16:16$#COMMA# data_type=0)$#COMMA# a=-0.0026666666666666666$#COMMA# b=3.117 ,1
268,2,814700,2022-02-03 19:06:16,2022-02-03 19:19:31,0,2022-02-03 19:06:16,Sblock Lp Restore: K2L12S1 : UNCERTAIN : CSA(21965) has unusual jgt_pilot_shutoffs.judge_result(5) ,1
269,2,814701,2022-02-03 19:06:16,2022-02-03 19:19:31,0,2022-02-03 19:06:16,Sblock Lp Restore: K2L13S1 : UNCERTAIN : CSA(22003) has unusual jgt_pilot_shutoffs.judge_result(5) ,1
270,2,814702,2022-02-03 19:06:16,2022-02-03 19:19:31,0,2022-02-03 19:06:16,Sblock Lp Restore: K2L14S1 : UNCERTAIN : CSA(22082) has unusual jgt_pilot_shutoffs.judge_result(5) ,1
271,2,814709,2022-02-03 19:06:16,2022-02-03 19:19:31,4,2022-02-03 19:06:16,Sblock Lp Restore: K2L17S7 : D : CSA(21848)$#COMMA# A(lp=2.325$#COMMA# time=2022/02/03 19:11:16$#COMMA# data_type=0)$#COMMA# B(lp=2.325$#COMMA# time=2022/02/03 19:16:16$#COMMA# data_type=0)$#COMMA# a=0.0$#COMMA# b=2.325 ,1
272,2,814715,2022-02-03 19:06:16,2022-02-03 19:19:31,0,2022-02-03 19:06:16,Sblock Lp Restore: K2L19S1 : UNCERTAIN : CSA(21890) has unusual jgt_pilot_shutoffs.judge_result(5) ,1
273,2,814716,2022-02-03 19:06:16,2022-02-03 19:19:31,0,2022-02-03 19:06:16,Sblock Lp Restore: K2L19S2 : UNCERTAIN : CSA(21888) has unusual jgt_pilot_shutoffs.judge_result(5) ,1
274,2,814717,2022-02-03 19:06:16,2022-02-03 19:19:31,4,2022-02-03 19:06:16,Sblock Lp Restore: K2L19S4 : D : CSA(21898)$#COMMA# A(lp=2.325$#COMMA# time=2022/02/03 19:11:16$#COMMA# data_type=0)$#COMMA# B(lp=2.325$#COMMA# time=2022/02/03 19:16:16$#COMMA# data_type=0)$#COMMA# a=0.0$#COMMA# b=2.325 ,1
275,2,814718,2022-02-03 19:06:16,2022-02-03 19:19:32,4,2022-02-03 19:06:16,Sblock Lp Restore: K2L19S5 : D : CSA(21899)$#COMMA# A(lp=2.325$#COMMA# time=2022/02/03 19:11:16$#COMMA# data_type=0)$#COMMA# B(lp=2.325$#COMMA# time=2022/02/03 19:16:16$#COMMA# data_type=0)$#COMMA# a=0.0$#COMMA# b=2.325 ,1
276,2,814719,2022-02-03 19:06:16,2022-02-03 19:19:32,4,2022-02-03 19:06:16,Sblock Lp Restore: K2L19S6 : D : CSA(20529)$#COMMA# A(lp=2.325$#COMMA# time=2022/02/03 19:11:16$#COMMA# data_type=0)$#COMMA# B(lp=2.325$#COMMA# time=2022/02/03 19:16:16$#COMMA# data_type=0)$#COMMA# a=0.0$#COMMA# b=2.325 ,1
277,2,814724,2022-02-03 19:06:16,2022-02-03 19:19:32,4,2022-02-03 19:06:16,Sblock Lp Restore: K2L23S1 : D : CSA(21678)$#COMMA# A(lp=2.325$#COMMA# time=2022/02/03 19:11:16$#COMMA# data_type=0)$#COMMA# B(lp=2.325$#COMMA# time=2022/02/03 19:16:16$#COMMA# data_type=0)$#COMMA# a=0.0$#COMMA# b=2.325 ,1
278,2,814732,2022-02-03 19:06:16,2022-02-03 19:19:32,0,2022-02-03 19:06:16,Sblock Lp Restore: K2L29S1 : UNCERTAIN : CSA(21622) has unusual jgt_pilot_shutoffs.judge_result(5) ,1
279,2,814734,2022-02-03 19:06:16,2022-02-03 19:19:32,2,2022-02-03 19:06:16,Sblock Lp Restore: K2L31S1 : B : CSA(22224)$#COMMA# A(lp=2.27$#COMMA# time=2022/02/03 19:11:16$#COMMA# data_type=0)$#COMMA# B(lp=1.97$#COMMA# time=2022/02/03 19:16:16$#COMMA# data_type=0)$#COMMA# a=-0.001$#COMMA# b=2.57 ,1
280,2,814735,2022-02-03 19:06:16,2022-02-03 19:19:32,4,2022-02-03 19:06:16,Sblock Lp Restore: K2L31S3 : D : CSA(20155)$#COMMA# A(lp=2.325$#COMMA# time=2022/02/03 19:11:16$#COMMA# data_type=0)$#COMMA# B(lp=2.325$#COMMA# time=2022/02/03 19:16:16$#COMMA# data_type=0)$#COMMA# a=0.0$#COMMA# b=2.325 ,1
281,2,814736,2022-02-03 19:06:16,2022-02-03 19:19:32,2,2022-02-03 19:06:16,Sblock Lp Restore: K2L31S6 : B : CSA(22187)$#COMMA# A(lp=2.27$#COMMA# time=2022/02/03 19:11:16$#COMMA# data_type=0)$#COMMA# B(lp=1.97$#COMMA# time=2022/02/03 19:16:16$#COMMA# data_type=0)$#COMMA# a=-0.001$#COMMA# b=2.57 ,1
282,2,814737,2022-02-03 19:06:16,2022-02-03 19:19:33,3,2022-02-03 19:06:16,Sblock Lp Restore: K2L31S7 : C : CSA(22210)$#COMMA# A(lp=2.26500000000000001$#COMMA# time=2022/02/03 19:11:16$#COMMA# data_type=0)$#COMMA# B(lp=2.165$#COMMA# time=2022/02/03 19:16:16$#COMMA# data_type=0)$#COMMA# a=-0.0003333333333333333$#COMMA# b=2.365 ,1
283,2,814738,2022-02-03 19:06:16,2022-02-03 19:19:33,4,2022-02-03 19:06:16,Sblock Lp Restore: K2L31S11 : D : CSA(22217)$#COMMA# A(lp=2.325$#COMMA# time=2022/02/03 19:11:16$#COMMA# data_type=0)$#COMMA# B(lp=2.325$#COMMA# time=2022/02/03 19:16:16$#COMMA# data_type=0)$#COMMA# a=0.0$#COMMA# b=2.325 ,1
284,2,814739,2022-02-03 19:06:16,2022-02-03 19:19:33,3,2022-02-03 19:06:16,Sblock Lp Restore: K2L31S13 : C : CSA(22213)$#COMMA# A(lp=2.26500000000000001$#COMMA# time=2022/02/03 19:11:16$#COMMA# data_type=0)$#COMMA# B(lp=2.165$#COMMA# time=2022/02/03 19:16:16$#COMMA# data_type=0)$#COMMA# a=-0.0003333333333333333$#COMMA# b=2.365 ,1
285,2,814740,2022-02-03 19:06:16,2022-02-03 19:19:33,3,2022-02-03 19:06:16,Sblock Lp Restore: K2L31S14 : C : CSA(22214)$#COMMA# A(lp=2.26500000000000001$#COMMA# time=2022/02/03 19:11:16$#COMMA# data_type=0)$#COMMA# B(lp=2.165$#COMMA# time=2022/02/03 19:16:16$#COMMA# data_type=0)$#COMMA# a=-0.0003333333333333333$#COMMA# b=2.365 ,1
286,2,814741,2022-02-03 19:06:16,2022-02-03 19:19:33,4,2022-02-03 19:06:16,Sblock Lp Restore: K2L32S1 : D : CSA(22181)$#COMMA# A(lp=2.325$#COMMA# time=2022/02/03 19:11:16$#COMMA# data_type=0)$#COMMA# B(lp=2.325$#COMMA# time=2022/02/03 19:16:16$#COMMA# data_type=0)$#COMMA# a=0.0$#COMMA# b=2.325 ,1
287,2,814742,2022-02-03 19:06:16,2022-02-03 19:19:33,4,2022-02-03 19:06:16,Sblock Lp Restore: K2L32S2 : D : CSA(21217)$#COMMA# A(lp=2.325$#COMMA# time=2022/02/03 19:11:16$#COMMA# data_type=0)$#COMMA# B(lp=2.325$#COMMA# time=2022/02/03 19:16:16$#COMMA# data_type=0)$#COMMA# a=0.0$#COMMA# b=2.325 ,1
288,2,814743,2022-02-03 19:06:16,2022-02-03 19:19:33,4,2022-02-03 19:06:16,Sblock Lp Restore: K2L32S4 : D : CSA(22185)$#COMMA# A(lp=2.325$#COMMA# time=2022/02/03 19:11:16$#COMMA# data_type=0)$#COMMA# B(lp=2.325$#COMMA# time=2022/02/03 19:16:16$#COMMA# data_type=0)$#COMMA# a=0.0$#COMMA# b=2.325 ,1
289,2,814744,2022-02-03 19:06:16,2022-02-03 19:19:33,4,2022-02-03 19:06:16,Sblock Lp Restore: K2L32S5 : D : CSA(21035)$#COMMA# A(lp=2.325$#COMMA# time=2022/02/03 19:11:16$#COMMA# data_type=0)$#COMMA# B(lp=2.325$#COMMA# time=2022/02/03 19:16:16$#COMMA# data_type=0)$#COMMA# a=0.0$#COMMA# b=2.325 ,1
290,2,814745,2022-02-03 19:06:16,2022-02-03 19:19:33,4,2022-02-03 19:06:16,Sblock Lp Restore: K2L32S7 : D : CSA(22243)$#COMMA# A(lp=2.325$#COMMA# time=2022/02/03 19:11:16$#COMMA# data_type=0)$#COMMA# B(lp=2.325$#COMMA# time=2022/02/03 19:16:16$#COMMA# data_type=0)$#COMMA# a=0.0$#COMMA# b=2.325 ,1
291,2,814746,2022-02-03 19:06:16,2022-02-03 19:19:34,4,2022-02-03 19:06:16,Sblock Lp Restore: K2L32S10 : D : CSA(22182)$#COMMA# A(lp=2.325$#COMMA# time=2022/02/03 19:11:16$#COMMA# data_type=0)$#COMMA# B(lp=2.325$#COMMA# time=2022/02/03 19:16:16$#COMMA# data_type=0)$#COMMA# a=0.0$#COMMA# b=2.325 ,1
292,2,814753,2022-02-03 19:06:16,2022-02-03 19:19:34,0,2022-02-03 19:06:16,Sblock Lp Restore: K2L37S1 : UNCERTAIN : CSA(21306) has unusual jgt_pilot_shutoffs.judge_result(5) ,1
293,2,814754,2022-02-03 19:06:16,2022-02-03 19:19:34,0,2022-02-03 19:06:16,Sblock Lp Restore: K2L38S1 : UNCERTAIN : CSA(21326) has unusual jgt_pilot_shutoffs.judge_result(5) ,1
294,2,814755,2022-02-03 19:06:16,2022-02-03 19:19:34,0,2022-02-03 19:06:16,Sblock Lp Restore: K2L39S1 : UNCERTAIN : CSA(21476) has unusual jgt_pilot_shutoffs.judge_result(5) ,1
295,2,814761,2022-02-03 19:06:16,2022-02-03 19:19:34,0,2022-02-03 19:06:16,Sblock Lp Restore: K2L43S1 : UNCERTAIN : CSA(21384) has unusual jgt_pilot_shutoffs.judge_result(5) ,1
296,2,814764,2022-02-03 19:06:16,2022-02-03 19:19:34,0,2022-02-03 19:06:16,Sblock Lp Restore: K2L46S1 : UNCERTAIN : CSA(21405) has unusual jgt_pilot_shutoffs.judge_result(5) ,1
297,2,814777,2022-02-03 19:06:16,2022-02-03 19:19:34,0,2022-02-03 19:06:16,Sblock Lp Restore: K3L9S1 : UNCERTAIN : CSA(22924) has unusual jgt_pilot_shutoffs.judge_result(5) ,1
298,2,814785,2022-02-03 19:06:16,2022-02-03 19:19:34,0,2022-02-03 19:06:16,Sblock Lp Restore: K3L13S1 : UNCERTAIN : CSA(22678) has unusual jgt_pilot_shutoffs.judge_result(5) ,1
299,2,814786,2022-02-03 19:06:16,2022-02-03 19:19:34,0,2022-02-03 19:06:16,Sblock Lp Restore: K3L14S1 : UNCERTAIN : CSA(22775) has unusual jgt_pilot_shutoffs.judge_result(5) ,1
300,2,814787,2022-02-03 19:06:16,NULL,0,2022-02-03 19:06:16,Sblock Lp Restore: K3L14S3 : UNCERTAIN : could not get lp. ,1
301,2,814788,2022-02-03 19:06:16,2022-02-03 19:19:34,0,2022-02-03 19:06:16,Sblock Lp Restore: K3L15S1 : UNCERTAIN : CSA(22570) has unusual jgt_pilot_shutoffs.judge_result(5) ,1
302,2,814805,2022-02-03 19:06:16,2022-02-03 19:19:34,0,2022-02-03 19:06:16,Sblock Lp Restore: K3L29S1 : UNCERTAIN : CSA(22341) has unusual jgt_pilot_shutoffs.judge_result(5) ,1
303,2,814825,2022-02-03 19:06:16,2022-02-03 19:19:34,0,2022-02-03 19:06:16,Sblock Lp Restore: K4L4S1 : UNCERTAIN : CSA(23132) has unusual jgt_pilot_shutoffs.judge_result(5) ,1
304,2,814826,2022-02-03 19:06:16,2022-02-03 19:19:34,0,2022-02-03 19:06:16,Sblock Lp Restore: K4L5S1 : UNCERTAIN : CSA(23161) has unusual jgt_pilot_shutoffs.judge_result(5) ,1
305,2,814827,2022-02-03 19:06:16,2022-02-03 19:19:34,0,2022-02-03 19:06:16,Sblock Lp Restore: K4L5S2 : UNCERTAIN : CSA(23168) has unusual jgt_pilot_shutoffs.judge_result(5) ,1
306,2,814828,2022-02-03 19:06:16,2022-02-03 19:19:34,0,2022-02-03 19:06:16,Sblock Lp Restore: K4L5S3 : UNCERTAIN : CSA(23172) has unusual jgt_pilot_shutoffs.judge_result(5) ,1
307,2,814829,2022-02-03 19:06:16,2022-02-03 19:19:34,0,2022-02-03 19:06:16,Sblock Lp Restore: K4L5S4 : UNCERTAIN : CSA(23164) has unusual jgt_pilot_shutoffs.judge_result(5) ,1
308,2,814831,2022-02-03 19:06:16,2022-02-03 19:19:35,0,2022-02-03 19:06:16,Sblock Lp Restore: K4L5S6 : UNCERTAIN : CSA(23190) has unusual jgt_pilot_shutoffs.judge_result(5) ,1
309,2,814832,2022-02-03 19:06:16,2022-02-03 19:19:35,0,2022-02-03 19:06:16,Sblock Lp Restore: K4L5S7 : UNCERTAIN : CSA(23192) has unusual jgt_pilot_shutoffs.judge_result(5) ,1
310,2,814833,2022-02-03 19:06:16,2022-02-03 19:19:35,0,2022-02-03 19:06:16,Sblock Lp Restore: K4L5S8 : UNCERTAIN : CSA(23200) has unusual jgt_pilot_shutoffs.judge_result(5) ,1
311,2,814835,2022-02-03 19:06:16,2022-02-03 19:19:35,0,2022-02-03 19:06:16,Sblock Lp Restore: K4L5S10 : UNCERTAIN : CSA(23191) has unusual jgt_pilot_shutoffs.judge_result(5) ,1
312,2,814836,2022-02-03 19:06:16,2022-02-03 19:19:35,4,2022-02-03 19:06:16,Sblock Lp Restore: K4L5S11 : D : CSA(23177)$#COMMA# A(lp=2.325$#COMMA# time=2022/02/03 19:11:16$#COMMA# data_type=0)$#COMMA# B(lp=2.325$#COMMA# time=2022/02/03 19:16:16$#COMMA# data_type=0)$#COMMA# a=0.0$#COMMA# b=2.325 ,1
313,2,814837,2022-02-03 19:06:16,2022-02-03 19:19:35,4,2022-02-03 19:06:16,Sblock Lp Restore: K4L5S12 : D : CSA(23186)$#COMMA# A(lp=2.325$#COMMA# time=2022/02/03 19:11:16$#COMMA# data_type=0)$#COMMA# B(lp=2.325$#COMMA# time=2022/02/03 19:16:16$#COMMA# data_type=0)$#COMMA# a=0.0$#COMMA# b=2.325 ,1
314,2,814856,2022-02-03 19:06:16,2022-02-03 19:19:35,0,2022-02-03 19:06:16,Sblock Lp Restore: K4L10S1 : UNCERTAIN : CSA(23596) has unusual jgt_pilot_shutoffs.judge_result(5) ,1
315,2,814863,2022-02-03 19:06:16,2022-02-03 19:19:35,4,2022-02-03 19:06:16,Sblock Lp Restore: K4L13S2 : D : CSA(23819)$#COMMA# A(lp=2.325$#COMMA# time=2022/02/03 19:11:16$#COMMA# data_type=0)$#COMMA# B(lp=2.325$#COMMA# time=2022/02/03 19:16:16$#COMMA# data_type=0)$#COMMA# a=0.0$#COMMA# b=2.325 ,1
316,2,814864,2022-02-03 19:06:16,2022-02-03 19:19:35,4,2022-02-03 19:06:16,Sblock Lp Restore: K4L13S3 : D : CSA(23820)$#COMMA# A(lp=2.325$#COMMA# time=2022/02/03 19:11:16$#COMMA# data_type=0)$#COMMA# B(lp=2.325$#COMMA# time=2022/02/03 19:16:16$#COMMA# data_type=0)$#COMMA# a=0.0$#COMMA# b=2.325 ,1
317,2,814865,2022-02-03 19:06:16,2022-02-03 19:19:35,0,2022-02-03 19:06:16,Sblock Lp Restore: K4L14S1 : UNCERTAIN : CSA(23862) has unusual jgt_pilot_shutoffs.judge_result(5) ,1
318,2,814875,2022-02-03 19:06:16,2022-02-03 19:19:35,0,2022-02-03 19:06:16,Sblock Lp Restore: K4L18S1 : UNCERTAIN : CSA(23583) has unusual jgt_pilot_shutoffs.judge_result(5) ,1
319,2,814881,2022-02-03 19:06:16,2022-02-03 19:19:35,0,2022-02-03 19:06:16,Sblock Lp Restore: K4L21S3 : UNCERTAIN : CSA(23536) has unusual jgt_pilot_shutoffs.judge_result(5) ,1
320,2,814882,2022-02-03 19:06:16,2022-02-03 19:19:35,4,2022-02-03 19:06:16,Sblock Lp Restore: K4L21S4 : D : CSA(23561)$#COMMA# A(lp=2.325$#COMMA# time=2022/02/03 19:11:16$#COMMA# data_type=0)$#COMMA# B(lp=2.325$#COMMA# time=2022/02/03 19:16:16$#COMMA# data_type=0)$#COMMA# a=0.0$#COMMA# b=2.325 ,1
321,2,814883,2022-02-03 19:06:16,2022-02-03 19:19:35,3,2022-02-03 19:06:16,Sblock Lp Restore: K4L21S5 : C : CSA(23562)$#COMMA# A(lp=2.26500000000000001$#COMMA# time=2022/02/03 19:11:16$#COMMA# data_type=0)$#COMMA# B(lp=2.165$#COMMA# time=2022/02/03 19:16:16$#COMMA# data_type=0)$#COMMA# a=-0.0003333333333333333$#COMMA# b=2.365 ,1
322,2,814910,2022-02-03 19:06:16,2022-02-03 19:19:36,0,2022-02-03 19:06:16,Sblock Lp Restore: K4L29S1 : UNCERTAIN : CSA(23724) has unusual jgt_pilot_shutoffs.judge_result(5) ,1
323,2,814911,2022-02-03 19:06:16,2022-02-03 19:19:36,0,2022-02-03 19:06:16,Sblock Lp Restore: K4L29S2 : UNCERTAIN : CSA(23726) has unusual jgt_pilot_shutoffs.judge_result(5) ,1
324,2,814922,2022-02-03 19:06:16,2022-02-03 19:19:36,0,2022-02-03 19:06:16,Sblock Lp Restore: K4L37S1 : UNCERTAIN : CSA(23180) has unusual jgt_pilot_shutoffs.judge_result(5) ,1
325,2,814923,2022-02-03 19:06:16,2022-02-03 19:19:36,4,2022-02-03 19:06:16,Sblock Lp Restore: K4L37S2 : D : CSA(23211)$#COMMA# A(lp=2.325$#COMMA# time=2022/02/03 19:11:16$#COMMA# data_type=0)$#COMMA# B(lp=2.325$#COMMA# time=2022/02/03 19:16:16$#COMMA# data_type=0)$#COMMA# a=0.0$#COMMA# b=2.325 ,1
326,2,814924,2022-02-03 19:06:16,2022-02-03 19:19:36,0,2022-02-03 19:06:16,Sblock Lp Restore: K4L37S3 : UNCERTAIN : CSA(23195) has unusual jgt_pilot_shutoffs.judge_result(5) ,1
327,2,814925,2022-02-03 19:06:16,2022-02-03 19:19:36,4,2022-02-03 19:06:16,Sblock Lp Restore: K4L37S4 : D : CSA(23229)$#COMMA# A(lp=2.325$#COMMA# time=2022/02/03 19:11:16$#COMMA# data_type=0)$#COMMA# B(lp=2.325$#COMMA# time=2022/02/03 19:16:16$#COMMA# data_type=0)$#COMMA# a=0.0$#COMMA# b=2.325 ,1
328,2,814955,2022-02-03 19:06:16,2022-02-03 19:19:36,0,2022-02-03 19:06:16,Sblock Lp Restore: K5L4S1 : UNCERTAIN : CSA(24141) has unusual jgt_pilot_shutoffs.judge_result(5) ,1
329,2,814956,2022-02-03 19:06:16,2022-02-03 19:19:37,0,2022-02-03 19:06:16,Sblock Lp Restore: K5L5S1 : UNCERTAIN : CSA(24231) has unusual jgt_pilot_shutoffs.judge_result(5) ,1
330,2,814957,2022-02-03 19:06:16,2022-02-03 19:19:37,0,2022-02-03 19:06:16,Sblock Lp Restore: K5L5S2 : UNCERTAIN : CSA(24224) has unusual jgt_pilot_shutoffs.judge_result(5) ,1
331,2,814958,2022-02-03 19:06:16,2022-02-03 19:19:37,0,2022-02-03 19:06:16,Sblock Lp Restore: K5L5S3 : UNCERTAIN : CSA(24233) has unusual jgt_pilot_shutoffs.judge_result(5) ,1
332,2,814960,2022-02-03 19:06:16,2022-02-03 19:19:37,3,2022-02-03 19:06:16,Sblock Lp Restore: K5L5S8 : C : CSA(24241)$#COMMA# A(lp=2.26500000000000001$#COMMA# time=2022/02/03 19:11:16$#COMMA# data_type=0)$#COMMA# B(lp=2.165$#COMMA# time=2022/02/03 19:16:16$#COMMA# data_type=0)$#COMMA# a=-0.0003333333333333333$#COMMA# b=2.365 ,1
333,2,814961,2022-02-03 19:06:16,2022-02-03 19:19:37,4,2022-02-03 19:06:16,Sblock Lp Restore: K5L5S9 : D : CSA(24249)$#COMMA# A(lp=2.325$#COMMA# time=2022/02/03 19:11:16$#COMMA# data_type=0)$#COMMA# B(lp=2.325$#COMMA# time=2022/02/03 19:16:16$#COMMA# data_type=0)$#COMMA# a=0.0$#COMMA# b=2.325 ,1
334,2,814962,2022-02-03 19:06:16,NULL,0,2022-02-03 19:06:16,Sblock Lp Restore: K5L5S11 : UNCERTAIN : could not get lp. ,1
335,2,814983,2022-02-03 19:06:16,2022-02-03 19:19:37,0,2022-02-03 19:06:16,Sblock Lp Restore: K5L9S1 : UNCERTAIN : CSA(24545) has unusual jgt_pilot_shutoffs.judge_result(5) ,1
336,2,814984,2022-02-03 19:06:16,2022-02-03 19:19:37,4,2022-02-03 19:06:16,Sblock Lp Restore: K5L9S2 : D : CSA(24585)$#COMMA# A(lp=2.325$#COMMA# time=2022/02/03 19:11:16$#COMMA# data_type=0)$#COMMA# B(lp=2.325$#COMMA# time=2022/02/03 19:16:16$#COMMA# data_type=0)$#COMMA# a=0.0$#COMMA# b=2.325 ,1
337,2,814985,2022-02-03 19:06:16,2022-02-03 19:19:37,0,2022-02-03 19:06:16,Sblock Lp Restore: K5L10S1 : UNCERTAIN : CSA(24624) has unusual jgt_pilot_shutoffs.judge_result(5) ,1
338,2,814986,2022-02-03 19:06:16,2022-02-03 19:19:37,0,2022-02-03 19:06:16,Sblock Lp Restore: K5L10S2 : UNCERTAIN : CSA(24629) has unusual jgt_pilot_shutoffs.judge_result(5) ,1
339,2,814987,2022-02-03 19:06:16,2022-02-03 19:19:37,4,2022-02-03 19:06:16,Sblock Lp Restore: K5L10S4 : D : CSA(24642)$#COMMA# A(lp=2.325$#COMMA# time=2022/02/03 19:11:16$#COMMA# data_type=0)$#COMMA# B(lp=2.325$#COMMA# time=2022/02/03 19:16:16$#COMMA# data_type=0)$#COMMA# a=0.0$#COMMA# b=2.325 ,1
340,2,814988,2022-02-03 19:06:16,2022-02-03 19:19:37,4,2022-02-03 19:06:16,Sblock Lp Restore: K5L10S5 : D : CSA(24511)$#COMMA# A(lp=2.325$#COMMA# time=2022/02/03 19:11:16$#COMMA# data_type=0)$#COMMA# B(lp=2.325$#COMMA# time=2022/02/03 19:16:16$#COMMA# data_type=0)$#COMMA# a=0.0$#COMMA# b=2.325 ,1
341,2,814989,2022-02-03 19:06:16,2022-02-03 19:19:37,4,2022-02-03 19:06:16,Sblock Lp Restore: K5L10S6 : D : CSA(20912)$#COMMA# A(lp=2.325$#COMMA# time=2022/02/03 19:11:16$#COMMA# data_type=0)$#COMMA# B(lp=2.325$#COMMA# time=2022/02/03 19:16:16$#COMMA# data_type=0)$#COMMA# a=0.0$#COMMA# b=2.325 ,1
342,2,814990,2022-02-03 19:06:16,2022-02-03 19:19:37,4,2022-02-03 19:06:16,Sblock Lp Restore: K5L10S7 : D : CSA(21166)$#COMMA# A(lp=2.325$#COMMA# time=2022/02/03 19:11:16$#COMMA# data_type=0)$#COMMA# B(lp=2.325$#COMMA# time=2022/02/03 19:16:16$#COMMA# data_type=0)$#COMMA# a=0.0$#COMMA# b=2.325 ,1
343,2,815015,2022-02-03 19:06:16,2022-02-03 19:19:37,0,2022-02-03 19:06:16,Sblock Lp Restore: K5L16S1 : UNCERTAIN : CSA(24007) has unusual jgt_pilot_shutoffs.judge_result(5) ,1
344,2,815016,2022-02-03 19:06:16,2022-02-03 19:19:37,0,2022-02-03 19:06:16,Sblock Lp Restore: K5L16S2 : UNCERTAIN : CSA(24011) has unusual jgt_pilot_shutoffs.judge_result(5) ,1
345,2,815017,2022-02-03 19:06:16,2022-02-03 19:19:38,4,2022-02-03 19:06:16,Sblock Lp Restore: K5L16S3 : D : CSA(24056)$#COMMA# A(lp=2.325$#COMMA# time=2022/02/03 19:11:16$#COMMA# data_type=0)$#COMMA# B(lp=2.325$#COMMA# time=2022/02/03 19:16:16$#COMMA# data_type=0)$#COMMA# a=0.0$#COMMA# b=2.325 ,1
346,2,815018,2022-02-03 19:06:16,2022-02-03 19:19:38,0,2022-02-03 19:06:16,Sblock Lp Restore: K5L16S6 : UNCERTAIN : CSA(24013) has unusual jgt_pilot_shutoffs.judge_result(5) ,1
347,2,815019,2022-02-03 19:06:16,2022-02-03 19:19:38,0,2022-02-03 19:06:16,Sblock Lp Restore: K5L16S7 : UNCERTAIN : CSA(24006) has unusual jgt_pilot_shutoffs.judge_result(5) ,1
348,2,815021,2022-02-03 19:06:16,2022-02-03 19:19:38,0,2022-02-03 19:06:16,Sblock Lp Restore: K5L17S2 : UNCERTAIN : CSA(24257) has unusual jgt_pilot_shutoffs.judge_result(5) ,1
349,2,815022,2022-02-03 19:06:16,2022-02-03 19:19:38,4,2022-02-03 19:06:16,Sblock Lp Restore: K5L17S3 : D : CSA(24274)$#COMMA# A(lp=2.325$#COMMA# time=2022/02/03 19:11:16$#COMMA# data_type=0)$#COMMA# B(lp=2.325$#COMMA# time=2022/02/03 19:16:16$#COMMA# data_type=0)$#COMMA# a=0.0$#COMMA# b=2.325 ,1
350,2,815023,2022-02-03 19:06:16,2022-02-03 19:19:38,0,2022-02-03 19:06:16,Sblock Lp Restore: K5L17S4 : UNCERTAIN : CSA(24282) has unusual jgt_pilot_shutoffs.judge_result(5) ,1
351,2,815024,2022-02-03 19:06:16,2022-02-03 19:19:38,0,2022-02-03 19:06:16,Sblock Lp Restore: K5L17S5 : UNCERTAIN : CSA(24110) has unusual jgt_pilot_shutoffs.judge_result(5) ,1
352,2,815036,2022-02-03 19:06:16,2022-02-03 19:19:38,0,2022-02-03 19:06:16,Sblock Lp Restore: K5L22S1 : UNCERTAIN : CSA(24154) has unusual jgt_pilot_shutoffs.judge_result(5) ,1
353,2,815037,2022-02-03 19:06:16,2022-02-03 19:19:38,0,2022-02-03 19:06:16,Sblock Lp Restore: K5L22S2 : UNCERTAIN : CSA(24144) has unusual jgt_pilot_shutoffs.judge_result(5) ,1
354,2,815038,2022-02-03 19:06:16,2022-02-03 19:19:38,0,2022-02-03 19:06:16,Sblock Lp Restore: K5L22S3 : UNCERTAIN : CSA(24147) has unusual jgt_pilot_shutoffs.judge_result(5) ,1
355,2,815039,2022-02-03 19:06:16,2022-02-03 19:19:38,4,2022-02-03 19:06:16,Sblock Lp Restore: K5L22S5 : D : CSA(24175)$#COMMA# A(lp=2.325$#COMMA# time=2022/02/03 19:11:16$#COMMA# data_type=0)$#COMMA# B(lp=2.325$#COMMA# time=2022/02/03 19:16:16$#COMMA# data_type=0)$#COMMA# a=0.0$#COMMA# b=2.325 ,1
356,2,815043,2022-02-03 19:06:16,2022-02-03 19:19:39,0,2022-02-03 19:06:16,Sblock Lp Restore: K5L26S1 : UNCERTAIN : CSA(24548) has unusual jgt_pilot_shutoffs.judge_result(5) ,1
357,2,815044,2022-02-03 19:06:16,2022-02-03 19:19:39,4,2022-02-03 19:06:16,Sblock Lp Restore: K5L26S2 : D : CSA(24588)$#COMMA# A(lp=2.325$#COMMA# time=2022/02/03 19:11:16$#COMMA# data_type=0)$#COMMA# B(lp=2.325$#COMMA# time=2022/02/03 19:16:16$#COMMA# data_type=0)$#COMMA# a=0.0$#COMMA# b=2.325 ,1
358,2,815045,2022-02-03 19:06:16,2022-02-03 19:19:39,0,2022-02-03 19:06:16,Sblock Lp Restore: K5L26S3 : UNCERTAIN : CSA(24578) has unusual jgt_pilot_shutoffs.judge_result(5) ,1
359,2,815046,2022-02-03 19:06:16,2022-02-03 19:19:39,0,2022-02-03 19:06:16,Sblock Lp Restore: K5L26S4 : UNCERTAIN : CSA(24577) has unusual jgt_pilot_shutoffs.judge_result(5) ,1
360,2,815047,2022-02-03 19:06:16,2022-02-03 19:19:39,4,2022-02-03 19:06:16,Sblock Lp Restore: K5L26S5 : D : CSA(24596)$#COMMA# A(lp=2.325$#COMMA# time=2022/02/03 19:11:16$#COMMA# data_type=0)$#COMMA# B(lp=2.325$#COMMA# time=2022/02/03 19:16:16$#COMMA# data_type=0)$#COMMA# a=0.0$#COMMA# b=2.325 ,1
361,2,815048,2022-02-03 19:06:16,2022-02-03 19:19:39,4,2022-02-03 19:06:16,Sblock Lp Restore: K5L26S6 : D : CSA(24586)$#COMMA# A(lp=2.325$#COMMA# time=2022/02/03 19:11:16$#COMMA# data_type=0)$#COMMA# B(lp=2.325$#COMMA# time=2022/02/03 19:16:16$#COMMA# data_type=0)$#COMMA# a=0.0$#COMMA# b=2.325 ,1
362,2,815049,2022-02-03 19:06:16,2022-02-03 19:19:39,4,2022-02-03 19:06:16,Sblock Lp Restore: K5L26S7 : D : CSA(24580)$#COMMA# A(lp=2.325$#COMMA# time=2022/02/03 19:11:16$#COMMA# data_type=0)$#COMMA# B(lp=2.325$#COMMA# time=2022/02/03 19:16:16$#COMMA# data_type=0)$#COMMA# a=0.0$#COMMA# b=2.325 ,1
363,2,815050,2022-02-03 19:06:16,2022-02-03 19:19:39,0,2022-02-03 19:06:16,Sblock Lp Restore: K5L26S8 : UNCERTAIN : CSA(24546) has unusual jgt_pilot_shutoffs.judge_result(5) ,1
364,2,815094,2022-02-03 19:06:16,2022-02-03 19:19:40,0,2022-02-03 19:06:16,Sblock Lp Restore: K6L5S1 : UNCERTAIN : CSA(24985) has unusual jgt_pilot_shutoffs.judge_result(5) ,1
365,2,815095,2022-02-03 19:06:16,2022-02-03 19:19:40,0,2022-02-03 19:06:16,Sblock Lp Restore: K6L5S2 : UNCERTAIN : CSA(25100) has unusual jgt_pilot_shutoffs.judge_result(5) ,1
366,2,815096,2022-02-03 19:06:16,2022-02-03 19:19:40,0,2022-02-03 19:06:16,Sblock Lp Restore: K6L5S3 : UNCERTAIN : CSA(25103) has unusual jgt_pilot_shutoffs.judge_result(5) ,1
367,2,815130,2022-02-03 19:06:16,2022-02-03 19:19:40,0,2022-02-03 19:06:16,Sblock Lp Restore: K6L9S1 : UNCERTAIN : CSA(25381) has unusual jgt_pilot_shutoffs.judge_result(5) ,1
368,2,815131,2022-02-03 19:06:16,2022-02-03 19:19:40,4,2022-02-03 19:06:16,Sblock Lp Restore: K6L9S2 : D : CSA(25409)$#COMMA# A(lp=2.325$#COMMA# time=2022/02/03 19:11:16$#COMMA# data_type=0)$#COMMA# B(lp=2.325$#COMMA# time=2022/02/03 19:16:16$#COMMA# data_type=0)$#COMMA# a=0.0$#COMMA# b=2.325 ,1
369,2,815132,2022-02-03 19:06:16,2022-02-03 19:19:40,4,2022-02-03 19:06:16,Sblock Lp Restore: K6L9S5 : D : CSA(25410)$#COMMA# A(lp=2.325$#COMMA# time=2022/02/03 19:11:16$#COMMA# data_type=0)$#COMMA# B(lp=2.325$#COMMA# time=2022/02/03 19:16:16$#COMMA# data_type=0)$#COMMA# a=0.0$#COMMA# b=2.325 ,1
370,2,815133,2022-02-03 19:06:16,2022-02-03 19:19:41,4,2022-02-03 19:06:16,Sblock Lp Restore: K6L9S6 : D : CSA(25387)$#COMMA# A(lp=2.325$#COMMA# time=2022/02/03 19:11:16$#COMMA# data_type=0)$#COMMA# B(lp=2.325$#COMMA# time=2022/02/03 19:16:16$#COMMA# data_type=0)$#COMMA# a=0.0$#COMMA# b=2.325 ,1
371,2,815142,2022-02-03 19:06:16,2022-02-03 19:19:41,0,2022-02-03 19:06:16,Sblock Lp Restore: K6L11S1 : UNCERTAIN : CSA(25492) has unusual jgt_pilot_shutoffs.judge_result(5) ,1
372,2,815143,2022-02-03 19:06:16,2022-02-03 19:19:41,0,2022-02-03 19:06:16,Sblock Lp Restore: K6L11S2 : UNCERTAIN : CSA(25512) has unusual jgt_pilot_shutoffs.judge_result(5) ,1
373,2,815144,2022-02-03 19:06:16,2022-02-03 19:19:41,4,2022-02-03 19:06:16,Sblock Lp Restore: K6L11S3 : D : CSA(20581)$#COMMA# A(lp=2.325$#COMMA# time=2022/02/03 19:11:16$#COMMA# data_type=0)$#COMMA# B(lp=2.325$#COMMA# time=2022/02/03 19:16:16$#COMMA# data_type=0)$#COMMA# a=0.0$#COMMA# b=2.325 ,1
374,2,815163,2022-02-03 19:06:16,2022-02-03 19:19:41,4,2022-02-03 19:06:16,Sblock Lp Restore: K6L17S1 : D : CSA(25315)$#COMMA# A(lp=2.325$#COMMA# time=2022/02/03 19:11:16$#COMMA# data_type=0)$#COMMA# B(lp=2.325$#COMMA# time=2022/02/03 19:16:16$#COMMA# data_type=0)$#COMMA# a=0.0$#COMMA# b=2.325 ,1
375,2,815167,2022-02-03 19:06:16,2022-02-03 19:19:41,4,2022-02-03 19:06:16,Sblock Lp Restore: K6L17S5 : D : CSA(25349)$#COMMA# A(lp=2.325$#COMMA# time=2022/02/03 19:11:16$#COMMA# data_type=0)$#COMMA# B(lp=2.325$#COMMA# time=2022/02/03 19:16:16$#COMMA# data_type=0)$#COMMA# a=0.0$#COMMA# b=2.325 ,1
376,2,815169,2022-02-03 19:06:16,2022-02-03 19:19:41,0,2022-02-03 19:06:16,Sblock Lp Restore: K6L17S7 : UNCERTAIN : CSA(25340) has unusual jgt_pilot_shutoffs.judge_result(5) ,1
377,2,815231,2022-02-03 19:06:16,2022-02-03 19:19:41,1,2022-02-03 19:06:16,Sblock Lp Restore: K6L26S1 : A : CSA(25745)$#COMMA# A(lp=2.3170000000000001$#COMMA# time=2022/02/03 19:11:16$#COMMA# data_type=0)$#COMMA# B(lp=1.517$#COMMA# time=2022/02/03 19:16:16$#COMMA# data_type=0)$#COMMA# a=-0.0026666666666666666$#COMMA# b=3.117 ,1
378,2,815232,2022-02-03 19:06:16,2022-02-03 19:19:41,4,2022-02-03 19:06:16,Sblock Lp Restore: K6L26S2 : D : CSA(25747)$#COMMA# A(lp=2.325$#COMMA# time=2022/02/03 19:11:16$#COMMA# data_type=0)$#COMMA# B(lp=2.325$#COMMA# time=2022/02/03 19:16:16$#COMMA# data_type=0)$#COMMA# a=0.0$#COMMA# b=2.325 ,1
379,2,815245,2022-02-03 19:06:16,2022-02-03 19:19:41,4,2022-02-03 19:06:16,Sblock Lp Restore: K6L29S1 : D : CSA(24981)$#COMMA# A(lp=2.325$#COMMA# time=2022/02/03 19:11:16$#COMMA# data_type=0)$#COMMA# B(lp=2.325$#COMMA# time=2022/02/03 19:16:16$#COMMA# data_type=0)$#COMMA# a=0.0$#COMMA# b=2.325 ,1
380,2,815246,2022-02-03 19:06:16,2022-02-03 19:19:41,0,2022-02-03 19:06:16,Sblock Lp Restore: K6L29S2 : UNCERTAIN : CSA(24983) has unusual jgt_pilot_shutoffs.judge_result(5) ,1
381,2,815248,2022-02-03 19:06:16,2022-02-03 19:19:42,0,2022-02-03 19:06:16,Sblock Lp Restore: K6L29S5 : UNCERTAIN : CSA(24993) has unusual jgt_pilot_shutoffs.judge_result(5) ,1
382,2,815251,2022-02-03 19:06:16,2022-02-03 19:19:42,0,2022-02-03 19:06:16,Sblock Lp Restore: K6L29S10 : UNCERTAIN : CSA(25020) has unusual jgt_pilot_shutoffs.judge_result(5) ,1
383,2,815252,2022-02-03 19:06:16,2022-02-03 19:19:42,0,2022-02-03 19:06:16,Sblock Lp Restore: K6L29S13 : UNCERTAIN : CSA(25446) has unusual jgt_pilot_shutoffs.judge_result(5) ,1
384,2,815253,2022-02-03 19:06:16,2022-02-03 19:19:42,4,2022-02-03 19:06:16,Sblock Lp Restore: K6L29S14 : D : CSA(25045)$#COMMA# A(lp=2.325$#COMMA# time=2022/02/03 19:11:16$#COMMA# data_type=0)$#COMMA# B(lp=2.325$#COMMA# time=2022/02/03 19:16:16$#COMMA# data_type=0)$#COMMA# a=0.0$#COMMA# b=2.325 ,1
385,2,815254,2022-02-03 19:06:16,2022-02-03 19:19:42,4,2022-02-03 19:06:16,Sblock Lp Restore: K6L29S15 : D : CSA(24982)$#COMMA# A(lp=2.325$#COMMA# time=2022/02/03 19:11:16$#COMMA# data_type=0)$#COMMA# B(lp=2.325$#COMMA# time=2022/02/03 19:16:16$#COMMA# data_type=0)$#COMMA# a=0.0$#COMMA# b=2.325 ,1
386,2,815263,2022-02-03 19:06:16,2022-02-03 19:19:42,0,2022-02-03 19:06:16,Sblock Lp Restore: K6L34S1 : UNCERTAIN : CSA(25638) has unusual jgt_pilot_shutoffs.judge_result(5) ,1
387,2,815264,2022-02-03 19:06:16,2022-02-03 19:19:43,4,2022-02-03 19:06:16,Sblock Lp Restore: K6L34S2 : D : CSA(25643)$#COMMA# A(lp=2.325$#COMMA# time=2022/02/03 19:11:16$#COMMA# data_type=0)$#COMMA# B(lp=2.325$#COMMA# time=2022/02/03 19:16:16$#COMMA# data_type=0)$#COMMA# a=0.0$#COMMA# b=2.325 ,1
388,2,815265,2022-02-03 19:06:16,2022-02-03 19:19:43,0,2022-02-03 19:06:16,Sblock Lp Restore: K6L34S3 : UNCERTAIN : CSA(25636) has unusual jgt_pilot_shutoffs.judge_result(5) ,1
389,2,815266,2022-02-03 19:06:16,2022-02-03 19:19:43,0,2022-02-03 19:06:16,Sblock Lp Restore: K6L34S4 : UNCERTAIN : CSA(25644) has unusual jgt_pilot_shutoffs.judge_result(5) ,1
390,2,815267,2022-02-03 19:06:16,2022-02-03 19:19:43,0,2022-02-03 19:06:16,Sblock Lp Restore: K6L34S5 : UNCERTAIN : CSA(25639) has unusual jgt_pilot_shutoffs.judge_result(5) ,1
391,2,815268,2022-02-03 19:06:16,2022-02-03 19:19:43,4,2022-02-03 19:06:16,Sblock Lp Restore: K6L34S7 : D : CSA(25659)$#COMMA# A(lp=2.325$#COMMA# time=2022/02/03 19:11:16$#COMMA# data_type=0)$#COMMA# B(lp=2.325$#COMMA# time=2022/02/03 19:16:16$#COMMA# data_type=0)$#COMMA# a=0.0$#COMMA# b=2.325 ,1
392,2,815356,2022-02-03 19:06:16,2022-02-03 19:19:43,0,2022-02-03 19:06:16,Sblock Lp Restore: K7L11S1 : UNCERTAIN : CSA(26253) has unusual jgt_pilot_shutoffs.judge_result(5) ,1
393,2,815357,2022-02-03 19:06:16,2022-02-03 19:19:43,0,2022-02-03 19:06:16,Sblock Lp Restore: K7L11S3 : UNCERTAIN : CSA(26252) has unusual jgt_pilot_shutoffs.judge_result(5) ,1
394,2,815369,2022-02-03 19:06:16,2022-02-03 19:19:43,4,2022-02-03 19:06:16,Sblock Lp Restore: K7L17S1 : D : CSA(26105)$#COMMA# A(lp=2.325$#COMMA# time=2022/02/03 19:11:16$#COMMA# data_type=0)$#COMMA# B(lp=2.325$#COMMA# time=2022/02/03 19:16:16$#COMMA# data_type=0)$#COMMA# a=0.0$#COMMA# b=2.325 ,1
395,2,815370,2022-02-03 19:06:16,2022-02-03 19:19:43,4,2022-02-03 19:06:16,Sblock Lp Restore: K7L18S1 : D : CSA(26166)$#COMMA# A(lp=2.325$#COMMA# time=2022/02/03 19:11:16$#COMMA# data_type=0)$#COMMA# B(lp=2.325$#COMMA# time=2022/02/03 19:16:16$#COMMA# data_type=0)$#COMMA# a=0.0$#COMMA# b=2.325 ,1
396,2,815371,2022-02-03 19:06:16,2022-02-03 19:19:44,0,2022-02-03 19:06:16,Sblock Lp Restore: K7L19S1 : UNCERTAIN : CSA(26060) has unusual jgt_pilot_shutoffs.judge_result(5) ,1
397,2,815372,2022-02-03 19:06:16,2022-02-03 19:19:44,4,2022-02-03 19:06:16,Sblock Lp Restore: K7L19S2 : D : CSA(26084)$#COMMA# A(lp=2.325$#COMMA# time=2022/02/03 19:11:16$#COMMA# data_type=0)$#COMMA# B(lp=2.325$#COMMA# time=2022/02/03 19:16:16$#COMMA# data_type=0)$#COMMA# a=0.0$#COMMA# b=2.325 ,1
398,2,815373,2022-02-03 19:06:16,2022-02-03 19:19:44,4,2022-02-03 19:06:16,Sblock Lp Restore: K7L19S3 : D : CSA(26083)$#COMMA# A(lp=2.325$#COMMA# time=2022/02/03 19:11:16$#COMMA# data_type=0)$#COMMA# B(lp=2.325$#COMMA# time=2022/02/03 19:16:16$#COMMA# data_type=0)$#COMMA# a=0.0$#COMMA# b=2.325 ,1
399,2,815418,2022-02-03 19:06:16,2022-02-03 19:19:44,0,2022-02-03 19:06:16,Sblock Lp Restore: K8L13S1 : UNCERTAIN : CSA(26304) has unusual jgt_pilot_shutoffs.judge_result(5) ,1
400,2,815419,2022-02-03 19:06:16,2022-02-03 19:19:44,0,2022-02-03 19:06:16,Sblock Lp Restore: K8L13S2 : UNCERTAIN : CSA(26328) has unusual jgt_pilot_shutoffs.judge_result(5) ,1
401,2,815420,2022-02-03 19:06:16,2022-02-03 19:19:44,0,2022-02-03 19:06:16,Sblock Lp Restore: K8L13S3 : UNCERTAIN : CSA(26331) has unusual jgt_pilot_shutoffs.judge_result(5) ,1
402,2,815421,2022-02-03 19:06:16,2022-02-03 19:19:44,4,2022-02-03 19:06:16,Sblock Lp Restore: K8L13S5 : D : CSA(21355)$#COMMA# A(lp=2.325$#COMMA# time=2022/02/03 19:11:16$#COMMA# data_type=0)$#COMMA# B(lp=2.325$#COMMA# time=2022/02/03 19:16:16$#COMMA# data_type=0)$#COMMA# a=0.0$#COMMA# b=2.325 ,1
403,2,815447,2022-02-03 19:06:16,2022-02-03 19:19:44,0,2022-02-03 19:06:16,Sblock Lp Restore: K8L18S1 : UNCERTAIN : CSA(26647) has unusual jgt_pilot_shutoffs.judge_result(5) ,1
404,2,815448,2022-02-03 19:06:16,2022-02-03 19:19:44,4,2022-02-03 19:06:16,Sblock Lp Restore: K8L18S6 : D : CSA(26705)$#COMMA# A(lp=2.325$#COMMA# time=2022/02/03 19:11:16$#COMMA# data_type=0)$#COMMA# B(lp=2.325$#COMMA# time=2022/02/03 19:16:16$#COMMA# data_type=0)$#COMMA# a=0.0$#COMMA# b=2.325 ,1
405,2,815449,2022-02-03 19:06:16,2022-02-03 19:19:44,4,2022-02-03 19:06:16,Sblock Lp Restore: K8L18S7 : D : CSA(26700)$#COMMA# A(lp=2.325$#COMMA# time=2022/02/03 19:11:16$#COMMA# data_type=0)$#COMMA# B(lp=2.325$#COMMA# time=2022/02/03 19:16:16$#COMMA# data_type=0)$#COMMA# a=0.0$#COMMA# b=2.325 ,1
406,2,815450,2022-02-03 19:06:16,2022-02-03 19:19:44,4,2022-02-03 19:06:16,Sblock Lp Restore: K8L18S8 : D : CSA(26690)$#COMMA# A(lp=2.325$#COMMA# time=2022/02/03 19:11:16$#COMMA# data_type=0)$#COMMA# B(lp=2.325$#COMMA# time=2022/02/03 19:16:16$#COMMA# data_type=0)$#COMMA# a=0.0$#COMMA# b=2.325 ,1
407,2,815451,2022-02-03 19:06:16,2022-02-03 19:19:44,4,2022-02-03 19:06:16,Sblock Lp Restore: K8L18S9 : D : CSA(26697)$#COMMA# A(lp=2.325$#COMMA# time=2022/02/03 19:11:16$#COMMA# data_type=0)$#COMMA# B(lp=2.325$#COMMA# time=2022/02/03 19:16:16$#COMMA# data_type=0)$#COMMA# a=0.0$#COMMA# b=2.325 ,1
408,2,815467,2022-02-03 19:06:16,2022-02-03 19:19:45,0,2022-02-03 19:06:16,Sblock Lp Restore: K9L3S1 : UNCERTAIN : CSA(26815) has unusual jgt_pilot_shutoffs.judge_result(5) ,1
409,2,815468,2022-02-03 19:06:16,2022-02-03 19:19:45,0,2022-02-03 19:06:16,Sblock Lp Restore: K9L3S2 : UNCERTAIN : CSA(26843) has unusual jgt_pilot_shutoffs.judge_result(5) ,1
410,2,815469,2022-02-03 19:06:16,2022-02-03 19:19:45,0,2022-02-03 19:06:16,Sblock Lp Restore: K9L3S3 : UNCERTAIN : CSA(26820) has unusual jgt_pilot_shutoffs.judge_result(5) ,1
411,2,815470,2022-02-03 19:06:16,2022-02-03 19:19:45,4,2022-02-03 19:06:16,Sblock Lp Restore: K9L3S4 : D : CSA(26839)$#COMMA# A(lp=2.325$#COMMA# time=2022/02/03 19:11:16$#COMMA# data_type=0)$#COMMA# B(lp=2.325$#COMMA# time=2022/02/03 19:16:16$#COMMA# data_type=0)$#COMMA# a=0.0$#COMMA# b=2.325 ,1
412,2,815471,2022-02-03 19:06:16,2022-02-03 19:19:45,0,2022-02-03 19:06:16,Sblock Lp Restore: K9L3S6 : UNCERTAIN : CSA(26840) has unusual jgt_pilot_shutoffs.judge_result(5) ,1
413,2,815472,2022-02-03 19:06:16,2022-02-03 19:19:45,0,2022-02-03 19:06:16,Sblock Lp Restore: K9L3S7 : UNCERTAIN : CSA(26841) has unusual jgt_pilot_shutoffs.judge_result(5) ,1
414,2,815473,2022-02-03 19:06:16,2022-02-03 19:19:45,4,2022-02-03 19:06:16,Sblock Lp Restore: K9L3S8 : D : CSA(26847)$#COMMA# A(lp=2.325$#COMMA# time=2022/02/03 19:11:16$#COMMA# data_type=0)$#COMMA# B(lp=2.325$#COMMA# time=2022/02/03 19:16:16$#COMMA# data_type=0)$#COMMA# a=0.0$#COMMA# b=2.325 ,1
415,2,815474,2022-02-03 19:06:16,2022-02-03 19:19:45,4,2022-02-03 19:06:16,Sblock Lp Restore: K9L3S9 : D : CSA(26849)$#COMMA# A(lp=2.325$#COMMA# time=2022/02/03 19:11:16$#COMMA# data_type=0)$#COMMA# B(lp=2.325$#COMMA# time=2022/02/03 19:16:16$#COMMA# data_type=0)$#COMMA# a=0.0$#COMMA# b=2.325 ,1
416,2,815475,2022-02-03 19:06:16,2022-02-03 19:19:45,0,2022-02-03 19:06:16,Sblock Lp Restore: K9L3S10 : UNCERTAIN : CSA(26856) has unusual jgt_pilot_shutoffs.judge_result(5) ,1
417,2,815477,2022-02-03 19:06:16,2022-02-03 19:19:46,4,2022-02-03 19:06:16,Sblock Lp Restore: K9L3S13 : D : CSA(20870)$#COMMA# A(lp=2.325$#COMMA# time=2022/02/03 19:11:16$#COMMA# data_type=0)$#COMMA# B(lp=2.325$#COMMA# time=2022/02/03 19:16:16$#COMMA# data_type=0)$#COMMA# a=0.0$#COMMA# b=2.325 ,1
418,2,815478,2022-02-03 19:06:16,2022-02-03 19:19:46,4,2022-02-03 19:06:16,Sblock Lp Restore: K9L3S14 : D : CSA(20758)$#COMMA# A(lp=2.325$#COMMA# time=2022/02/03 19:11:16$#COMMA# data_type=0)$#COMMA# B(lp=2.325$#COMMA# time=2022/02/03 19:16:16$#COMMA# data_type=0)$#COMMA# a=0.0$#COMMA# b=2.325 ,1
419,2,815479,2022-02-03 19:06:16,2022-02-03 19:19:46,0,2022-02-03 19:06:16,Sblock Lp Restore: K9L4S1 : UNCERTAIN : CSA(26811) has unusual jgt_pilot_shutoffs.judge_result(5) ,1
420,2,815480,2022-02-03 19:06:16,2022-02-03 19:19:46,4,2022-02-03 19:06:16,Sblock Lp Restore: K9L4S2 : D : CSA(26814)$#COMMA# A(lp=2.325$#COMMA# time=2022/02/03 19:11:16$#COMMA# data_type=0)$#COMMA# B(lp=2.325$#COMMA# time=2022/02/03 19:16:16$#COMMA# data_type=0)$#COMMA# a=0.0$#COMMA# b=2.325 ,1
421,2,815481,2022-02-03 19:06:16,2022-02-03 19:19:46,4,2022-02-03 19:06:16,Sblock Lp Restore: K9L4S3 : D : CSA(26810)$#COMMA# A(lp=2.325$#COMMA# time=2022/02/03 19:11:16$#COMMA# data_type=0)$#COMMA# B(lp=2.325$#COMMA# time=2022/02/03 19:16:16$#COMMA# data_type=0)$#COMMA# a=0.0$#COMMA# b=2.325 ,1
422,2,815482,2022-02-03 19:06:16,2022-02-03 19:19:46,4,2022-02-03 19:06:16,Sblock Lp Restore: K9L4S4 : D : CSA(26812)$#COMMA# A(lp=2.325$#COMMA# time=2022/02/03 19:11:16$#COMMA# data_type=0)$#COMMA# B(lp=2.325$#COMMA# time=2022/02/03 19:16:16$#COMMA# data_type=0)$#COMMA# a=0.0$#COMMA# b=2.325 ,1
423,2,815483,2022-02-03 19:06:16,2022-02-03 19:19:46,4,2022-02-03 19:06:16,Sblock Lp Restore: K9L4S5 : D : CSA(26813)$#COMMA# A(lp=2.325$#COMMA# time=2022/02/03 19:11:16$#COMMA# data_type=0)$#COMMA# B(lp=2.325$#COMMA# time=2022/02/03 19:16:16$#COMMA# data_type=0)$#COMMA# a=0.0$#COMMA# b=2.325 ,1
424,2,815485,2022-02-03 19:06:16,2022-02-03 19:19:46,2,2022-02-03 19:06:16,Sblock Lp Restore: K9L5S2 : B : CSA(26851)$#COMMA# A(lp=2.27$#COMMA# time=2022/02/03 19:11:16$#COMMA# data_type=0)$#COMMA# B(lp=1.97$#COMMA# time=2022/02/03 19:16:16$#COMMA# data_type=0)$#COMMA# a=-0.001$#COMMA# b=2.57 ,1
425,2,815486,2022-02-03 19:06:16,2022-02-03 19:19:46,4,2022-02-03 19:06:16,Sblock Lp Restore: K9L5S3 : D : CSA(26852)$#COMMA# A(lp=2.325$#COMMA# time=2022/02/03 19:11:16$#COMMA# data_type=0)$#COMMA# B(lp=2.325$#COMMA# time=2022/02/03 19:16:16$#COMMA# data_type=0)$#COMMA# a=0.0$#COMMA# b=2.325 ,1
426,2,815491,2022-02-03 19:06:16,2022-02-03 19:19:46,3,2022-02-03 19:06:16,Sblock Lp Restore: K20L1S6 : C : CSA(29612)$#COMMA# A(lp=2.26500000000000001$#COMMA# time=2022/02/03 19:11:16$#COMMA# data_type=0)$#COMMA# B(lp=2.165$#COMMA# time=2022/02/03 19:16:16$#COMMA# data_type=0)$#COMMA# a=-0.0003333333333333333$#COMMA# b=2.365 ,1
427,2,815496,2022-02-03 19:06:16,2022-02-03 19:19:46,3,2022-02-03 19:06:16,Sblock Lp Restore: K20L2S2 : C : CSA(29622)$#COMMA# A(lp=2.26500000000000001$#COMMA# time=2022/02/03 19:11:16$#COMMA# data_type=0)$#COMMA# B(lp=2.165$#COMMA# time=2022/02/03 19:16:16$#COMMA# data_type=0)$#COMMA# a=-0.0003333333333333333$#COMMA# b=2.365 ,1
428,2,815503,2022-02-03 19:06:16,2022-02-03 19:19:46,2,2022-02-03 19:06:16,Sblock Lp Restore: K20L4S2 : B : CSA(29657)$#COMMA# A(lp=2.27$#COMMA# time=2022/02/03 19:11:16$#COMMA# data_type=0)$#COMMA# B(lp=1.97$#COMMA# time=2022/02/03 19:16:16$#COMMA# data_type=0)$#COMMA# a=-0.001$#COMMA# b=2.57 ,1
429,2,815504,2022-02-03 19:06:16,2022-02-03 19:19:46,1,2022-02-03 19:06:16,Sblock Lp Restore: K20L4S3 : A : CSA(29632)$#COMMA# A(lp=2.3170000000000001$#COMMA# time=2022/02/03 19:11:16$#COMMA# data_type=0)$#COMMA# B(lp=1.517$#COMMA# time=2022/02/03 19:16:16$#COMMA# data_type=0)$#COMMA# a=-0.0026666666666666666$#COMMA# b=3.117 ,1
430,2,815565,2022-02-03 19:06:16,2022-02-03 19:19:47,4,2022-02-03 19:06:16,Sblock Lp Restore: K23L1S2 : D : CSA(29030)$#COMMA# A(lp=2.325$#COMMA# time=2022/02/03 19:11:16$#COMMA# data_type=0)$#COMMA# B(lp=2.325$#COMMA# time=2022/02/03 19:16:16$#COMMA# data_type=0)$#COMMA# a=0.0$#COMMA# b=2.325 ,1
431,2,815567,2022-02-03 19:06:16,2022-02-03 19:19:47,0,2022-02-03 19:06:16,Sblock Lp Restore: K23L1S4 : UNCERTAIN : CSA(29021) has unusual jgt_pilot_shutoffs.judge_result(5) ,1
432,2,815570,2022-02-03 19:06:16,2022-02-03 19:19:47,4,2022-02-03 19:06:16,Sblock Lp Restore: K23L2S3 : D : CSA(20810)$#COMMA# A(lp=2.325$#COMMA# time=2022/02/03 19:11:16$#COMMA# data_type=0)$#COMMA# B(lp=2.325$#COMMA# time=2022/02/03 19:16:16$#COMMA# data_type=0)$#COMMA# a=0.0$#COMMA# b=2.325 ,1
433,2,815573,2022-02-03 19:06:16,2022-02-03 19:19:47,4,2022-02-03 19:06:16,Sblock Lp Restore: K23L3S5 : D : CSA(29043)$#COMMA# A(lp=2.325$#COMMA# time=2022/02/03 19:11:16$#COMMA# data_type=0)$#COMMA# B(lp=2.325$#COMMA# time=2022/02/03 19:16:16$#COMMA# data_type=0)$#COMMA# a=0.0$#COMMA# b=2.325 ,1
434,2,815574,2022-02-03 19:06:16,2022-02-03 19:19:47,4,2022-02-03 19:06:16,Sblock Lp Restore: K23L3S6 : D : CSA(29044)$#COMMA# A(lp=2.325$#COMMA# time=2022/02/03 19:11:16$#COMMA# data_type=0)$#COMMA# B(lp=2.325$#COMMA# time=2022/02/03 19:16:16$#COMMA# data_type=0)$#COMMA# a=0.0$#COMMA# b=2.325 ,1
435,2,815578,2022-02-03 19:06:16,2022-02-03 19:19:47,4,2022-02-03 19:06:16,Sblock Lp Restore: K23L4S1 : D : CSA(29053)$#COMMA# A(lp=2.325$#COMMA# time=2022/02/03 19:11:16$#COMMA# data_type=0)$#COMMA# B(lp=2.325$#COMMA# time=2022/02/03 19:16:16$#COMMA# data_type=0)$#COMMA# a=0.0$#COMMA# b=2.325 ,1
436,2,815579,2022-02-03 19:06:16,2022-02-03 19:19:47,4,2022-02-03 19:06:16,Sblock Lp Restore: K23L4S2 : D : CSA(20459)$#COMMA# A(lp=2.325$#COMMA# time=2022/02/03 19:11:16$#COMMA# data_type=0)$#COMMA# B(lp=2.325$#COMMA# time=2022/02/03 19:16:16$#COMMA# data_type=0)$#COMMA# a=0.0$#COMMA# b=2.325 ,1
437,2,815580,2022-02-03 19:06:16,2022-02-03 19:19:47,2,2022-02-03 19:06:16,Sblock Lp Restore: K23L4S4 : B : CSA(29057)$#COMMA# A(lp=2.27$#COMMA# time=2022/02/03 19:11:16$#COMMA# data_type=0)$#COMMA# B(lp=1.97$#COMMA# time=2022/02/03 19:16:16$#COMMA# data_type=0)$#COMMA# a=-0.001$#COMMA# b=2.57 ,1
438,2,815581,2022-02-03 19:06:16,2022-02-03 19:19:47,4,2022-02-03 19:06:16,Sblock Lp Restore: K23L4S6 : D : CSA(20867)$#COMMA# A(lp=2.325$#COMMA# time=2022/02/03 19:11:16$#COMMA# data_type=0)$#COMMA# B(lp=2.325$#COMMA# time=2022/02/03 19:16:16$#COMMA# data_type=0)$#COMMA# a=0.0$#COMMA# b=2.325 ,1
439,2,815582,2022-02-03 19:06:16,2022-02-03 19:19:47,4,2022-02-03 19:06:16,Sblock Lp Restore: K23L4S7 : D : CSA(20991)$#COMMA# A(lp=2.325$#COMMA# time=2022/02/03 19:11:16$#COMMA# data_type=0)$#COMMA# B(lp=2.325$#COMMA# time=2022/02/03 19:16:16$#COMMA# data_type=0)$#COMMA# a=0.0$#COMMA# b=2.325 ,1
440,2,815616,2022-02-03 19:06:16,2022-02-03 19:19:48,4,2022-02-03 19:06:16,Sblock Lp Restore: K25L1S2 : D : CSA(27213)$#COMMA# A(lp=2.325$#COMMA# time=2022/02/03 19:11:16$#COMMA# data_type=0)$#COMMA# B(lp=2.325$#COMMA# time=2022/02/03 19:16:16$#COMMA# data_type=0)$#COMMA# a=0.0$#COMMA# b=2.325 ,1
441,2,815617,2022-02-03 19:06:16,2022-02-03 19:19:48,4,2022-02-03 19:06:16,Sblock Lp Restore: K25L1S5 : D : CSA(27216)$#COMMA# A(lp=2.325$#COMMA# time=2022/02/03 19:11:16$#COMMA# data_type=0)$#COMMA# B(lp=2.325$#COMMA# time=2022/02/03 19:16:16$#COMMA# data_type=0)$#COMMA# a=0.0$#COMMA# b=2.325 ,1
442,2,815621,2022-02-03 19:06:16,2022-02-03 19:19:48,0,2022-02-03 19:06:16,Sblock Lp Restore: K25L2S2 : UNCERTAIN : CSA(27182) has unusual jgt_pilot_shutoffs.judge_result(5) ,1
443,2,815652,2022-02-03 19:06:16,2022-02-03 19:19:48,4,2022-02-03 19:06:16,Sblock Lp Restore: K26L2S2 : D : CSA(27029)$#COMMA# A(lp=2.325$#COMMA# time=2022/02/03 19:11:16$#COMMA# data_type=0)$#COMMA# B(lp=2.325$#COMMA# time=2022/02/03 19:16:16$#COMMA# data_type=0)$#COMMA# a=0.0$#COMMA# b=2.325 ,1
444,2,815660,2022-02-03 19:06:16,2022-02-03 19:19:48,4,2022-02-03 19:06:16,Sblock Lp Restore: K26L5S1 : D : CSA(27088)$#COMMA# A(lp=2.325$#COMMA# time=2022/02/03 19:11:16$#COMMA# data_type=0)$#COMMA# B(lp=2.325$#COMMA# time=2022/02/03 19:16:16$#COMMA# data_type=0)$#COMMA# a=0.0$#COMMA# b=2.325 ,1
445,2,815663,2022-02-03 19:06:16,2022-02-03 19:19:48,4,2022-02-03 19:06:16,Sblock Lp Restore: K26L5S4 : D : CSA(28992)$#COMMA# A(lp=2.325$#COMMA# time=2022/02/03 19:11:16$#COMMA# data_type=0)$#COMMA# B(lp=2.325$#COMMA# time=2022/02/03 19:16:16$#COMMA# data_type=0)$#COMMA# a=0.0$#COMMA# b=2.325 ,1
446,2,815672,2022-02-03 19:06:16,2022-02-03 19:19:48,4,2022-02-03 19:06:16,Sblock Lp Restore: K26L5S13 : D : CSA(27042)$#COMMA# A(lp=2.325$#COMMA# time=2022/02/03 19:11:16$#COMMA# data_type=0)$#COMMA# B(lp=2.325$#COMMA# time=2022/02/03 19:16:16$#COMMA# data_type=0)$#COMMA# a=0.0$#COMMA# b=2.325 ,1
447,2,815677,2022-02-03 19:06:16,2022-02-03 19:19:48,2,2022-02-03 19:06:16,Sblock Lp Restore: K26L7S1 : B : CSA(27086)$#COMMA# A(lp=2.27$#COMMA# time=2022/02/03 19:11:16$#COMMA# data_type=0)$#COMMA# B(lp=1.97$#COMMA# time=2022/02/03 19:16:16$#COMMA# data_type=0)$#COMMA# a=-0.001$#COMMA# b=2.57 ,1
448,2,815684,2022-02-03 19:06:16,NULL,0,2022-02-03 19:06:16,Sblock Lp Restore: K90L1S1 : UNCERTAIN : could not get lp. ,1
449,2,815685,2022-02-03 19:06:16,NULL,0,2022-02-03 19:06:16,Sblock Lp Restore: K90L1S5 : UNCERTAIN : could not get lp. ,1
450,2,815686,2022-02-03 19:06:16,NULL,0,2022-02-03 19:06:16,Sblock Lp Restore: K90L1S6 : UNCERTAIN : could not get lp. ,1
