44428,0,0,0,0,NULL,NULL,NULL,NULL,NULL,NULL,NULL,1,0,0,0,NULL,NULL,0,0,0,0,0,0,NULL,0,0,0,0,0,15,3,NULL,NULL,NULL,0,0,0,NULL,NULL,NULL,NULL,0,0,0,NULL,NULL,NULL,1,0,0,0,NULL,NULL,0,0,1,0,0,0,NULL,NULL,NULL,NULL,NULL,0,0,NULL,NULL
44429,0,0,0,0,NULL,NULL,NULL,NULL,NULL,NULL,NULL,2,0,0,0,NULL,NULL,0,0,0,0,0,0,NULL,0,0,0,0,0,9,3,NULL,NULL,NULL,0,0,0,NULL,NULL,NULL,NULL,0,0,0,NULL,NULL,NULL,2,0,0,0,NULL,NULL,0,0,1,0,0,0,NULL,NULL,NULL,NULL,NULL,0,0,NULL,NULL
44430,0,0,0,0,NULL,NULL,NULL,NULL,NULL,NULL,NULL,3,0,0,0,NULL,NULL,0,0,0,0,0,0,NULL,0,0,0,0,0,12,3,NULL,NULL,NULL,0,0,0,NULL,NULL,NULL,NULL,0,0,0,NULL,NULL,NULL,3,0,0,0,NULL,NULL,0,0,1,0,0,0,NULL,NULL,NULL,NULL,NULL,0,0,NULL,NULL
44431,0,0,0,0,NULL,NULL,NULL,NULL,NULL,NULL,NULL,4,0,0,0,NULL,NULL,0,0,0,0,0,0,NULL,0,0,0,0,0,10,3,NULL,NULL,NULL,0,0,0,NULL,NULL,NULL,NULL,0,0,0,NULL,NULL,NULL,4,0,0,0,NULL,NULL,0,0,1,0,0,0,NULL,NULL,NULL,NULL,NULL,0,0,NULL,NULL
44432,0,0,0,0,NULL,NULL,NULL,NULL,NULL,NULL,NULL,5,0,0,0,NULL,NULL,0,0,0,0,0,0,NULL,0,0,0,0,0,17,3,NULL,NULL,NULL,0,0,0,NULL,NULL,NULL,NULL,0,0,0,NULL,NULL,NULL,5,0,0,0,NULL,NULL,0,0,1,0,0,0,NULL,NULL,NULL,NULL,NULL,0,0,NULL,NULL
44433,0,0,0,0,NULL,NULL,NULL,NULL,NULL,NULL,NULL,6,0,0,0,NULL,NULL,0,0,0,0,0,0,NULL,0,0,0,0,0,9,3,NULL,NULL,NULL,0,0,0,NULL,NULL,NULL,NULL,0,0,0,NULL,NULL,NULL,6,0,0,0,NULL,NULL,0,0,1,0,0,0,NULL,NULL,NULL,NULL,NULL,0,0,NULL,NULL
44434,0,0,0,0,NULL,NULL,NULL,NULL,NULL,NULL,NULL,7,0,0,0,NULL,NULL,0,0,0,0,0,0,NULL,0,0,0,0,0,12,3,NULL,NULL,NULL,0,0,0,NULL,NULL,NULL,NULL,0,0,0,NULL,NULL,NULL,7,0,0,0,NULL,NULL,0,0,1,0,0,0,NULL,NULL,NULL,NULL,NULL,0,0,NULL,NULL
44435,0,0,0,0,NULL,NULL,NULL,NULL,NULL,NULL,NULL,8,0,0,0,NULL,NULL,0,0,0,0,0,0,NULL,0,0,0,0,0,12,3,NULL,NULL,NULL,0,0,0,NULL,NULL,NULL,NULL,0,0,0,NULL,NULL,NULL,8,0,0,0,NULL,NULL,0,0,1,0,0,0,NULL,NULL,NULL,NULL,NULL,0,0,NULL,NULL
44436,0,0,1,-1,NULL,NULL,NULL,NULL,NULL,NULL,NULL,9,0,0,0,NULL,NULL,0,0,0,0,0,0,NULL,0,0,0,0,0,9,3,NULL,NULL,NULL,0,0,0,NULL,NULL,NULL,NULL,0,0,0,NULL,NULL,NULL,9,0,0,0,NULL,NULL,0,0,1,0,0,0,NULL,NULL,NULL,NULL,NULL,0,0,NULL,NULL
44437,0,0,1,-1,NULL,NULL,NULL,NULL,NULL,NULL,NULL,10,0,0,0,NULL,NULL,0,0,0,0,0,0,NULL,0,0,0,0,0,13,3,NULL,NULL,NULL,0,0,0,NULL,NULL,NULL,NULL,0,0,0,NULL,NULL,NULL,10,0,0,0,NULL,NULL,0,1,0,0,0,0,NULL,NULL,NULL,NULL,NULL,0,0,NULL,NULL
44438,0,0,0,0,NULL,NULL,NULL,NULL,NULL,NULL,NULL,11,0,0,0,NULL,NULL,0,0,0,0,0,0,NULL,0,0,0,0,0,11,3,NULL,NULL,NULL,0,0,0,NULL,NULL,NULL,NULL,0,0,0,NULL,NULL,NULL,11,0,0,0,NULL,NULL,0,0,1,0,0,0,NULL,NULL,NULL,NULL,NULL,0,0,NULL,NULL
44439,0,0,0,0,NULL,NULL,NULL,NULL,NULL,NULL,NULL,1,0,0,0,NULL,NULL,0,0,0,0,0,0,NULL,0,0,0,0,0,15,3,NULL,NULL,NULL,0,0,0,NULL,NULL,NULL,NULL,0,0,0,NULL,NULL,NULL,1,0,0,0,NULL,NULL,0,0,1,0,0,0,NULL,NULL,NULL,NULL,NULL,0,0,NULL,NULL
44440,0,0,0,0,NULL,NULL,NULL,NULL,NULL,NULL,NULL,2,0,0,0,NULL,NULL,0,0,0,0,0,0,NULL,0,0,0,0,0,30,3,NULL,NULL,NULL,0,0,0,NULL,NULL,NULL,NULL,0,0,0,NULL,NULL,NULL,2,0,0,0,NULL,NULL,0,0,1,0,0,0,NULL,NULL,NULL,NULL,NULL,0,0,NULL,NULL
44441,0,0,0,0,NULL,NULL,NULL,NULL,NULL,NULL,NULL,3,0,0,0,NULL,NULL,0,0,0,0,0,0,NULL,0,0,0,0,0,13,3,NULL,NULL,NULL,0,0,0,NULL,NULL,NULL,NULL,0,0,0,NULL,NULL,NULL,3,0,0,0,NULL,NULL,0,0,1,0,0,0,NULL,NULL,NULL,NULL,NULL,0,0,NULL,NULL
44442,0,0,0,0,NULL,NULL,NULL,NULL,NULL,NULL,NULL,4,0,0,0,NULL,NULL,0,0,0,0,0,0,NULL,0,0,0,0,0,11,3,NULL,NULL,NULL,0,0,0,NULL,NULL,NULL,NULL,0,0,0,NULL,NULL,NULL,4,0,0,0,NULL,NULL,0,0,1,0,0,0,NULL,NULL,NULL,NULL,NULL,0,0,NULL,NULL
44443,0,0,0,0,NULL,NULL,NULL,NULL,NULL,NULL,NULL,5,0,0,0,NULL,NULL,0,0,0,0,0,0,NULL,0,0,0,0,0,8,3,NULL,NULL,NULL,0,0,0,NULL,NULL,NULL,NULL,0,0,0,NULL,NULL,NULL,5,0,0,0,NULL,NULL,0,0,1,0,0,0,NULL,NULL,NULL,NULL,NULL,0,0,NULL,NULL
44444,0,0,0,0,NULL,NULL,NULL,NULL,NULL,NULL,NULL,6,0,0,0,NULL,NULL,0,0,0,0,0,0,NULL,0,0,0,0,0,9,3,NULL,NULL,NULL,0,0,0,NULL,NULL,NULL,NULL,0,0,0,NULL,NULL,NULL,6,0,0,0,NULL,NULL,0,0,1,0,0,0,NULL,NULL,NULL,NULL,NULL,0,0,NULL,NULL
44445,0,0,0,0,NULL,NULL,NULL,NULL,NULL,NULL,NULL,7,0,0,0,NULL,NULL,0,0,0,0,0,0,NULL,0,0,0,0,0,30,3,NULL,NULL,NULL,0,0,0,NULL,NULL,NULL,NULL,0,0,0,NULL,NULL,NULL,7,0,0,0,NULL,NULL,0,0,1,0,0,0,NULL,NULL,NULL,NULL,NULL,0,0,NULL,NULL
44446,0,0,0,0,NULL,NULL,NULL,NULL,NULL,NULL,NULL,8,0,0,0,NULL,NULL,0,0,0,0,0,0,NULL,0,0,0,0,0,19,3,NULL,NULL,NULL,0,0,0,NULL,NULL,NULL,NULL,0,0,0,NULL,NULL,NULL,8,0,0,0,NULL,NULL,0,0,1,0,0,0,NULL,NULL,NULL,NULL,NULL,0,0,NULL,NULL
44447,0,0,0,0,NULL,NULL,NULL,NULL,NULL,NULL,NULL,9,0,0,0,NULL,NULL,0,0,0,0,0,0,NULL,0,0,0,0,0,12,3,NULL,NULL,NULL,0,0,0,NULL,NULL,NULL,NULL,0,0,0,NULL,NULL,NULL,9,0,0,0,NULL,NULL,0,0,1,0,0,0,NULL,NULL,NULL,NULL,NULL,0,0,NULL,NULL
44448,0,0,0,0,NULL,NULL,NULL,NULL,NULL,NULL,NULL,10,0,0,0,NULL,NULL,0,0,0,0,0,0,NULL,0,0,0,0,0,11,3,NULL,NULL,NULL,0,0,0,NULL,NULL,NULL,NULL,0,0,0,NULL,NULL,NULL,10,0,0,0,NULL,NULL,0,0,1,0,0,0,NULL,NULL,NULL,NULL,NULL,0,0,NULL,NULL
44449,0,0,0,0,NULL,NULL,NULL,NULL,NULL,NULL,NULL,11,0,0,0,NULL,NULL,0,0,0,0,0,0,NULL,0,0,0,0,0,17,3,NULL,NULL,NULL,0,0,0,NULL,NULL,NULL,NULL,0,0,0,NULL,NULL,NULL,11,0,0,0,NULL,NULL,0,0,1,0,0,0,NULL,NULL,NULL,NULL,NULL,0,0,NULL,NULL
44450,0,0,0,0,NULL,NULL,NULL,NULL,NULL,NULL,NULL,1,0,0,0,NULL,NULL,0,0,0,0,0,0,NULL,0,0,0,0,0,14,3,NULL,NULL,NULL,0,0,0,NULL,NULL,NULL,NULL,0,0,0,NULL,NULL,NULL,1,0,0,0,NULL,NULL,0,0,1,0,0,0,NULL,NULL,NULL,NULL,NULL,0,0,NULL,NULL
44451,0,0,0,0,NULL,NULL,NULL,NULL,NULL,NULL,NULL,2,0,0,0,NULL,NULL,0,0,0,0,0,0,NULL,0,0,0,0,0,2,3,NULL,NULL,NULL,0,0,0,NULL,NULL,NULL,NULL,0,0,0,NULL,NULL,NULL,2,0,0,0,NULL,NULL,0,0,1,0,0,0,NULL,NULL,NULL,NULL,NULL,0,0,NULL,NULL
44452,0,0,0,0,NULL,NULL,NULL,NULL,NULL,NULL,NULL,3,0,0,0,NULL,NULL,0,0,0,0,0,0,NULL,0,0,0,0,0,3,3,NULL,NULL,NULL,0,0,0,NULL,NULL,NULL,NULL,0,0,0,NULL,NULL,NULL,3,0,0,0,NULL,NULL,0,0,1,0,0,0,NULL,NULL,NULL,NULL,NULL,0,0,NULL,NULL
44453,0,0,0,0,NULL,NULL,NULL,NULL,NULL,NULL,NULL,4,0,0,0,NULL,NULL,0,0,0,0,0,0,NULL,0,0,0,0,0,2,3,NULL,NULL,NULL,0,0,0,NULL,NULL,NULL,NULL,0,0,0,NULL,NULL,NULL,4,0,0,0,NULL,NULL,0,0,1,0,0,0,NULL,NULL,NULL,NULL,NULL,0,0,NULL,NULL
44454,0,0,0,0,NULL,NULL,NULL,NULL,NULL,NULL,NULL,5,0,0,0,NULL,NULL,0,0,0,0,0,0,NULL,0,0,0,0,0,3,3,NULL,NULL,NULL,0,0,0,NULL,NULL,NULL,NULL,0,0,0,NULL,NULL,NULL,5,0,0,0,NULL,NULL,0,0,1,0,0,0,NULL,NULL,NULL,NULL,NULL,0,0,NULL,NULL
44455,0,0,0,0,NULL,NULL,NULL,NULL,NULL,NULL,NULL,6,0,0,0,NULL,NULL,0,0,0,0,0,0,NULL,0,0,0,0,0,15,3,NULL,NULL,NULL,0,0,0,NULL,NULL,NULL,NULL,0,0,0,NULL,NULL,NULL,6,0,0,0,NULL,NULL,0,0,1,0,0,0,NULL,NULL,NULL,NULL,NULL,0,0,NULL,NULL
44456,0,0,0,0,NULL,NULL,NULL,NULL,NULL,NULL,NULL,7,0,0,0,NULL,NULL,0,0,0,0,0,0,NULL,0,0,0,0,0,11,3,NULL,NULL,NULL,0,0,0,NULL,NULL,NULL,NULL,0,0,0,NULL,NULL,NULL,7,0,0,0,NULL,NULL,0,0,1,0,0,0,NULL,NULL,NULL,NULL,NULL,0,0,NULL,NULL
44457,0,0,0,0,NULL,NULL,NULL,NULL,NULL,NULL,NULL,8,0,0,0,NULL,NULL,0,0,0,0,0,0,NULL,0,0,0,0,0,14,3,NULL,NULL,NULL,0,0,0,NULL,NULL,NULL,NULL,0,0,0,NULL,NULL,NULL,8,0,0,0,NULL,NULL,0,0,1,0,0,0,NULL,NULL,NULL,NULL,NULL,0,0,NULL,NULL
44458,0,0,1,-1,NULL,NULL,NULL,NULL,NULL,NULL,NULL,9,0,0,0,NULL,NULL,0,0,0,0,0,0,NULL,0,0,0,0,0,14,3,NULL,NULL,NULL,0,0,0,NULL,NULL,NULL,NULL,0,0,0,NULL,NULL,NULL,0,0,0,0,NULL,NULL,0,0,0,0,0,0,NULL,NULL,NULL,NULL,NULL,0,0,NULL,NULL
44459,0,0,0,0,NULL,NULL,NULL,NULL,NULL,NULL,NULL,10,0,0,0,NULL,NULL,0,0,0,0,0,0,NULL,0,0,0,0,0,1,3,NULL,NULL,NULL,0,0,0,NULL,NULL,NULL,NULL,0,0,0,NULL,NULL,NULL,0,0,0,0,NULL,NULL,0,0,0,0,0,0,NULL,NULL,NULL,NULL,NULL,0,0,NULL,NULL
44460,0,0,0,0,NULL,NULL,NULL,NULL,NULL,NULL,NULL,11,0,0,0,NULL,NULL,0,0,0,0,0,0,NULL,0,0,0,0,0,12,3,NULL,NULL,NULL,0,0,0,NULL,NULL,NULL,NULL,0,0,0,NULL,NULL,NULL,0,0,0,0,NULL,NULL,0,0,0,0,0,0,NULL,NULL,NULL,NULL,NULL,0,0,NULL,NULL
44461,0,0,0,0,NULL,NULL,NULL,NULL,NULL,NULL,NULL,1,0,0,0,NULL,NULL,0,0,0,0,0,0,NULL,0,0,0,0,0,14,3,NULL,NULL,NULL,0,0,0,NULL,NULL,NULL,NULL,0,0,0,NULL,NULL,NULL,0,0,0,0,NULL,NULL,0,0,0,0,0,0,NULL,NULL,NULL,NULL,NULL,0,0,NULL,NULL
44462,0,0,0,0,NULL,NULL,NULL,NULL,NULL,NULL,NULL,2,0,0,0,NULL,NULL,0,0,0,0,0,0,NULL,0,0,0,0,0,17,3,NULL,NULL,NULL,0,0,0,NULL,NULL,NULL,NULL,0,0,0,NULL,NULL,NULL,0,0,0,0,NULL,NULL,0,0,0,0,0,0,NULL,NULL,NULL,NULL,NULL,0,0,NULL,NULL
44463,0,0,0,0,NULL,NULL,NULL,NULL,NULL,NULL,NULL,3,0,0,0,NULL,NULL,0,0,0,0,0,0,NULL,0,0,0,0,0,12,3,NULL,NULL,NULL,0,0,0,NULL,NULL,NULL,NULL,0,0,0,NULL,NULL,NULL,0,0,0,0,NULL,NULL,0,0,0,0,0,0,NULL,NULL,NULL,NULL,NULL,0,0,NULL,NULL
44464,0,0,0,0,NULL,NULL,NULL,NULL,NULL,NULL,NULL,4,0,0,0,NULL,NULL,0,0,0,0,0,0,NULL,0,0,0,0,0,7,3,NULL,NULL,NULL,0,0,0,NULL,NULL,NULL,NULL,0,0,0,NULL,NULL,NULL,0,0,0,0,NULL,NULL,0,0,0,0,0,0,NULL,NULL,NULL,NULL,NULL,0,0,NULL,NULL
44465,0,0,0,0,NULL,NULL,NULL,NULL,NULL,NULL,NULL,5,0,0,0,NULL,NULL,0,0,0,0,0,0,NULL,0,0,0,0,0,18,3,NULL,NULL,NULL,0,0,0,NULL,NULL,NULL,NULL,0,0,0,NULL,NULL,NULL,0,0,0,0,NULL,NULL,0,0,0,0,0,0,NULL,NULL,NULL,NULL,NULL,0,0,NULL,NULL
44466,0,0,1,-1,NULL,NULL,NULL,NULL,NULL,NULL,NULL,6,0,0,0,NULL,NULL,0,0,0,0,0,0,NULL,0,0,0,0,0,8,3,NULL,NULL,NULL,0,0,0,NULL,NULL,NULL,NULL,0,0,0,NULL,NULL,NULL,0,0,0,0,NULL,NULL,0,0,0,0,0,0,NULL,NULL,NULL,NULL,NULL,0,0,NULL,NULL
44467,0,0,1,-1,NULL,NULL,NULL,NULL,NULL,NULL,NULL,7,0,0,0,NULL,NULL,0,0,0,0,0,0,NULL,0,0,0,0,0,13,3,NULL,NULL,NULL,0,0,0,NULL,NULL,NULL,NULL,0,0,0,NULL,NULL,NULL,0,0,0,0,NULL,NULL,0,0,0,0,0,0,NULL,NULL,NULL,NULL,NULL,0,0,NULL,NULL
44468,0,0,0,0,NULL,NULL,NULL,NULL,NULL,NULL,NULL,8,0,0,0,NULL,NULL,0,0,0,0,0,0,NULL,0,0,0,0,0,10,2,NULL,NULL,NULL,0,0,0,NULL,NULL,NULL,NULL,0,0,0,NULL,NULL,NULL,0,0,0,0,NULL,NULL,0,0,0,0,0,0,NULL,NULL,NULL,NULL,NULL,0,0,NULL,NULL
44469,0,0,0,0,NULL,NULL,NULL,NULL,NULL,NULL,NULL,9,0,0,0,NULL,NULL,0,0,0,0,0,0,NULL,0,0,0,0,0,15,2,NULL,NULL,NULL,0,0,0,NULL,NULL,NULL,NULL,0,0,0,NULL,NULL,NULL,0,0,0,0,NULL,NULL,0,0,0,0,0,0,NULL,NULL,NULL,NULL,NULL,0,0,NULL,NULL
44470,0,0,0,0,NULL,NULL,NULL,NULL,NULL,NULL,NULL,10,0,0,0,NULL,NULL,0,0,0,0,0,0,NULL,0,0,0,0,0,5,2,NULL,NULL,NULL,0,0,0,NULL,NULL,NULL,NULL,0,0,0,NULL,NULL,NULL,0,0,0,0,NULL,NULL,0,0,0,0,0,0,NULL,NULL,NULL,NULL,NULL,0,0,NULL,NULL
44471,0,0,0,0,NULL,NULL,NULL,NULL,NULL,NULL,NULL,11,0,0,0,NULL,NULL,0,0,0,0,0,0,NULL,0,0,0,0,0,9,2,NULL,NULL,NULL,0,0,0,NULL,NULL,NULL,NULL,0,0,0,NULL,NULL,NULL,0,0,0,0,NULL,NULL,0,0,0,0,0,0,NULL,NULL,NULL,NULL,NULL,0,0,NULL,NULL
44472,0,0,0,0,NULL,NULL,NULL,NULL,NULL,NULL,NULL,1,0,0,0,NULL,NULL,0,0,0,0,0,0,NULL,0,0,0,0,0,12,2,NULL,NULL,NULL,0,0,0,NULL,NULL,NULL,NULL,0,0,0,NULL,NULL,NULL,0,0,0,0,NULL,NULL,0,0,0,0,0,0,NULL,NULL,NULL,NULL,NULL,0,0,NULL,NULL
44473,0,0,0,0,NULL,NULL,NULL,NULL,NULL,NULL,NULL,2,0,0,0,NULL,NULL,0,0,0,0,0,0,NULL,0,0,0,0,0,8,2,NULL,NULL,NULL,0,0,0,NULL,NULL,NULL,NULL,0,0,0,NULL,NULL,NULL,0,0,0,0,NULL,NULL,0,0,0,0,0,0,NULL,NULL,NULL,NULL,NULL,0,0,NULL,NULL
44474,0,0,0,0,NULL,NULL,NULL,NULL,NULL,NULL,NULL,3,0,0,0,NULL,NULL,0,0,0,0,0,0,NULL,0,0,0,0,0,9,2,NULL,NULL,NULL,0,0,0,NULL,NULL,NULL,NULL,0,0,0,NULL,NULL,NULL,0,0,0,0,NULL,NULL,0,0,0,0,0,0,NULL,NULL,NULL,NULL,NULL,0,0,NULL,NULL
44475,0,0,0,0,NULL,NULL,NULL,NULL,NULL,NULL,NULL,4,0,0,0,NULL,NULL,0,0,0,0,0,0,NULL,0,0,0,0,0,27,2,NULL,NULL,NULL,0,0,0,NULL,NULL,NULL,NULL,0,0,0,NULL,NULL,NULL,0,0,0,0,NULL,NULL,0,0,0,0,0,0,NULL,NULL,NULL,NULL,NULL,0,0,NULL,NULL
44476,0,0,0,0,NULL,NULL,NULL,NULL,NULL,NULL,NULL,5,0,0,0,NULL,NULL,0,0,0,0,0,0,NULL,0,0,0,0,0,13,2,NULL,NULL,NULL,0,0,0,NULL,NULL,NULL,NULL,0,0,0,NULL,NULL,NULL,0,0,0,0,NULL,NULL,0,0,0,0,0,0,NULL,NULL,NULL,NULL,NULL,0,0,NULL,NULL
44477,0,0,0,0,NULL,NULL,NULL,NULL,NULL,NULL,NULL,6,0,0,0,NULL,NULL,0,0,0,0,0,0,NULL,0,0,0,0,0,13,2,NULL,NULL,NULL,0,0,0,NULL,NULL,NULL,NULL,0,0,0,NULL,NULL,NULL,0,0,0,0,NULL,NULL,0,0,0,0,0,0,NULL,NULL,NULL,NULL,NULL,0,0,NULL,NULL
44478,0,0,0,0,NULL,NULL,NULL,NULL,NULL,NULL,NULL,7,0,0,0,NULL,NULL,0,0,0,0,0,0,NULL,0,0,0,0,0,6,2,NULL,NULL,NULL,0,0,0,NULL,NULL,NULL,NULL,0,0,0,NULL,NULL,NULL,0,0,0,0,NULL,NULL,0,0,0,0,0,0,NULL,NULL,NULL,NULL,NULL,0,0,NULL,NULL
44479,0,0,0,0,NULL,NULL,NULL,NULL,NULL,NULL,NULL,8,0,0,0,NULL,NULL,0,0,0,0,0,0,NULL,0,0,0,0,0,46,2,NULL,NULL,NULL,0,0,0,NULL,NULL,NULL,NULL,0,0,0,NULL,NULL,NULL,0,0,0,0,NULL,NULL,0,0,0,0,0,0,NULL,NULL,NULL,NULL,NULL,0,0,NULL,NULL
44480,0,0,0,0,NULL,NULL,NULL,NULL,NULL,NULL,NULL,9,0,0,0,NULL,NULL,0,0,0,0,0,0,NULL,0,0,0,0,0,34,2,NULL,NULL,NULL,0,0,0,NULL,NULL,NULL,NULL,0,0,0,NULL,NULL,NULL,0,0,0,0,NULL,NULL,0,0,0,0,0,0,NULL,NULL,NULL,NULL,NULL,0,0,NULL,NULL
44481,0,0,0,0,NULL,NULL,NULL,NULL,NULL,NULL,NULL,10,0,0,0,NULL,NULL,0,0,0,0,0,0,NULL,0,0,0,0,0,9,2,NULL,NULL,NULL,0,0,0,NULL,NULL,NULL,NULL,0,0,0,NULL,NULL,NULL,0,0,0,0,NULL,NULL,0,0,0,0,0,0,NULL,NULL,NULL,NULL,NULL,0,0,NULL,NULL
44482,0,0,0,0,NULL,NULL,NULL,NULL,NULL,NULL,NULL,11,0,0,0,NULL,NULL,0,0,0,0,0,0,NULL,0,0,0,0,0,17,2,NULL,NULL,NULL,0,0,0,NULL,NULL,NULL,NULL,0,0,0,NULL,NULL,NULL,0,0,0,0,NULL,NULL,0,0,0,0,0,0,NULL,NULL,NULL,NULL,NULL,0,0,NULL,NULL
44483,0,0,0,0,NULL,NULL,NULL,NULL,NULL,NULL,NULL,1,0,0,0,NULL,NULL,0,0,0,0,0,0,NULL,0,0,0,0,0,32,2,NULL,NULL,NULL,0,0,0,NULL,NULL,NULL,NULL,0,0,0,NULL,NULL,NULL,0,0,0,0,NULL,NULL,0,0,0,0,0,0,NULL,NULL,NULL,NULL,NULL,0,0,NULL,NULL
44484,0,0,0,0,NULL,NULL,NULL,NULL,NULL,NULL,NULL,2,0,0,0,NULL,NULL,0,0,0,0,0,0,NULL,0,0,0,0,0,11,2,NULL,NULL,NULL,0,0,0,NULL,NULL,NULL,NULL,0,0,0,NULL,NULL,NULL,0,0,0,0,NULL,NULL,0,0,0,0,0,0,NULL,NULL,NULL,NULL,NULL,0,0,NULL,NULL
44485,0,0,0,0,NULL,NULL,NULL,NULL,NULL,NULL,NULL,3,0,0,0,NULL,NULL,0,0,0,0,0,0,NULL,0,0,0,0,0,10,2,NULL,NULL,NULL,0,0,0,NULL,NULL,NULL,NULL,0,0,0,NULL,NULL,NULL,0,0,0,0,NULL,NULL,0,0,0,0,0,0,NULL,NULL,NULL,NULL,NULL,0,0,NULL,NULL
44486,0,0,0,0,NULL,NULL,NULL,NULL,NULL,NULL,NULL,4,0,0,0,NULL,NULL,0,0,0,0,0,0,NULL,0,0,0,0,0,14,2,NULL,NULL,NULL,0,0,0,NULL,NULL,NULL,NULL,0,0,0,NULL,NULL,NULL,0,0,0,0,NULL,NULL,0,0,0,0,0,0,NULL,NULL,NULL,NULL,NULL,0,0,NULL,NULL
44487,0,0,0,0,NULL,NULL,NULL,NULL,NULL,NULL,NULL,5,0,0,0,NULL,NULL,0,0,0,0,0,0,NULL,0,0,0,0,0,19,2,NULL,NULL,NULL,0,0,0,NULL,NULL,NULL,NULL,0,0,0,NULL,NULL,NULL,0,0,0,0,NULL,NULL,0,0,0,0,0,0,NULL,NULL,NULL,NULL,NULL,0,0,NULL,NULL
44488,0,0,0,0,NULL,NULL,NULL,NULL,NULL,NULL,NULL,6,0,0,0,NULL,NULL,0,0,0,0,0,0,NULL,0,0,0,0,0,11,2,NULL,NULL,NULL,0,0,0,NULL,NULL,NULL,NULL,0,0,0,NULL,NULL,NULL,0,0,0,0,NULL,NULL,0,0,0,0,0,0,NULL,NULL,NULL,NULL,NULL,0,0,NULL,NULL
44489,0,0,0,0,NULL,NULL,NULL,NULL,NULL,NULL,NULL,7,0,0,0,NULL,NULL,0,0,0,0,0,0,NULL,0,0,0,0,0,3,2,NULL,NULL,NULL,0,0,0,NULL,NULL,NULL,NULL,0,0,0,NULL,NULL,NULL,0,0,0,0,NULL,NULL,0,0,0,0,0,0,NULL,NULL,NULL,NULL,NULL,0,0,NULL,NULL
44490,0,0,0,0,NULL,NULL,NULL,NULL,NULL,NULL,NULL,8,0,0,0,NULL,NULL,0,0,0,0,0,0,NULL,0,0,0,0,0,12,2,NULL,NULL,NULL,0,0,0,NULL,NULL,NULL,NULL,0,0,0,NULL,NULL,NULL,0,0,0,0,NULL,NULL,0,0,0,0,0,0,NULL,NULL,NULL,NULL,NULL,0,0,NULL,NULL
44491,0,0,0,0,NULL,NULL,NULL,NULL,NULL,NULL,NULL,9,0,0,0,NULL,NULL,0,0,0,0,0,0,NULL,0,0,0,0,0,11,2,NULL,NULL,NULL,0,0,0,NULL,NULL,NULL,NULL,0,0,0,NULL,NULL,NULL,0,0,0,0,NULL,NULL,0,0,0,0,0,0,NULL,NULL,NULL,NULL,NULL,0,0,NULL,NULL
44492,0,0,0,0,NULL,NULL,NULL,NULL,NULL,NULL,NULL,10,0,0,0,NULL,NULL,0,0,0,0,0,0,NULL,0,0,0,0,0,11,2,NULL,NULL,NULL,0,0,0,NULL,NULL,NULL,NULL,0,0,0,NULL,NULL,NULL,0,0,0,0,NULL,NULL,0,0,0,0,0,0,NULL,NULL,NULL,NULL,NULL,0,0,NULL,NULL
44493,0,0,0,0,NULL,NULL,NULL,NULL,NULL,NULL,NULL,11,0,0,0,NULL,NULL,0,0,0,0,0,0,NULL,0,0,0,0,0,11,2,NULL,NULL,NULL,0,0,0,NULL,NULL,NULL,NULL,0,0,0,NULL,NULL,NULL,0,0,0,0,NULL,NULL,0,0,0,0,0,0,NULL,NULL,NULL,NULL,NULL,0,0,NULL,NULL
44494,0,0,0,0,NULL,NULL,NULL,NULL,NULL,NULL,NULL,1,0,0,0,NULL,NULL,0,0,0,0,0,0,NULL,0,0,0,0,0,3,2,NULL,NULL,NULL,0,0,0,NULL,NULL,NULL,NULL,0,0,0,NULL,NULL,NULL,0,0,0,0,NULL,NULL,0,0,0,0,0,0,NULL,NULL,NULL,NULL,NULL,0,0,NULL,NULL
44495,0,0,0,0,NULL,NULL,NULL,NULL,NULL,NULL,NULL,2,0,0,0,NULL,NULL,0,0,0,0,0,0,NULL,0,0,0,0,0,4,2,NULL,NULL,NULL,0,0,0,NULL,NULL,NULL,NULL,0,0,0,NULL,NULL,NULL,0,0,0,0,NULL,NULL,0,0,0,0,0,0,NULL,NULL,NULL,NULL,NULL,0,0,NULL,NULL
44496,0,0,0,0,NULL,NULL,NULL,NULL,NULL,NULL,NULL,3,0,0,0,NULL,NULL,0,0,0,0,0,0,NULL,0,0,0,0,0,5,2,NULL,NULL,NULL,0,0,0,NULL,NULL,NULL,NULL,0,0,0,NULL,NULL,NULL,0,0,0,0,NULL,NULL,0,0,0,0,0,0,NULL,NULL,NULL,NULL,NULL,0,0,NULL,NULL
44497,0,0,0,0,NULL,NULL,NULL,NULL,NULL,NULL,NULL,4,0,0,0,NULL,NULL,0,0,0,0,0,0,NULL,0,0,0,0,0,3,2,NULL,NULL,NULL,0,0,0,NULL,NULL,NULL,NULL,0,0,0,NULL,NULL,NULL,0,0,0,0,NULL,NULL,0,0,0,0,0,0,NULL,NULL,NULL,NULL,NULL,0,0,NULL,NULL
44498,0,0,0,0,NULL,NULL,NULL,NULL,NULL,NULL,NULL,5,0,0,0,NULL,NULL,0,0,0,0,0,0,NULL,0,0,0,0,0,9,2,NULL,NULL,NULL,0,0,0,NULL,NULL,NULL,NULL,0,0,0,NULL,NULL,NULL,0,0,0,0,NULL,NULL,0,0,0,0,0,0,NULL,NULL,NULL,NULL,NULL,0,0,NULL,NULL
44499,0,0,0,0,NULL,NULL,NULL,NULL,NULL,NULL,NULL,6,0,0,0,NULL,NULL,0,0,0,0,0,0,NULL,0,0,0,0,0,12,2,NULL,NULL,NULL,0,0,0,NULL,NULL,NULL,NULL,0,0,0,NULL,NULL,NULL,0,0,0,0,NULL,NULL,0,0,0,0,0,0,NULL,NULL,NULL,NULL,NULL,0,0,NULL,NULL
44500,0,0,0,0,NULL,NULL,NULL,NULL,NULL,NULL,NULL,7,0,0,0,NULL,NULL,0,0,0,0,0,0,NULL,0,0,0,0,0,8,2,NULL,NULL,NULL,0,0,0,NULL,NULL,NULL,NULL,0,0,0,NULL,NULL,NULL,0,0,0,0,NULL,NULL,0,0,0,0,0,0,NULL,NULL,NULL,NULL,NULL,0,0,NULL,NULL
44501,0,0,0,0,NULL,NULL,NULL,NULL,NULL,NULL,NULL,8,0,0,0,NULL,NULL,0,0,0,0,0,0,NULL,0,0,0,0,0,8,2,NULL,NULL,NULL,0,0,0,NULL,NULL,NULL,NULL,0,0,0,NULL,NULL,NULL,0,0,0,0,NULL,NULL,0,0,0,0,0,0,NULL,NULL,NULL,NULL,NULL,0,0,NULL,NULL
44502,0,0,0,0,NULL,NULL,NULL,NULL,NULL,NULL,NULL,9,0,0,0,NULL,NULL,0,0,0,0,0,0,NULL,0,0,0,0,0,15,2,NULL,NULL,NULL,0,0,0,NULL,NULL,NULL,NULL,0,0,0,NULL,NULL,NULL,0,0,0,0,NULL,NULL,0,0,0,0,0,0,NULL,NULL,NULL,NULL,NULL,0,0,NULL,NULL
44503,0,0,0,0,NULL,NULL,NULL,NULL,NULL,NULL,NULL,10,0,0,0,NULL,NULL,0,0,0,0,0,0,NULL,0,0,0,0,0,7,2,NULL,NULL,NULL,0,0,0,NULL,NULL,NULL,NULL,0,0,0,NULL,NULL,NULL,0,0,0,0,NULL,NULL,0,0,0,0,0,0,NULL,NULL,NULL,NULL,NULL,0,0,NULL,NULL
44504,0,0,1,-1,NULL,NULL,NULL,NULL,NULL,NULL,NULL,11,0,0,0,NULL,NULL,0,0,0,0,0,0,NULL,0,0,0,0,0,24,2,NULL,NULL,NULL,0,0,0,NULL,NULL,NULL,NULL,0,0,0,NULL,NULL,NULL,0,0,0,0,NULL,NULL,0,0,0,0,0,0,NULL,NULL,NULL,NULL,NULL,0,0,NULL,NULL
44505,0,0,0,0,NULL,NULL,NULL,NULL,NULL,NULL,NULL,1,0,0,0,NULL,NULL,0,0,0,0,0,0,NULL,0,0,0,0,0,20,2,NULL,NULL,NULL,0,0,0,NULL,NULL,NULL,NULL,0,0,0,NULL,NULL,NULL,0,0,0,0,NULL,NULL,0,0,0,0,0,0,NULL,NULL,NULL,NULL,NULL,0,0,NULL,NULL
44506,0,0,0,0,NULL,NULL,NULL,NULL,NULL,NULL,NULL,2,0,0,0,NULL,NULL,0,0,0,0,0,0,NULL,0,0,0,0,0,12,2,NULL,NULL,NULL,0,0,0,NULL,NULL,NULL,NULL,0,0,0,NULL,NULL,NULL,0,0,0,0,NULL,NULL,0,0,0,0,0,0,NULL,NULL,NULL,NULL,NULL,0,0,NULL,NULL
44507,0,0,0,0,NULL,NULL,NULL,NULL,NULL,NULL,NULL,3,0,0,0,NULL,NULL,0,0,0,0,0,0,NULL,0,0,0,0,0,1,2,NULL,NULL,NULL,0,0,0,NULL,NULL,NULL,NULL,0,0,0,NULL,NULL,NULL,0,0,0,0,NULL,NULL,0,0,0,0,0,0,NULL,NULL,NULL,NULL,NULL,0,0,NULL,NULL
44508,0,0,0,0,NULL,NULL,NULL,NULL,NULL,NULL,NULL,0,0,0,0,NULL,NULL,0,0,0,0,0,0,NULL,0,0,0,0,0,5,NULL,NULL,NULL,NULL,0,0,0,NULL,NULL,NULL,NULL,0,0,0,NULL,NULL,NULL,0,0,0,0,NULL,NULL,0,0,0,0,0,0,NULL,NULL,NULL,NULL,NULL,0,0,NULL,NULL
44509,0,0,0,0,NULL,NULL,NULL,NULL,NULL,NULL,NULL,0,0,0,0,NULL,NULL,0,0,0,0,0,0,NULL,0,0,0,0,0,3,NULL,NULL,NULL,NULL,0,0,0,NULL,NULL,NULL,NULL,0,0,0,NULL,NULL,NULL,0,0,0,0,NULL,NULL,0,0,0,0,0,0,NULL,NULL,NULL,NULL,NULL,0,0,NULL,NULL
44510,0,0,1,-1,NULL,NULL,NULL,NULL,NULL,NULL,NULL,0,0,0,0,NULL,NULL,0,0,0,0,0,0,NULL,0,0,0,0,0,9,NULL,NULL,NULL,NULL,0,0,0,NULL,NULL,NULL,NULL,0,0,0,NULL,NULL,NULL,0,0,0,0,NULL,NULL,0,0,0,0,0,0,NULL,NULL,NULL,NULL,NULL,0,0,NULL,NULL
44511,0,0,0,0,NULL,NULL,NULL,NULL,NULL,NULL,NULL,0,0,0,0,NULL,NULL,0,0,0,0,0,0,NULL,0,0,0,0,0,15,NULL,NULL,NULL,NULL,0,0,0,NULL,NULL,NULL,NULL,0,0,0,NULL,NULL,NULL,0,0,0,0,NULL,NULL,0,0,0,0,0,0,NULL,NULL,NULL,NULL,NULL,0,0,NULL,NULL
44512,0,0,0,0,NULL,NULL,NULL,NULL,NULL,NULL,NULL,0,0,0,0,NULL,NULL,0,0,0,0,0,0,NULL,0,0,0,0,0,13,NULL,NULL,NULL,NULL,0,0,0,NULL,NULL,NULL,NULL,0,0,0,NULL,NULL,NULL,0,0,0,0,NULL,NULL,0,0,0,0,0,0,NULL,NULL,NULL,NULL,NULL,0,0,NULL,NULL
44513,0,0,0,0,NULL,NULL,NULL,NULL,NULL,NULL,NULL,0,0,0,0,NULL,NULL,0,0,0,0,0,0,NULL,0,0,0,0,0,11,NULL,NULL,NULL,NULL,0,0,0,NULL,NULL,NULL,NULL,0,0,0,NULL,NULL,NULL,0,0,0,0,NULL,NULL,0,0,0,0,0,0,NULL,NULL,NULL,NULL,NULL,0,0,NULL,NULL
44514,0,0,0,0,NULL,NULL,NULL,NULL,NULL,NULL,NULL,0,0,0,0,NULL,NULL,0,0,0,0,0,0,NULL,0,0,0,0,0,4,NULL,NULL,NULL,NULL,0,0,0,NULL,NULL,NULL,NULL,0,0,0,NULL,NULL,NULL,0,0,0,0,NULL,NULL,0,0,0,0,0,0,NULL,NULL,NULL,NULL,NULL,0,0,NULL,NULL
44515,0,0,0,0,NULL,NULL,NULL,NULL,NULL,NULL,NULL,0,0,0,0,NULL,NULL,0,0,0,0,0,0,NULL,0,0,0,0,0,2,NULL,NULL,NULL,NULL,0,0,0,NULL,NULL,NULL,NULL,0,0,0,NULL,NULL,NULL,0,0,0,0,NULL,NULL,0,0,0,0,0,0,NULL,NULL,NULL,NULL,NULL,0,0,NULL,NULL
44516,0,0,0,0,NULL,NULL,NULL,NULL,NULL,NULL,NULL,0,0,0,0,NULL,NULL,0,0,0,0,0,0,NULL,0,0,0,0,0,7,NULL,NULL,NULL,NULL,0,0,0,NULL,NULL,NULL,NULL,0,0,0,NULL,NULL,NULL,0,0,0,0,NULL,NULL,0,0,0,0,0,0,NULL,NULL,NULL,NULL,NULL,0,0,NULL,NULL
44517,0,0,0,0,NULL,NULL,NULL,NULL,NULL,NULL,NULL,0,0,0,0,NULL,NULL,0,0,0,0,0,0,NULL,0,0,0,0,0,14,NULL,NULL,NULL,NULL,0,0,0,NULL,NULL,NULL,NULL,0,0,0,NULL,NULL,NULL,0,0,0,0,NULL,NULL,0,0,0,0,0,0,NULL,NULL,NULL,NULL,NULL,0,0,NULL,NULL
44518,0,0,2,-2,NULL,NULL,NULL,NULL,NULL,NULL,NULL,0,0,0,0,NULL,NULL,0,0,0,0,0,0,NULL,0,0,0,0,0,23,NULL,NULL,NULL,NULL,0,0,0,NULL,NULL,NULL,NULL,0,0,0,NULL,NULL,NULL,0,0,0,0,NULL,NULL,0,0,0,0,0,0,NULL,NULL,NULL,NULL,NULL,0,0,NULL,NULL
44519,0,0,0,0,NULL,NULL,NULL,NULL,NULL,NULL,NULL,0,0,0,0,NULL,NULL,0,0,0,0,0,0,NULL,0,0,0,0,0,20,NULL,NULL,NULL,NULL,0,0,0,NULL,NULL,NULL,NULL,0,0,0,NULL,NULL,NULL,0,0,0,0,NULL,NULL,0,0,0,0,0,0,NULL,NULL,NULL,NULL,NULL,0,0,NULL,NULL
44520,0,0,0,0,NULL,NULL,NULL,NULL,NULL,NULL,NULL,0,0,0,0,NULL,NULL,0,0,0,0,0,0,NULL,0,0,0,0,0,9,NULL,NULL,NULL,NULL,0,0,0,NULL,NULL,NULL,NULL,0,0,0,NULL,NULL,NULL,0,0,0,0,NULL,NULL,0,0,0,0,0,0,NULL,NULL,NULL,NULL,NULL,0,0,NULL,NULL
44521,0,0,0,0,NULL,NULL,NULL,NULL,NULL,NULL,NULL,0,0,0,0,NULL,NULL,0,0,0,0,0,0,NULL,0,0,0,0,0,16,NULL,NULL,NULL,NULL,0,0,0,NULL,NULL,NULL,NULL,0,0,0,NULL,NULL,NULL,0,0,0,0,NULL,NULL,0,0,0,0,0,0,NULL,NULL,NULL,NULL,NULL,0,0,NULL,NULL
44522,0,0,0,0,NULL,NULL,NULL,NULL,NULL,NULL,NULL,0,0,0,0,NULL,NULL,0,0,0,0,0,0,NULL,0,0,0,0,0,10,NULL,NULL,NULL,NULL,0,0,0,NULL,NULL,NULL,NULL,0,0,0,NULL,NULL,NULL,0,0,0,0,NULL,NULL,0,0,0,0,0,0,NULL,NULL,NULL,NULL,NULL,0,0,NULL,NULL
44523,0,0,0,0,NULL,NULL,NULL,NULL,NULL,NULL,NULL,0,0,0,0,NULL,NULL,0,0,0,0,0,0,NULL,0,0,0,0,0,23,NULL,NULL,NULL,NULL,0,0,0,NULL,NULL,NULL,NULL,0,0,0,NULL,NULL,NULL,0,0,0,0,NULL,NULL,0,0,0,0,0,0,NULL,NULL,NULL,NULL,NULL,0,0,NULL,NULL
44524,0,0,0,0,NULL,NULL,NULL,NULL,NULL,NULL,NULL,0,0,0,0,NULL,NULL,0,0,0,0,0,0,NULL,0,0,0,0,0,20,NULL,NULL,NULL,NULL,0,0,0,NULL,NULL,NULL,NULL,0,0,0,NULL,NULL,NULL,0,0,0,0,NULL,NULL,0,0,0,0,0,0,NULL,NULL,NULL,NULL,NULL,0,0,NULL,NULL
44525,0,0,0,0,NULL,NULL,NULL,NULL,NULL,NULL,NULL,0,0,0,0,NULL,NULL,0,0,0,0,0,0,NULL,0,0,0,0,0,20,NULL,NULL,NULL,NULL,0,0,0,NULL,NULL,NULL,NULL,0,0,0,NULL,NULL,NULL,0,0,0,0,NULL,NULL,0,0,0,0,0,0,NULL,NULL,NULL,NULL,NULL,0,0,NULL,NULL
44526,0,0,0,0,NULL,NULL,NULL,NULL,NULL,NULL,NULL,0,0,0,0,NULL,NULL,0,0,0,0,0,0,NULL,0,0,0,0,0,32,NULL,NULL,NULL,NULL,0,0,0,NULL,NULL,NULL,NULL,0,0,0,NULL,NULL,NULL,0,0,0,0,NULL,NULL,0,0,0,0,0,0,NULL,NULL,NULL,NULL,NULL,0,0,NULL,NULL
44527,0,0,0,0,NULL,NULL,NULL,NULL,NULL,NULL,NULL,0,0,0,0,NULL,NULL,0,0,0,0,0,0,NULL,0,0,0,0,0,12,NULL,NULL,NULL,NULL,0,0,0,NULL,NULL,NULL,NULL,0,0,0,NULL,NULL,NULL,0,0,0,0,NULL,NULL,0,0,0,0,0,0,NULL,NULL,NULL,NULL,NULL,0,0,NULL,NULL
44528,0,0,0,0,NULL,NULL,NULL,NULL,NULL,NULL,NULL,0,0,0,0,NULL,NULL,0,0,0,0,0,0,NULL,0,0,0,0,0,20,NULL,NULL,NULL,NULL,0,0,0,NULL,NULL,NULL,NULL,0,0,0,NULL,NULL,NULL,0,0,0,0,NULL,NULL,0,0,0,0,0,0,NULL,NULL,NULL,NULL,NULL,0,0,NULL,NULL
44529,0,0,0,0,NULL,NULL,NULL,NULL,NULL,NULL,NULL,0,0,0,0,NULL,NULL,0,0,0,0,0,0,NULL,0,0,0,0,0,13,NULL,NULL,NULL,NULL,0,0,0,NULL,NULL,NULL,NULL,0,0,0,NULL,NULL,NULL,0,0,0,0,NULL,NULL,0,0,0,0,0,0,NULL,NULL,NULL,NULL,NULL,0,0,NULL,NULL
44530,0,0,0,0,NULL,NULL,NULL,NULL,NULL,NULL,NULL,0,0,0,0,NULL,NULL,0,0,0,0,0,0,NULL,0,0,0,0,0,16,NULL,NULL,NULL,NULL,0,0,0,NULL,NULL,NULL,NULL,0,0,0,NULL,NULL,NULL,0,0,0,0,NULL,NULL,0,0,0,0,0,0,NULL,NULL,NULL,NULL,NULL,0,0,NULL,NULL
44531,0,0,0,0,NULL,NULL,NULL,NULL,NULL,NULL,NULL,0,0,0,0,NULL,NULL,0,0,0,0,0,0,NULL,0,0,0,0,0,14,NULL,NULL,NULL,NULL,0,0,0,NULL,NULL,NULL,NULL,0,0,0,NULL,NULL,NULL,0,0,0,0,NULL,NULL,0,0,0,0,0,0,NULL,NULL,NULL,NULL,NULL,0,0,NULL,NULL
44532,0,0,0,0,NULL,NULL,NULL,NULL,NULL,NULL,NULL,0,0,0,0,NULL,NULL,0,0,0,0,0,0,NULL,0,0,0,0,0,6,NULL,NULL,NULL,NULL,0,0,0,NULL,NULL,NULL,NULL,0,0,0,NULL,NULL,NULL,0,0,0,0,NULL,NULL,0,0,0,0,0,0,NULL,NULL,NULL,NULL,NULL,0,0,NULL,NULL
44533,0,0,0,0,NULL,NULL,NULL,NULL,NULL,NULL,NULL,0,0,0,0,NULL,NULL,0,0,0,0,0,0,NULL,0,0,0,0,0,13,NULL,NULL,NULL,NULL,0,0,0,NULL,NULL,NULL,NULL,0,0,0,NULL,NULL,NULL,0,0,0,0,NULL,NULL,0,0,0,0,0,0,NULL,NULL,NULL,NULL,NULL,0,0,NULL,NULL
44534,0,0,0,0,NULL,NULL,NULL,NULL,NULL,NULL,NULL,0,0,0,0,NULL,NULL,0,0,0,0,0,0,NULL,0,0,0,0,0,18,NULL,NULL,NULL,NULL,0,0,0,NULL,NULL,NULL,NULL,0,0,0,NULL,NULL,NULL,0,0,0,0,NULL,NULL,0,0,0,0,0,0,NULL,NULL,NULL,NULL,NULL,0,0,NULL,NULL
44535,0,0,0,0,NULL,NULL,NULL,NULL,NULL,NULL,NULL,0,0,0,0,NULL,NULL,0,0,0,0,0,0,NULL,0,0,0,0,0,20,NULL,NULL,NULL,NULL,0,0,0,NULL,NULL,NULL,NULL,0,0,0,NULL,NULL,NULL,0,0,0,0,NULL,NULL,0,0,0,0,0,0,NULL,NULL,NULL,NULL,NULL,0,0,NULL,NULL
44536,0,0,0,0,NULL,NULL,NULL,NULL,NULL,NULL,NULL,0,0,0,0,NULL,NULL,0,0,0,0,0,0,NULL,0,0,0,0,0,15,NULL,NULL,NULL,NULL,0,0,0,NULL,NULL,NULL,NULL,0,0,0,NULL,NULL,NULL,0,0,0,0,NULL,NULL,0,0,0,0,0,0,NULL,NULL,NULL,NULL,NULL,0,0,NULL,NULL
44537,0,0,1,-1,NULL,NULL,NULL,NULL,NULL,NULL,NULL,0,0,0,0,NULL,NULL,0,0,0,0,0,0,NULL,0,0,0,0,0,24,NULL,NULL,NULL,NULL,0,0,0,NULL,NULL,NULL,NULL,0,0,0,NULL,NULL,NULL,0,0,0,0,NULL,NULL,0,0,0,0,0,0,NULL,NULL,NULL,NULL,NULL,0,0,NULL,NULL
44538,0,0,0,0,NULL,NULL,NULL,NULL,NULL,NULL,NULL,0,0,0,0,NULL,NULL,0,0,0,0,0,0,NULL,0,0,0,0,0,16,NULL,NULL,NULL,NULL,0,0,0,NULL,NULL,NULL,NULL,0,0,0,NULL,NULL,NULL,0,0,0,0,NULL,NULL,0,0,0,0,0,0,NULL,NULL,NULL,NULL,NULL,0,0,NULL,NULL
44539,0,0,0,0,NULL,NULL,NULL,NULL,NULL,NULL,NULL,0,0,0,0,NULL,NULL,0,0,0,0,0,0,NULL,0,0,0,0,0,2,NULL,NULL,NULL,NULL,0,0,0,NULL,NULL,NULL,NULL,0,0,0,NULL,NULL,NULL,0,0,0,0,NULL,NULL,0,0,0,0,0,0,NULL,NULL,NULL,NULL,NULL,0,0,NULL,NULL
44540,0,0,0,0,NULL,NULL,NULL,NULL,NULL,NULL,NULL,0,0,0,0,NULL,NULL,0,0,0,0,0,0,NULL,0,0,0,0,0,13,NULL,NULL,NULL,NULL,0,0,0,NULL,NULL,NULL,NULL,0,0,0,NULL,NULL,NULL,0,0,0,0,NULL,NULL,0,0,0,0,0,0,NULL,NULL,NULL,NULL,NULL,0,0,NULL,NULL
44541,0,0,0,0,NULL,NULL,NULL,NULL,NULL,NULL,NULL,0,0,0,0,NULL,NULL,0,0,0,0,0,0,NULL,0,0,0,0,0,9,NULL,NULL,NULL,NULL,0,0,0,NULL,NULL,NULL,NULL,0,0,0,NULL,NULL,NULL,0,0,0,0,NULL,NULL,0,0,0,0,0,0,NULL,NULL,NULL,NULL,NULL,0,0,NULL,NULL
44542,0,0,0,0,NULL,NULL,NULL,NULL,NULL,NULL,NULL,0,0,0,0,NULL,NULL,0,0,0,0,0,0,NULL,0,0,0,0,0,15,NULL,NULL,NULL,NULL,0,0,0,NULL,NULL,NULL,NULL,0,0,0,NULL,NULL,NULL,0,0,0,0,NULL,NULL,0,0,0,0,0,0,NULL,NULL,NULL,NULL,NULL,0,0,NULL,NULL
44543,0,0,0,0,NULL,NULL,NULL,NULL,NULL,NULL,NULL,0,0,0,0,NULL,NULL,0,0,0,0,0,0,NULL,0,0,0,0,0,10,NULL,NULL,NULL,NULL,0,0,0,NULL,NULL,NULL,NULL,0,0,0,NULL,NULL,NULL,0,0,0,0,NULL,NULL,0,0,0,0,0,0,NULL,NULL,NULL,NULL,NULL,0,0,NULL,NULL
44544,0,0,0,0,NULL,NULL,NULL,NULL,NULL,NULL,NULL,0,0,0,0,NULL,NULL,0,0,0,0,0,0,NULL,0,0,0,0,0,11,NULL,NULL,NULL,NULL,0,0,0,NULL,NULL,NULL,NULL,0,0,0,NULL,NULL,NULL,0,0,0,0,NULL,NULL,0,0,0,0,0,0,NULL,NULL,NULL,NULL,NULL,0,0,NULL,NULL
44545,0,0,0,0,NULL,NULL,NULL,NULL,NULL,NULL,NULL,0,0,0,0,NULL,NULL,0,0,0,0,0,0,NULL,0,0,0,0,0,19,NULL,NULL,NULL,NULL,0,0,0,NULL,NULL,NULL,NULL,0,0,0,NULL,NULL,NULL,0,0,0,0,NULL,NULL,0,0,0,0,0,0,NULL,NULL,NULL,NULL,NULL,0,0,NULL,NULL
44546,0,0,0,0,NULL,NULL,NULL,NULL,NULL,NULL,NULL,0,0,0,0,NULL,NULL,0,0,0,0,0,0,NULL,0,0,0,0,0,15,NULL,NULL,NULL,NULL,0,0,0,NULL,NULL,NULL,NULL,0,0,0,NULL,NULL,NULL,0,0,0,0,NULL,NULL,0,0,0,0,0,0,NULL,NULL,NULL,NULL,NULL,0,0,NULL,NULL
44547,0,0,0,0,NULL,NULL,NULL,NULL,NULL,NULL,NULL,0,0,0,0,NULL,NULL,0,0,0,0,0,0,NULL,0,0,0,0,0,16,NULL,NULL,NULL,NULL,0,0,0,NULL,NULL,NULL,NULL,0,0,0,NULL,NULL,NULL,0,0,0,0,NULL,NULL,0,0,0,0,0,0,NULL,NULL,NULL,NULL,NULL,0,0,NULL,NULL
44548,0,0,0,0,NULL,NULL,NULL,NULL,NULL,NULL,NULL,0,0,0,0,NULL,NULL,0,0,0,0,0,0,NULL,0,0,0,0,0,11,NULL,NULL,NULL,NULL,0,0,0,NULL,NULL,NULL,NULL,0,0,0,NULL,NULL,NULL,0,0,0,0,NULL,NULL,0,0,0,0,0,0,NULL,NULL,NULL,NULL,NULL,0,0,NULL,NULL
44549,0,0,1,-1,NULL,NULL,NULL,NULL,NULL,NULL,NULL,0,0,0,0,NULL,NULL,0,0,0,0,0,0,NULL,0,0,0,0,0,23,NULL,NULL,NULL,NULL,0,0,0,NULL,NULL,NULL,NULL,0,0,0,NULL,NULL,NULL,0,0,0,0,NULL,NULL,0,0,0,0,0,0,NULL,NULL,NULL,NULL,NULL,0,0,NULL,NULL
44550,0,0,0,0,NULL,NULL,NULL,NULL,NULL,NULL,NULL,0,0,0,0,NULL,NULL,0,0,0,0,0,0,NULL,0,0,0,0,0,17,NULL,NULL,NULL,NULL,0,0,0,NULL,NULL,NULL,NULL,0,0,0,NULL,NULL,NULL,0,0,0,0,NULL,NULL,0,0,0,0,0,0,NULL,NULL,NULL,NULL,NULL,0,0,NULL,NULL
44551,0,0,0,0,NULL,NULL,NULL,NULL,NULL,NULL,NULL,0,0,0,0,NULL,NULL,0,0,0,0,0,0,NULL,0,0,0,0,0,25,NULL,NULL,NULL,NULL,0,0,0,NULL,NULL,NULL,NULL,0,0,0,NULL,NULL,NULL,0,0,0,0,NULL,NULL,0,0,0,0,0,0,NULL,NULL,NULL,NULL,NULL,0,0,NULL,NULL
44552,0,0,0,0,NULL,NULL,NULL,NULL,NULL,NULL,NULL,0,0,0,0,NULL,NULL,0,0,0,0,0,0,NULL,0,0,0,0,0,7,NULL,NULL,NULL,NULL,0,0,0,NULL,NULL,NULL,NULL,0,0,0,NULL,NULL,NULL,0,0,0,0,NULL,NULL,0,0,0,0,0,0,NULL,NULL,NULL,NULL,NULL,0,0,NULL,NULL
44553,0,0,2,-2,NULL,NULL,NULL,NULL,NULL,NULL,NULL,0,0,0,0,NULL,NULL,0,0,0,0,0,0,NULL,0,0,0,0,0,33,NULL,NULL,NULL,NULL,0,0,0,NULL,NULL,NULL,NULL,0,0,0,NULL,NULL,NULL,0,0,0,0,NULL,NULL,0,0,0,0,0,0,NULL,NULL,NULL,NULL,NULL,0,0,NULL,NULL
44554,0,0,1,-1,NULL,NULL,NULL,NULL,NULL,NULL,NULL,0,0,0,0,NULL,NULL,0,0,0,0,0,0,NULL,0,0,0,0,0,11,NULL,NULL,NULL,NULL,0,0,0,NULL,NULL,NULL,NULL,0,0,0,NULL,NULL,NULL,0,0,0,0,NULL,NULL,0,0,0,0,0,0,NULL,NULL,NULL,NULL,NULL,0,0,NULL,NULL
44555,0,0,0,0,NULL,NULL,NULL,NULL,NULL,NULL,NULL,0,0,0,0,NULL,NULL,0,0,0,0,0,0,NULL,0,0,0,0,0,11,NULL,NULL,NULL,NULL,0,0,0,NULL,NULL,NULL,NULL,0,0,0,NULL,NULL,NULL,0,0,0,0,NULL,NULL,0,0,0,0,0,0,NULL,NULL,NULL,NULL,NULL,0,0,NULL,NULL
44556,0,0,0,0,NULL,NULL,NULL,NULL,NULL,NULL,NULL,0,0,0,0,NULL,NULL,0,0,0,0,0,0,NULL,0,0,0,0,0,8,NULL,NULL,NULL,NULL,0,0,0,NULL,NULL,NULL,NULL,0,0,0,NULL,NULL,NULL,0,0,0,0,NULL,NULL,0,0,0,0,0,0,NULL,NULL,NULL,NULL,NULL,0,0,NULL,NULL
44557,0,0,0,0,NULL,NULL,NULL,NULL,NULL,NULL,NULL,0,0,0,0,NULL,NULL,0,0,0,0,0,0,NULL,0,0,0,0,0,28,NULL,NULL,NULL,NULL,0,0,0,NULL,NULL,NULL,NULL,0,0,0,NULL,NULL,NULL,0,0,0,0,NULL,NULL,0,0,0,0,0,0,NULL,NULL,NULL,NULL,NULL,0,0,NULL,NULL
44558,0,0,0,0,NULL,NULL,NULL,NULL,NULL,NULL,NULL,0,0,0,0,NULL,NULL,0,0,0,0,0,0,NULL,0,0,0,0,0,8,NULL,NULL,NULL,NULL,0,0,0,NULL,NULL,NULL,NULL,0,0,0,NULL,NULL,NULL,0,0,0,0,NULL,NULL,0,0,0,0,0,0,NULL,NULL,NULL,NULL,NULL,0,0,NULL,NULL
44559,0,0,0,0,NULL,NULL,NULL,NULL,NULL,NULL,NULL,0,0,0,0,NULL,NULL,0,0,0,0,0,0,NULL,0,0,0,0,0,17,NULL,NULL,NULL,NULL,0,0,0,NULL,NULL,NULL,NULL,0,0,0,NULL,NULL,NULL,0,0,0,0,NULL,NULL,0,0,0,0,0,0,NULL,NULL,NULL,NULL,NULL,0,0,NULL,NULL
44560,0,0,1,-1,NULL,NULL,NULL,NULL,NULL,NULL,NULL,0,0,0,0,NULL,NULL,0,0,0,0,0,0,NULL,0,0,0,0,0,16,NULL,NULL,NULL,NULL,0,0,0,NULL,NULL,NULL,NULL,0,0,0,NULL,NULL,NULL,0,0,0,0,NULL,NULL,0,0,0,0,0,0,NULL,NULL,NULL,NULL,NULL,0,0,NULL,NULL
44561,0,0,0,0,NULL,NULL,NULL,NULL,NULL,NULL,NULL,0,0,0,0,NULL,NULL,0,0,0,0,0,0,NULL,0,0,0,0,0,27,NULL,NULL,NULL,NULL,0,0,0,NULL,NULL,NULL,NULL,0,0,0,NULL,NULL,NULL,0,0,0,0,NULL,NULL,0,0,0,0,0,0,NULL,NULL,NULL,NULL,NULL,0,0,NULL,NULL
44562,0,0,0,0,NULL,NULL,NULL,NULL,NULL,NULL,NULL,0,0,0,0,NULL,NULL,0,0,0,0,0,0,NULL,0,0,0,0,0,11,NULL,NULL,NULL,NULL,0,0,0,NULL,NULL,NULL,NULL,0,0,0,NULL,NULL,NULL,0,0,0,0,NULL,NULL,0,0,0,0,0,0,NULL,NULL,NULL,NULL,NULL,0,0,NULL,NULL
44563,0,0,0,0,NULL,NULL,NULL,NULL,NULL,NULL,NULL,0,0,0,0,NULL,NULL,0,0,0,0,0,0,NULL,0,0,0,0,0,4,NULL,NULL,NULL,NULL,0,0,0,NULL,NULL,NULL,NULL,0,0,0,NULL,NULL,NULL,0,0,0,0,NULL,NULL,0,0,0,0,0,0,NULL,NULL,NULL,NULL,NULL,0,0,NULL,NULL
44564,0,0,0,0,NULL,NULL,NULL,NULL,NULL,NULL,NULL,0,0,0,0,NULL,NULL,0,0,0,0,0,0,NULL,0,0,0,0,0,7,NULL,NULL,NULL,NULL,0,0,0,NULL,NULL,NULL,NULL,0,0,0,NULL,NULL,NULL,0,0,0,0,NULL,NULL,0,0,0,0,0,0,NULL,NULL,NULL,NULL,NULL,0,0,NULL,NULL
44565,0,0,0,0,NULL,NULL,NULL,NULL,NULL,NULL,NULL,0,0,0,0,NULL,NULL,0,0,0,0,0,0,NULL,0,0,0,0,0,7,NULL,NULL,NULL,NULL,0,0,0,NULL,NULL,NULL,NULL,0,0,0,NULL,NULL,NULL,0,0,0,0,NULL,NULL,0,0,0,0,0,0,NULL,NULL,NULL,NULL,NULL,0,0,NULL,NULL
44566,0,0,0,0,NULL,NULL,NULL,NULL,NULL,NULL,NULL,0,0,0,0,NULL,NULL,0,0,0,0,0,0,NULL,0,0,0,0,0,15,NULL,NULL,NULL,NULL,0,0,0,NULL,NULL,NULL,NULL,0,0,0,NULL,NULL,NULL,0,0,0,0,NULL,NULL,0,0,0,0,0,0,NULL,NULL,NULL,NULL,NULL,0,0,NULL,NULL
44567,0,0,0,0,NULL,NULL,NULL,NULL,NULL,NULL,NULL,0,0,0,0,NULL,NULL,0,0,0,0,0,0,NULL,0,0,0,0,0,14,NULL,NULL,NULL,NULL,0,0,0,NULL,NULL,NULL,NULL,0,0,0,NULL,NULL,NULL,0,0,0,0,NULL,NULL,0,0,0,0,0,0,NULL,NULL,NULL,NULL,NULL,0,0,NULL,NULL
44568,0,0,0,0,NULL,NULL,NULL,NULL,NULL,NULL,NULL,0,0,0,0,NULL,NULL,0,0,0,0,0,0,NULL,0,0,0,0,0,5,NULL,NULL,NULL,NULL,0,0,0,NULL,NULL,NULL,NULL,0,0,0,NULL,NULL,NULL,0,0,0,0,NULL,NULL,0,0,0,0,0,0,NULL,NULL,NULL,NULL,NULL,0,0,NULL,NULL
44569,0,0,1,-1,NULL,NULL,NULL,NULL,NULL,NULL,NULL,0,0,0,0,NULL,NULL,0,0,0,0,0,0,NULL,0,0,0,0,0,17,NULL,NULL,NULL,NULL,0,0,0,NULL,NULL,NULL,NULL,0,0,0,NULL,NULL,NULL,0,0,0,0,NULL,NULL,0,0,0,0,0,0,NULL,NULL,NULL,NULL,NULL,0,0,NULL,NULL
44570,0,0,0,0,NULL,NULL,NULL,NULL,NULL,NULL,NULL,0,0,0,0,NULL,NULL,0,0,0,0,0,0,NULL,0,0,0,0,0,28,NULL,NULL,NULL,NULL,0,0,0,NULL,NULL,NULL,NULL,0,0,0,NULL,NULL,NULL,0,0,0,0,NULL,NULL,0,0,0,0,0,0,NULL,NULL,NULL,NULL,NULL,0,0,NULL,NULL
44571,0,0,1,-1,NULL,NULL,NULL,NULL,NULL,NULL,NULL,0,0,0,0,NULL,NULL,0,0,0,0,0,0,NULL,0,0,0,0,0,18,NULL,NULL,NULL,NULL,0,0,0,NULL,NULL,NULL,NULL,0,0,0,NULL,NULL,NULL,0,0,0,0,NULL,NULL,0,0,0,0,0,0,NULL,NULL,NULL,NULL,NULL,0,0,NULL,NULL
44572,0,0,0,0,NULL,NULL,NULL,NULL,NULL,NULL,NULL,0,0,0,0,NULL,NULL,0,0,0,0,0,0,NULL,0,0,0,0,0,13,NULL,NULL,NULL,NULL,0,0,0,NULL,NULL,NULL,NULL,0,0,0,NULL,NULL,NULL,0,0,0,0,NULL,NULL,0,0,0,0,0,0,NULL,NULL,NULL,NULL,NULL,0,0,NULL,NULL
44573,0,0,0,0,NULL,NULL,NULL,NULL,NULL,NULL,NULL,0,0,0,0,NULL,NULL,0,0,0,0,0,0,NULL,0,0,0,0,0,1,NULL,NULL,NULL,NULL,0,0,0,NULL,NULL,NULL,NULL,0,0,0,NULL,NULL,NULL,0,0,0,0,NULL,NULL,0,0,0,0,0,0,NULL,NULL,NULL,NULL,NULL,0,0,NULL,NULL
44574,0,0,0,0,NULL,NULL,NULL,NULL,NULL,NULL,NULL,0,0,0,0,NULL,NULL,0,0,0,0,0,0,NULL,0,0,0,0,0,19,NULL,NULL,NULL,NULL,0,0,0,NULL,NULL,NULL,NULL,0,0,0,NULL,NULL,NULL,0,0,0,0,NULL,NULL,0,0,0,0,0,0,NULL,NULL,NULL,NULL,NULL,0,0,NULL,NULL
44575,0,0,0,0,NULL,NULL,NULL,NULL,NULL,NULL,NULL,0,0,0,0,NULL,NULL,0,0,0,0,0,0,NULL,0,0,0,0,0,12,NULL,NULL,NULL,NULL,0,0,0,NULL,NULL,NULL,NULL,0,0,0,NULL,NULL,NULL,0,0,0,0,NULL,NULL,0,0,0,0,0,0,NULL,NULL,NULL,NULL,NULL,0,0,NULL,NULL
44576,0,0,0,0,NULL,NULL,NULL,NULL,NULL,NULL,NULL,0,0,0,0,NULL,NULL,0,0,0,0,0,0,NULL,0,0,0,0,0,16,NULL,NULL,NULL,NULL,0,0,0,NULL,NULL,NULL,NULL,0,0,0,NULL,NULL,NULL,0,0,0,0,NULL,NULL,0,0,0,0,0,0,NULL,NULL,NULL,NULL,NULL,0,0,NULL,NULL
44577,0,0,0,0,NULL,NULL,NULL,NULL,NULL,NULL,NULL,0,0,0,0,NULL,NULL,0,0,0,0,0,0,NULL,0,0,0,0,0,18,NULL,NULL,NULL,NULL,0,0,0,NULL,NULL,NULL,NULL,0,0,0,NULL,NULL,NULL,0,0,0,0,NULL,NULL,0,0,0,0,0,0,NULL,NULL,NULL,NULL,NULL,0,0,NULL,NULL
44578,0,0,1,-1,NULL,NULL,NULL,NULL,NULL,NULL,NULL,0,0,0,0,NULL,NULL,0,0,0,0,0,0,NULL,0,0,0,0,0,14,NULL,NULL,NULL,NULL,0,0,0,NULL,NULL,NULL,NULL,0,0,0,NULL,NULL,NULL,0,0,0,0,NULL,NULL,0,0,0,0,0,0,NULL,NULL,NULL,NULL,NULL,0,0,NULL,NULL
44579,0,0,0,0,NULL,NULL,NULL,NULL,NULL,NULL,NULL,0,0,0,0,NULL,NULL,0,0,0,0,0,0,NULL,0,0,0,0,0,8,NULL,NULL,NULL,NULL,0,0,0,NULL,NULL,NULL,NULL,0,0,0,NULL,NULL,NULL,0,0,0,0,NULL,NULL,0,0,0,0,0,0,NULL,NULL,NULL,NULL,NULL,0,0,NULL,NULL
44580,0,0,0,0,NULL,NULL,NULL,NULL,NULL,NULL,NULL,0,0,0,0,NULL,NULL,0,0,0,0,0,0,NULL,0,0,0,0,0,14,NULL,NULL,NULL,NULL,0,0,0,NULL,NULL,NULL,NULL,0,0,0,NULL,NULL,NULL,0,0,0,0,NULL,NULL,0,0,0,0,0,0,NULL,NULL,NULL,NULL,NULL,0,0,NULL,NULL
44581,0,0,0,0,NULL,NULL,NULL,NULL,NULL,NULL,NULL,0,0,0,0,NULL,NULL,0,0,0,0,0,0,NULL,0,0,0,0,0,12,NULL,NULL,NULL,NULL,0,0,0,NULL,NULL,NULL,NULL,0,0,0,NULL,NULL,NULL,0,0,0,0,NULL,NULL,0,0,0,0,0,0,NULL,NULL,NULL,NULL,NULL,0,0,NULL,NULL
44582,0,0,0,0,NULL,NULL,NULL,NULL,NULL,NULL,NULL,0,0,0,0,NULL,NULL,0,0,0,0,0,0,NULL,0,0,0,0,0,1,NULL,NULL,NULL,NULL,0,0,0,NULL,NULL,NULL,NULL,0,0,0,NULL,NULL,NULL,0,0,0,0,NULL,NULL,0,0,0,0,0,0,NULL,NULL,NULL,NULL,NULL,0,0,NULL,NULL
44583,0,0,0,0,NULL,NULL,NULL,NULL,NULL,NULL,NULL,0,0,0,0,NULL,NULL,0,0,0,0,0,0,NULL,0,0,0,0,0,12,NULL,NULL,NULL,NULL,0,0,0,NULL,NULL,NULL,NULL,0,0,0,NULL,NULL,NULL,0,0,0,0,NULL,NULL,0,0,0,0,0,0,NULL,NULL,NULL,NULL,NULL,0,0,NULL,NULL
44584,0,0,0,0,NULL,NULL,NULL,NULL,NULL,NULL,NULL,0,0,0,0,NULL,NULL,0,0,0,0,0,0,NULL,0,0,0,0,0,12,NULL,NULL,NULL,NULL,0,0,0,NULL,NULL,NULL,NULL,0,0,0,NULL,NULL,NULL,0,0,0,0,NULL,NULL,0,0,0,0,0,0,NULL,NULL,NULL,NULL,NULL,0,0,NULL,NULL
44585,0,0,0,0,NULL,NULL,NULL,NULL,NULL,NULL,NULL,0,0,0,0,NULL,NULL,0,0,0,0,0,0,NULL,0,0,0,0,0,14,NULL,NULL,NULL,NULL,0,0,0,NULL,NULL,NULL,NULL,0,0,0,NULL,NULL,NULL,0,0,0,0,NULL,NULL,0,0,0,0,0,0,NULL,NULL,NULL,NULL,NULL,0,0,NULL,NULL
44586,0,0,0,0,NULL,NULL,NULL,NULL,NULL,NULL,NULL,0,0,0,0,NULL,NULL,0,0,0,0,0,0,NULL,0,0,0,0,0,14,NULL,NULL,NULL,NULL,0,0,0,NULL,NULL,NULL,NULL,0,0,0,NULL,NULL,NULL,0,0,0,0,NULL,NULL,0,0,0,0,0,0,NULL,NULL,NULL,NULL,NULL,0,0,NULL,NULL
44587,0,0,1,-1,NULL,NULL,NULL,NULL,NULL,NULL,NULL,0,0,0,0,NULL,NULL,0,0,0,0,0,0,NULL,0,0,0,0,0,21,NULL,NULL,NULL,NULL,0,0,0,NULL,NULL,NULL,NULL,0,0,0,NULL,NULL,NULL,0,0,0,0,NULL,NULL,0,0,0,0,0,0,NULL,NULL,NULL,NULL,NULL,0,0,NULL,NULL
44588,0,0,0,0,NULL,NULL,NULL,NULL,NULL,NULL,NULL,0,0,0,0,NULL,NULL,0,0,0,0,0,0,NULL,0,0,0,0,0,16,NULL,NULL,NULL,NULL,0,0,0,NULL,NULL,NULL,NULL,0,0,0,NULL,NULL,NULL,0,0,0,0,NULL,NULL,0,0,0,0,0,0,NULL,NULL,NULL,NULL,NULL,0,0,NULL,NULL
44589,0,0,0,0,NULL,NULL,NULL,NULL,NULL,NULL,NULL,0,0,0,0,NULL,NULL,0,0,0,0,0,0,NULL,0,0,0,0,0,25,NULL,NULL,NULL,NULL,0,0,0,NULL,NULL,NULL,NULL,0,0,0,NULL,NULL,NULL,0,0,0,0,NULL,NULL,0,0,0,0,0,0,NULL,NULL,NULL,NULL,NULL,0,0,NULL,NULL
44590,0,0,0,0,NULL,NULL,NULL,NULL,NULL,NULL,NULL,0,0,0,0,NULL,NULL,0,0,0,0,0,0,NULL,0,0,0,0,0,20,NULL,NULL,NULL,NULL,0,0,0,NULL,NULL,NULL,NULL,0,0,0,NULL,NULL,NULL,0,0,0,0,NULL,NULL,0,0,0,0,0,0,NULL,NULL,NULL,NULL,NULL,0,0,NULL,NULL
44591,0,0,0,0,NULL,NULL,NULL,NULL,NULL,NULL,NULL,0,0,0,0,NULL,NULL,0,0,0,0,0,0,NULL,0,0,0,0,0,17,NULL,NULL,NULL,NULL,0,0,0,NULL,NULL,NULL,NULL,0,0,0,NULL,NULL,NULL,0,0,0,0,NULL,NULL,0,0,0,0,0,0,NULL,NULL,NULL,NULL,NULL,0,0,NULL,NULL
44592,0,0,1,-1,NULL,NULL,NULL,NULL,NULL,NULL,NULL,0,0,0,0,NULL,NULL,0,0,0,0,0,0,NULL,0,0,0,0,0,21,NULL,NULL,NULL,NULL,0,0,0,NULL,NULL,NULL,NULL,0,0,0,NULL,NULL,NULL,0,0,0,0,NULL,NULL,0,0,0,0,0,0,NULL,NULL,NULL,NULL,NULL,0,0,NULL,NULL
44593,0,0,0,0,NULL,NULL,NULL,NULL,NULL,NULL,NULL,0,0,0,0,NULL,NULL,0,0,0,0,0,0,NULL,0,0,0,0,0,42,NULL,NULL,NULL,NULL,0,0,0,NULL,NULL,NULL,NULL,0,0,0,NULL,NULL,NULL,0,0,0,0,NULL,NULL,0,0,0,0,0,0,NULL,NULL,NULL,NULL,NULL,0,0,NULL,NULL
44594,0,0,0,0,NULL,NULL,NULL,NULL,NULL,NULL,NULL,0,0,0,0,NULL,NULL,0,0,0,0,0,0,NULL,0,0,0,0,0,29,NULL,NULL,NULL,NULL,0,0,0,NULL,NULL,NULL,NULL,0,0,0,NULL,NULL,NULL,0,0,0,0,NULL,NULL,0,0,0,0,0,0,NULL,NULL,NULL,NULL,NULL,0,0,NULL,NULL
44595,0,0,0,0,NULL,NULL,NULL,NULL,NULL,NULL,NULL,0,0,0,0,NULL,NULL,0,0,0,0,0,0,NULL,0,0,0,0,0,34,NULL,NULL,NULL,NULL,0,0,0,NULL,NULL,NULL,NULL,0,0,0,NULL,NULL,NULL,0,0,0,0,NULL,NULL,0,0,0,0,0,0,NULL,NULL,NULL,NULL,NULL,0,0,NULL,NULL
44596,0,0,0,0,NULL,NULL,NULL,NULL,NULL,NULL,NULL,0,0,0,0,NULL,NULL,0,0,0,0,0,0,NULL,0,0,0,0,0,24,NULL,NULL,NULL,NULL,0,0,0,NULL,NULL,NULL,NULL,0,0,0,NULL,NULL,NULL,0,0,0,0,NULL,NULL,0,0,0,0,0,0,NULL,NULL,NULL,NULL,NULL,0,0,NULL,NULL
44597,0,0,0,0,NULL,NULL,NULL,NULL,NULL,NULL,NULL,0,0,0,0,NULL,NULL,0,0,0,0,0,0,NULL,0,0,0,0,0,26,NULL,NULL,NULL,NULL,0,0,0,NULL,NULL,NULL,NULL,0,0,0,NULL,NULL,NULL,0,0,0,0,NULL,NULL,0,0,0,0,0,0,NULL,NULL,NULL,NULL,NULL,0,0,NULL,NULL
44598,0,0,0,0,NULL,NULL,NULL,NULL,NULL,NULL,NULL,0,0,0,0,NULL,NULL,0,0,0,0,0,0,NULL,0,0,0,0,0,20,NULL,NULL,NULL,NULL,0,0,0,NULL,NULL,NULL,NULL,0,0,0,NULL,NULL,NULL,0,0,0,0,NULL,NULL,0,0,0,0,0,0,NULL,NULL,NULL,NULL,NULL,0,0,NULL,NULL
44599,0,0,0,0,NULL,NULL,NULL,NULL,NULL,NULL,NULL,0,0,0,0,NULL,NULL,0,0,0,0,0,0,NULL,0,0,0,0,0,6,NULL,NULL,NULL,NULL,0,0,0,NULL,NULL,NULL,NULL,0,0,0,NULL,NULL,NULL,0,0,0,0,NULL,NULL,0,0,0,0,0,0,NULL,NULL,NULL,NULL,NULL,0,0,NULL,NULL
44600,0,0,0,0,NULL,NULL,NULL,NULL,NULL,NULL,NULL,0,0,0,0,NULL,NULL,0,0,0,0,0,0,NULL,0,0,0,0,0,12,NULL,NULL,NULL,NULL,0,0,0,NULL,NULL,NULL,NULL,0,0,0,NULL,NULL,NULL,0,0,0,0,NULL,NULL,0,0,0,0,0,0,NULL,NULL,NULL,NULL,NULL,0,0,NULL,NULL
44601,0,0,0,0,NULL,NULL,NULL,NULL,NULL,NULL,NULL,0,0,0,0,NULL,NULL,0,0,0,0,0,0,NULL,0,0,0,0,0,20,NULL,NULL,NULL,NULL,0,0,0,NULL,NULL,NULL,NULL,0,0,0,NULL,NULL,NULL,0,0,0,0,NULL,NULL,0,0,0,0,0,0,NULL,NULL,NULL,NULL,NULL,0,0,NULL,NULL
44602,0,0,0,0,NULL,NULL,NULL,NULL,NULL,NULL,NULL,0,0,0,0,NULL,NULL,0,0,0,0,0,0,NULL,0,0,0,0,0,10,NULL,NULL,NULL,NULL,0,0,0,NULL,NULL,NULL,NULL,0,0,0,NULL,NULL,NULL,0,0,0,0,NULL,NULL,0,0,0,0,0,0,NULL,NULL,NULL,NULL,NULL,0,0,NULL,NULL
44603,0,0,0,0,NULL,NULL,NULL,NULL,NULL,NULL,NULL,0,0,0,0,NULL,NULL,0,0,0,0,0,0,NULL,0,0,0,0,0,17,NULL,NULL,NULL,NULL,0,0,0,NULL,NULL,NULL,NULL,0,0,0,NULL,NULL,NULL,0,0,0,0,NULL,NULL,0,0,0,0,0,0,NULL,NULL,NULL,NULL,NULL,0,0,NULL,NULL
44604,0,0,1,-1,NULL,NULL,NULL,NULL,NULL,NULL,NULL,0,0,0,0,NULL,NULL,0,0,0,0,0,0,NULL,0,0,0,0,0,26,NULL,NULL,NULL,NULL,0,0,0,NULL,NULL,NULL,NULL,0,0,0,NULL,NULL,NULL,0,0,0,0,NULL,NULL,0,0,0,0,0,0,NULL,NULL,NULL,NULL,NULL,0,0,NULL,NULL
44605,0,0,1,-1,NULL,NULL,NULL,NULL,NULL,NULL,NULL,0,0,0,0,NULL,NULL,0,0,0,0,0,0,NULL,0,0,0,0,0,21,NULL,NULL,NULL,NULL,0,0,0,NULL,NULL,NULL,NULL,0,0,0,NULL,NULL,NULL,0,0,0,0,NULL,NULL,0,0,0,0,0,0,NULL,NULL,NULL,NULL,NULL,0,0,NULL,NULL
44606,0,0,0,0,NULL,NULL,NULL,NULL,NULL,NULL,NULL,0,0,0,0,NULL,NULL,0,0,0,0,0,0,NULL,0,0,0,0,0,18,NULL,NULL,NULL,NULL,0,0,0,NULL,NULL,NULL,NULL,0,0,0,NULL,NULL,NULL,0,0,0,0,NULL,NULL,0,0,0,0,0,0,NULL,NULL,NULL,NULL,NULL,0,0,NULL,NULL
44607,0,0,0,0,NULL,NULL,NULL,NULL,NULL,NULL,NULL,0,0,0,0,NULL,NULL,0,0,0,0,0,0,NULL,0,0,0,0,0,17,NULL,NULL,NULL,NULL,0,0,0,NULL,NULL,NULL,NULL,0,0,0,NULL,NULL,NULL,0,0,0,0,NULL,NULL,0,0,0,0,0,0,NULL,NULL,NULL,NULL,NULL,0,0,NULL,NULL
44608,0,0,0,0,NULL,NULL,NULL,NULL,NULL,NULL,NULL,0,0,0,0,NULL,NULL,0,0,0,0,0,0,NULL,0,0,0,0,0,18,NULL,NULL,NULL,NULL,0,0,0,NULL,NULL,NULL,NULL,0,0,0,NULL,NULL,NULL,0,0,0,0,NULL,NULL,0,0,0,0,0,0,NULL,NULL,NULL,NULL,NULL,0,0,NULL,NULL
44609,0,0,0,0,NULL,NULL,NULL,NULL,NULL,NULL,NULL,0,0,0,0,NULL,NULL,0,0,0,0,0,0,NULL,0,0,0,0,0,20,NULL,NULL,NULL,NULL,0,0,0,NULL,NULL,NULL,NULL,0,0,0,NULL,NULL,NULL,0,0,0,0,NULL,NULL,0,0,0,0,0,0,NULL,NULL,NULL,NULL,NULL,0,0,NULL,NULL
44610,0,0,0,0,NULL,NULL,NULL,NULL,NULL,NULL,NULL,0,0,0,0,NULL,NULL,0,0,0,0,0,0,NULL,0,0,0,0,0,1,NULL,NULL,NULL,NULL,0,0,0,NULL,NULL,NULL,NULL,0,0,0,NULL,NULL,NULL,0,0,0,0,NULL,NULL,0,0,0,0,0,0,NULL,NULL,NULL,NULL,NULL,0,0,NULL,NULL
44611,0,0,1,-1,NULL,NULL,NULL,NULL,NULL,NULL,NULL,0,0,0,0,NULL,NULL,0,0,0,0,0,0,NULL,0,0,0,0,0,2,NULL,NULL,NULL,NULL,0,0,0,NULL,NULL,NULL,NULL,0,0,0,NULL,NULL,NULL,0,0,0,0,NULL,NULL,0,0,0,0,0,0,NULL,NULL,NULL,NULL,NULL,0,0,NULL,NULL
44612,0,0,0,0,NULL,NULL,NULL,NULL,NULL,NULL,NULL,0,0,0,0,NULL,NULL,0,0,0,0,0,0,NULL,0,0,0,0,0,1,NULL,NULL,NULL,NULL,0,0,0,NULL,NULL,NULL,NULL,0,0,0,NULL,NULL,NULL,0,0,0,0,NULL,NULL,0,0,0,0,0,0,NULL,NULL,NULL,NULL,NULL,0,0,NULL,NULL
44613,0,0,0,0,NULL,NULL,NULL,NULL,NULL,NULL,NULL,0,0,0,0,NULL,NULL,0,0,0,0,0,0,NULL,0,0,0,0,0,28,NULL,NULL,NULL,NULL,0,0,0,NULL,NULL,NULL,NULL,0,0,0,NULL,NULL,NULL,0,0,0,0,NULL,NULL,0,0,0,0,0,0,NULL,NULL,NULL,NULL,NULL,0,0,NULL,NULL
44614,0,0,0,0,NULL,NULL,NULL,NULL,NULL,NULL,NULL,0,0,0,0,NULL,NULL,0,0,0,0,0,0,NULL,0,0,0,0,0,5,NULL,NULL,NULL,NULL,0,0,0,NULL,NULL,NULL,NULL,0,0,0,NULL,NULL,NULL,0,0,0,0,NULL,NULL,0,0,0,0,0,0,NULL,NULL,NULL,NULL,NULL,0,0,NULL,NULL
44615,0,0,0,0,NULL,NULL,NULL,NULL,NULL,NULL,NULL,0,0,0,0,NULL,NULL,0,0,0,0,0,0,NULL,0,0,0,0,0,34,NULL,NULL,NULL,NULL,0,0,0,NULL,NULL,NULL,NULL,0,0,0,NULL,NULL,NULL,0,0,0,0,NULL,NULL,0,0,0,0,0,0,NULL,NULL,NULL,NULL,NULL,0,0,NULL,NULL
44616,0,0,0,0,NULL,NULL,NULL,NULL,NULL,NULL,NULL,0,0,0,0,NULL,NULL,0,0,0,0,0,0,NULL,0,0,0,0,0,34,NULL,NULL,NULL,NULL,0,0,0,NULL,NULL,NULL,NULL,0,0,0,NULL,NULL,NULL,0,0,0,0,NULL,NULL,0,0,0,0,0,0,NULL,NULL,NULL,NULL,NULL,0,0,NULL,NULL
44617,0,0,0,0,NULL,NULL,NULL,NULL,NULL,NULL,NULL,0,0,0,0,NULL,NULL,0,0,0,0,0,0,NULL,0,0,0,0,0,28,NULL,NULL,NULL,NULL,0,0,0,NULL,NULL,NULL,NULL,0,0,0,NULL,NULL,NULL,0,0,0,0,NULL,NULL,0,0,0,0,0,0,NULL,NULL,NULL,NULL,NULL,0,0,NULL,NULL
44618,0,0,0,0,NULL,NULL,NULL,NULL,NULL,NULL,NULL,0,0,0,0,NULL,NULL,0,0,0,0,0,0,NULL,0,0,0,0,0,15,NULL,NULL,NULL,NULL,0,0,0,NULL,NULL,NULL,NULL,0,0,0,NULL,NULL,NULL,0,0,0,0,NULL,NULL,0,0,0,0,0,0,NULL,NULL,NULL,NULL,NULL,0,0,NULL,NULL
44619,0,0,0,0,NULL,NULL,NULL,NULL,NULL,NULL,NULL,0,0,0,0,NULL,NULL,0,0,0,0,0,0,NULL,0,0,0,0,0,17,NULL,NULL,NULL,NULL,0,0,0,NULL,NULL,NULL,NULL,0,0,0,NULL,NULL,NULL,0,0,0,0,NULL,NULL,0,0,0,0,0,0,NULL,NULL,NULL,NULL,NULL,0,0,NULL,NULL
44620,0,0,0,0,NULL,NULL,NULL,NULL,NULL,NULL,NULL,0,0,0,0,NULL,NULL,0,0,0,0,0,0,NULL,0,0,0,0,0,18,NULL,NULL,NULL,NULL,0,0,0,NULL,NULL,NULL,NULL,0,0,0,NULL,NULL,NULL,0,0,0,0,NULL,NULL,0,0,0,0,0,0,NULL,NULL,NULL,NULL,NULL,0,0,NULL,NULL
44621,0,0,0,0,NULL,NULL,NULL,NULL,NULL,NULL,NULL,0,0,0,0,NULL,NULL,0,0,0,0,0,0,NULL,0,0,0,0,0,35,NULL,NULL,NULL,NULL,0,0,0,NULL,NULL,NULL,NULL,0,0,0,NULL,NULL,NULL,0,0,0,0,NULL,NULL,0,0,0,0,0,0,NULL,NULL,NULL,NULL,NULL,0,0,NULL,NULL
44622,0,0,0,0,NULL,NULL,NULL,NULL,NULL,NULL,NULL,0,0,0,0,NULL,NULL,0,0,0,0,0,0,NULL,0,0,0,0,0,21,NULL,NULL,NULL,NULL,0,0,0,NULL,NULL,NULL,NULL,0,0,0,NULL,NULL,NULL,0,0,0,0,NULL,NULL,0,0,0,0,0,0,NULL,NULL,NULL,NULL,NULL,0,0,NULL,NULL
44623,0,0,0,0,NULL,NULL,NULL,NULL,NULL,NULL,NULL,0,0,0,0,NULL,NULL,0,0,0,0,0,0,NULL,0,0,0,0,0,31,NULL,NULL,NULL,NULL,0,0,0,NULL,NULL,NULL,NULL,0,0,0,NULL,NULL,NULL,0,0,0,0,NULL,NULL,0,0,0,0,0,0,NULL,NULL,NULL,NULL,NULL,0,0,NULL,NULL
44624,0,0,0,0,NULL,NULL,NULL,NULL,NULL,NULL,NULL,0,0,0,0,NULL,NULL,0,0,0,0,0,0,NULL,0,0,0,0,0,18,NULL,NULL,NULL,NULL,0,0,0,NULL,NULL,NULL,NULL,0,0,0,NULL,NULL,NULL,0,0,0,0,NULL,NULL,0,0,0,0,0,0,NULL,NULL,NULL,NULL,NULL,0,0,NULL,NULL
44625,0,0,0,0,NULL,NULL,NULL,NULL,NULL,NULL,NULL,0,0,0,0,NULL,NULL,0,0,0,0,0,0,NULL,0,0,0,0,0,17,NULL,NULL,NULL,NULL,0,0,0,NULL,NULL,NULL,NULL,0,0,0,NULL,NULL,NULL,0,0,0,0,NULL,NULL,0,0,0,0,0,0,NULL,NULL,NULL,NULL,NULL,0,0,NULL,NULL
44626,0,0,0,0,NULL,NULL,NULL,NULL,NULL,NULL,NULL,0,0,0,0,NULL,NULL,0,0,0,0,0,0,NULL,0,0,0,0,0,22,NULL,NULL,NULL,NULL,0,0,0,NULL,NULL,NULL,NULL,0,0,0,NULL,NULL,NULL,0,0,0,0,NULL,NULL,0,0,0,0,0,0,NULL,NULL,NULL,NULL,NULL,0,0,NULL,NULL
44627,0,0,0,0,NULL,NULL,NULL,NULL,NULL,NULL,NULL,0,0,0,0,NULL,NULL,0,0,0,0,0,0,NULL,0,0,0,0,0,18,NULL,NULL,NULL,NULL,0,0,0,NULL,NULL,NULL,NULL,0,0,0,NULL,NULL,NULL,0,0,0,0,NULL,NULL,0,0,0,0,0,0,NULL,NULL,NULL,NULL,NULL,0,0,NULL,NULL
44628,0,0,0,0,NULL,NULL,NULL,NULL,NULL,NULL,NULL,0,0,0,0,NULL,NULL,0,0,0,0,0,0,NULL,0,0,0,0,0,14,NULL,NULL,NULL,NULL,0,0,0,NULL,NULL,NULL,NULL,0,0,0,NULL,NULL,NULL,0,0,0,0,NULL,NULL,0,0,0,0,0,0,NULL,NULL,NULL,NULL,NULL,0,0,NULL,NULL
44629,0,0,0,0,NULL,NULL,NULL,NULL,NULL,NULL,NULL,0,0,0,0,NULL,NULL,0,0,0,0,0,0,NULL,0,0,0,0,0,7,NULL,NULL,NULL,NULL,0,0,0,NULL,NULL,NULL,NULL,0,0,0,NULL,NULL,NULL,0,0,0,0,NULL,NULL,0,0,0,0,0,0,NULL,NULL,NULL,NULL,NULL,0,0,NULL,NULL
44630,0,0,0,0,NULL,NULL,NULL,NULL,NULL,NULL,NULL,0,0,0,0,NULL,NULL,0,0,0,0,0,0,NULL,0,0,0,0,0,14,NULL,NULL,NULL,NULL,0,0,0,NULL,NULL,NULL,NULL,0,0,0,NULL,NULL,NULL,0,0,0,0,NULL,NULL,0,0,0,0,0,0,NULL,NULL,NULL,NULL,NULL,0,0,NULL,NULL
44631,0,0,0,0,NULL,NULL,NULL,NULL,NULL,NULL,NULL,0,0,0,0,NULL,NULL,0,0,0,0,0,0,NULL,0,0,0,0,0,27,NULL,NULL,NULL,NULL,0,0,0,NULL,NULL,NULL,NULL,0,0,0,NULL,NULL,NULL,0,0,0,0,NULL,NULL,0,0,0,0,0,0,NULL,NULL,NULL,NULL,NULL,0,0,NULL,NULL
44632,0,0,0,0,NULL,NULL,NULL,NULL,NULL,NULL,NULL,0,0,0,0,NULL,NULL,0,0,0,0,0,0,NULL,0,0,0,0,0,17,NULL,NULL,NULL,NULL,0,0,0,NULL,NULL,NULL,NULL,0,0,0,NULL,NULL,NULL,0,0,0,0,NULL,NULL,0,0,0,0,0,0,NULL,NULL,NULL,NULL,NULL,0,0,NULL,NULL
44633,0,0,0,0,NULL,NULL,NULL,NULL,NULL,NULL,NULL,0,0,0,0,NULL,NULL,0,0,0,0,0,0,NULL,0,0,0,0,0,6,NULL,NULL,NULL,NULL,0,0,0,NULL,NULL,NULL,NULL,0,0,0,NULL,NULL,NULL,0,0,0,0,NULL,NULL,0,0,0,0,0,0,NULL,NULL,NULL,NULL,NULL,0,0,NULL,NULL
44634,0,0,0,0,NULL,NULL,NULL,NULL,NULL,NULL,NULL,0,0,0,0,NULL,NULL,0,0,0,0,0,0,NULL,0,0,0,0,0,29,NULL,NULL,NULL,NULL,0,0,0,NULL,NULL,NULL,NULL,0,0,0,NULL,NULL,NULL,0,0,0,0,NULL,NULL,0,0,0,0,0,0,NULL,NULL,NULL,NULL,NULL,0,0,NULL,NULL
44635,0,0,1,-1,NULL,NULL,NULL,NULL,NULL,NULL,NULL,0,0,0,0,NULL,NULL,0,0,0,0,0,0,NULL,0,0,0,0,0,24,NULL,NULL,NULL,NULL,0,0,0,NULL,NULL,NULL,NULL,0,0,0,NULL,NULL,NULL,0,0,0,0,NULL,NULL,0,0,0,0,0,0,NULL,NULL,NULL,NULL,NULL,0,0,NULL,NULL
44636,0,0,0,0,NULL,NULL,NULL,NULL,NULL,NULL,NULL,0,0,0,0,NULL,NULL,0,0,0,0,0,0,NULL,0,0,0,0,0,18,NULL,NULL,NULL,NULL,0,0,0,NULL,NULL,NULL,NULL,0,0,0,NULL,NULL,NULL,0,0,0,0,NULL,NULL,0,0,0,0,0,0,NULL,NULL,NULL,NULL,NULL,0,0,NULL,NULL
44637,0,0,0,0,NULL,NULL,NULL,NULL,NULL,NULL,NULL,0,0,0,0,NULL,NULL,0,0,0,0,0,0,NULL,0,0,0,0,0,23,NULL,NULL,NULL,NULL,0,0,0,NULL,NULL,NULL,NULL,0,0,0,NULL,NULL,NULL,0,0,0,0,NULL,NULL,0,0,0,0,0,0,NULL,NULL,NULL,NULL,NULL,0,0,NULL,NULL
44638,0,0,0,0,NULL,NULL,NULL,NULL,NULL,NULL,NULL,0,0,0,0,NULL,NULL,0,0,0,0,0,0,NULL,0,0,0,0,0,22,NULL,NULL,NULL,NULL,0,0,0,NULL,NULL,NULL,NULL,0,0,0,NULL,NULL,NULL,0,0,0,0,NULL,NULL,0,0,0,0,0,0,NULL,NULL,NULL,NULL,NULL,0,0,NULL,NULL
44639,0,0,0,0,NULL,NULL,NULL,NULL,NULL,NULL,NULL,0,0,0,0,NULL,NULL,0,0,0,0,0,0,NULL,0,0,0,0,0,11,NULL,NULL,NULL,NULL,0,0,0,NULL,NULL,NULL,NULL,0,0,0,NULL,NULL,NULL,0,0,0,0,NULL,NULL,0,0,0,0,0,0,NULL,NULL,NULL,NULL,NULL,0,0,NULL,NULL
44640,0,0,0,0,NULL,NULL,NULL,NULL,NULL,NULL,NULL,0,0,0,0,NULL,NULL,0,0,0,0,0,0,NULL,0,0,0,0,0,21,NULL,NULL,NULL,NULL,0,0,0,NULL,NULL,NULL,NULL,0,0,0,NULL,NULL,NULL,0,0,0,0,NULL,NULL,0,0,0,0,0,0,NULL,NULL,NULL,NULL,NULL,0,0,NULL,NULL
44641,0,0,0,0,NULL,NULL,NULL,NULL,NULL,NULL,NULL,0,0,0,0,NULL,NULL,0,0,0,0,0,0,NULL,0,0,0,0,0,20,NULL,NULL,NULL,NULL,0,0,0,NULL,NULL,NULL,NULL,0,0,0,NULL,NULL,NULL,0,0,0,0,NULL,NULL,0,0,0,0,0,0,NULL,NULL,NULL,NULL,NULL,0,0,NULL,NULL
44642,0,0,0,0,NULL,NULL,NULL,NULL,NULL,NULL,NULL,0,0,0,0,NULL,NULL,0,0,0,0,0,0,NULL,0,0,0,0,0,26,NULL,NULL,NULL,NULL,0,0,0,NULL,NULL,NULL,NULL,0,0,0,NULL,NULL,NULL,0,0,0,0,NULL,NULL,0,0,0,0,0,0,NULL,NULL,NULL,NULL,NULL,0,0,NULL,NULL
44643,0,0,1,-1,NULL,NULL,NULL,NULL,NULL,NULL,NULL,0,0,0,0,NULL,NULL,0,0,0,0,0,0,NULL,0,0,0,0,0,21,NULL,NULL,NULL,NULL,0,0,0,NULL,NULL,NULL,NULL,0,0,0,NULL,NULL,NULL,0,0,0,0,NULL,NULL,0,0,0,0,0,0,NULL,NULL,NULL,NULL,NULL,0,0,NULL,NULL
44644,0,0,0,0,NULL,NULL,NULL,NULL,NULL,NULL,NULL,0,0,0,0,NULL,NULL,0,0,0,0,0,0,NULL,0,0,0,0,0,1,NULL,NULL,NULL,NULL,0,0,0,NULL,NULL,NULL,NULL,0,0,0,NULL,NULL,NULL,0,0,0,0,NULL,NULL,0,0,0,0,0,0,NULL,NULL,NULL,NULL,NULL,0,0,NULL,NULL
44645,0,0,0,0,NULL,NULL,NULL,NULL,NULL,NULL,NULL,0,0,0,0,NULL,NULL,0,0,0,0,0,0,NULL,0,0,0,0,0,18,NULL,NULL,NULL,NULL,0,0,0,NULL,NULL,NULL,NULL,0,0,0,NULL,NULL,NULL,0,0,0,0,NULL,NULL,0,0,0,0,0,0,NULL,NULL,NULL,NULL,NULL,0,0,NULL,NULL
44646,0,0,0,0,NULL,NULL,NULL,NULL,NULL,NULL,NULL,0,0,0,0,NULL,NULL,0,0,0,0,0,0,NULL,0,0,0,0,0,29,NULL,NULL,NULL,NULL,0,0,0,NULL,NULL,NULL,NULL,0,0,0,NULL,NULL,NULL,0,0,0,0,NULL,NULL,0,0,0,0,0,0,NULL,NULL,NULL,NULL,NULL,0,0,NULL,NULL
44647,0,0,0,0,NULL,NULL,NULL,NULL,NULL,NULL,NULL,0,0,0,0,NULL,NULL,0,0,0,0,0,0,NULL,0,0,0,0,0,19,NULL,NULL,NULL,NULL,0,0,0,NULL,NULL,NULL,NULL,0,0,0,NULL,NULL,NULL,0,0,0,0,NULL,NULL,0,0,0,0,0,0,NULL,NULL,NULL,NULL,NULL,0,0,NULL,NULL
44648,0,0,0,0,NULL,NULL,NULL,NULL,NULL,NULL,NULL,0,0,0,0,NULL,NULL,0,0,0,0,0,0,NULL,0,0,0,0,0,26,NULL,NULL,NULL,NULL,0,0,0,NULL,NULL,NULL,NULL,0,0,0,NULL,NULL,NULL,0,0,0,0,NULL,NULL,0,0,0,0,0,0,NULL,NULL,NULL,NULL,NULL,0,0,NULL,NULL
44649,0,0,1,-1,NULL,NULL,NULL,NULL,NULL,NULL,NULL,0,0,0,0,NULL,NULL,0,0,0,0,0,0,NULL,0,0,0,0,0,38,NULL,NULL,NULL,NULL,0,0,0,NULL,NULL,NULL,NULL,0,0,0,NULL,NULL,NULL,0,0,0,0,NULL,NULL,0,0,0,0,0,0,NULL,NULL,NULL,NULL,NULL,0,0,NULL,NULL
44650,0,0,0,0,NULL,NULL,NULL,NULL,NULL,NULL,NULL,0,0,0,0,NULL,NULL,0,0,0,0,0,0,NULL,0,0,0,0,0,1,NULL,NULL,NULL,NULL,0,0,0,NULL,NULL,NULL,NULL,0,0,0,NULL,NULL,NULL,0,0,0,0,NULL,NULL,0,0,0,0,0,0,NULL,NULL,NULL,NULL,NULL,0,0,NULL,NULL
44651,0,0,0,0,NULL,NULL,NULL,NULL,NULL,NULL,NULL,0,0,0,0,NULL,NULL,0,0,0,0,0,0,NULL,0,0,0,0,0,31,NULL,NULL,NULL,NULL,0,0,0,NULL,NULL,NULL,NULL,0,0,0,NULL,NULL,NULL,0,0,0,0,NULL,NULL,0,0,0,0,0,0,NULL,NULL,NULL,NULL,NULL,0,0,NULL,NULL
44652,0,0,0,0,NULL,NULL,NULL,NULL,NULL,NULL,NULL,0,0,0,0,NULL,NULL,0,0,0,0,0,0,NULL,0,0,0,0,0,25,NULL,NULL,NULL,NULL,0,0,0,NULL,NULL,NULL,NULL,0,0,0,NULL,NULL,NULL,0,0,0,0,NULL,NULL,0,0,0,0,0,0,NULL,NULL,NULL,NULL,NULL,0,0,NULL,NULL
44653,0,0,0,0,NULL,NULL,NULL,NULL,NULL,NULL,NULL,0,0,0,0,NULL,NULL,0,0,0,0,0,0,NULL,0,0,0,0,0,22,NULL,NULL,NULL,NULL,0,0,0,NULL,NULL,NULL,NULL,0,0,0,NULL,NULL,NULL,0,0,0,0,NULL,NULL,0,0,0,0,0,0,NULL,NULL,NULL,NULL,NULL,0,0,NULL,NULL
44654,0,0,0,0,NULL,NULL,NULL,NULL,NULL,NULL,NULL,0,0,0,0,NULL,NULL,0,0,0,0,0,0,NULL,0,0,0,0,0,13,NULL,NULL,NULL,NULL,0,0,0,NULL,NULL,NULL,NULL,0,0,0,NULL,NULL,NULL,0,0,0,0,NULL,NULL,0,0,0,0,0,0,NULL,NULL,NULL,NULL,NULL,0,0,NULL,NULL
44655,0,0,0,0,NULL,NULL,NULL,NULL,NULL,NULL,NULL,0,0,0,0,NULL,NULL,0,0,0,0,0,0,NULL,0,0,0,0,0,31,NULL,NULL,NULL,NULL,0,0,0,NULL,NULL,NULL,NULL,0,0,0,NULL,NULL,NULL,0,0,0,0,NULL,NULL,0,0,0,0,0,0,NULL,NULL,NULL,NULL,NULL,0,0,NULL,NULL
44656,0,0,0,0,NULL,NULL,NULL,NULL,NULL,NULL,NULL,0,0,0,0,NULL,NULL,0,0,0,0,0,0,NULL,0,0,0,0,0,34,NULL,NULL,NULL,NULL,0,0,0,NULL,NULL,NULL,NULL,0,0,0,NULL,NULL,NULL,0,0,0,0,NULL,NULL,0,0,0,0,0,0,NULL,NULL,NULL,NULL,NULL,0,0,NULL,NULL
44657,0,0,0,0,NULL,NULL,NULL,NULL,NULL,NULL,NULL,0,0,0,0,NULL,NULL,0,0,0,0,0,0,NULL,0,0,0,0,0,15,NULL,NULL,NULL,NULL,0,0,0,NULL,NULL,NULL,NULL,0,0,0,NULL,NULL,NULL,0,0,0,0,NULL,NULL,0,0,0,0,0,0,NULL,NULL,NULL,NULL,NULL,0,0,NULL,NULL
44658,0,0,0,0,NULL,NULL,NULL,NULL,NULL,NULL,NULL,0,0,0,0,NULL,NULL,0,0,0,0,0,0,NULL,0,0,0,0,0,28,NULL,NULL,NULL,NULL,0,0,0,NULL,NULL,NULL,NULL,0,0,0,NULL,NULL,NULL,0,0,0,0,NULL,NULL,0,0,0,0,0,0,NULL,NULL,NULL,NULL,NULL,0,0,NULL,NULL
44659,0,0,0,0,NULL,NULL,NULL,NULL,NULL,NULL,NULL,0,0,0,0,NULL,NULL,0,0,0,0,0,0,NULL,0,0,0,0,0,22,NULL,NULL,NULL,NULL,0,0,0,NULL,NULL,NULL,NULL,0,0,0,NULL,NULL,NULL,0,0,0,0,NULL,NULL,0,0,0,0,0,0,NULL,NULL,NULL,NULL,NULL,0,0,NULL,NULL
44660,0,0,0,0,NULL,NULL,NULL,NULL,NULL,NULL,NULL,0,0,0,0,NULL,NULL,0,0,0,0,0,0,NULL,0,0,0,0,0,12,NULL,NULL,NULL,NULL,0,0,0,NULL,NULL,NULL,NULL,0,0,0,NULL,NULL,NULL,0,0,0,0,NULL,NULL,0,0,0,0,0,0,NULL,NULL,NULL,NULL,NULL,0,0,NULL,NULL
44661,0,0,0,0,NULL,NULL,NULL,NULL,NULL,NULL,NULL,0,0,0,0,NULL,NULL,0,0,0,0,0,0,NULL,0,0,0,0,0,11,NULL,NULL,NULL,NULL,0,0,0,NULL,NULL,NULL,NULL,0,0,0,NULL,NULL,NULL,0,0,0,0,NULL,NULL,0,0,0,0,0,0,NULL,NULL,NULL,NULL,NULL,0,0,NULL,NULL
44662,0,0,0,0,NULL,NULL,NULL,NULL,NULL,NULL,NULL,0,0,0,0,NULL,NULL,0,0,0,0,0,0,NULL,0,0,0,0,0,4,NULL,NULL,NULL,NULL,0,0,0,NULL,NULL,NULL,NULL,0,0,0,NULL,NULL,NULL,0,0,0,0,NULL,NULL,0,0,0,0,0,0,NULL,NULL,NULL,NULL,NULL,0,0,NULL,NULL
44663,0,0,0,0,NULL,NULL,NULL,NULL,NULL,NULL,NULL,0,0,0,0,NULL,NULL,0,0,0,0,0,0,NULL,0,0,0,0,0,19,NULL,NULL,NULL,NULL,0,0,0,NULL,NULL,NULL,NULL,0,0,0,NULL,NULL,NULL,0,0,0,0,NULL,NULL,0,0,0,0,0,0,NULL,NULL,NULL,NULL,NULL,0,0,NULL,NULL
44664,0,0,0,0,NULL,NULL,NULL,NULL,NULL,NULL,NULL,0,0,0,0,NULL,NULL,0,0,0,0,0,0,NULL,0,0,0,0,0,16,NULL,NULL,NULL,NULL,0,0,0,NULL,NULL,NULL,NULL,0,0,0,NULL,NULL,NULL,0,0,0,0,NULL,NULL,0,0,0,0,0,0,NULL,NULL,NULL,NULL,NULL,0,0,NULL,NULL
44665,0,0,0,0,NULL,NULL,NULL,NULL,NULL,NULL,NULL,0,0,0,0,NULL,NULL,0,0,0,0,0,0,NULL,0,0,0,0,0,17,NULL,NULL,NULL,NULL,0,0,0,NULL,NULL,NULL,NULL,0,0,0,NULL,NULL,NULL,0,0,0,0,NULL,NULL,0,0,0,0,0,0,NULL,NULL,NULL,NULL,NULL,0,0,NULL,NULL
44666,0,0,0,0,NULL,NULL,NULL,NULL,NULL,NULL,NULL,0,0,0,0,NULL,NULL,0,0,0,0,0,0,NULL,0,0,0,0,0,2,NULL,NULL,NULL,NULL,0,0,0,NULL,NULL,NULL,NULL,0,0,0,NULL,NULL,NULL,0,0,0,0,NULL,NULL,0,0,0,0,0,0,NULL,NULL,NULL,NULL,NULL,0,0,NULL,NULL
44667,0,0,0,0,NULL,NULL,NULL,NULL,NULL,NULL,NULL,0,0,0,0,NULL,NULL,0,0,0,0,0,0,NULL,0,0,0,0,0,3,NULL,NULL,NULL,NULL,0,0,0,NULL,NULL,NULL,NULL,0,0,0,NULL,NULL,NULL,0,0,0,0,NULL,NULL,0,0,0,0,0,0,NULL,NULL,NULL,NULL,NULL,0,0,NULL,NULL
44668,0,0,0,0,NULL,NULL,NULL,NULL,NULL,NULL,NULL,0,0,0,0,NULL,NULL,0,0,0,0,0,0,NULL,0,0,0,0,0,1,NULL,NULL,NULL,NULL,0,0,0,NULL,NULL,NULL,NULL,0,0,0,NULL,NULL,NULL,0,0,0,0,NULL,NULL,0,0,0,0,0,0,NULL,NULL,NULL,NULL,NULL,0,0,NULL,NULL
44669,0,0,0,0,NULL,NULL,NULL,NULL,NULL,NULL,NULL,0,0,0,0,NULL,NULL,0,0,0,0,0,0,NULL,0,0,0,0,0,13,NULL,NULL,NULL,NULL,0,0,0,NULL,NULL,NULL,NULL,0,0,0,NULL,NULL,NULL,0,0,0,0,NULL,NULL,0,0,0,0,0,0,NULL,NULL,NULL,NULL,NULL,0,0,NULL,NULL
44670,0,0,0,0,NULL,NULL,NULL,NULL,NULL,NULL,NULL,0,0,0,0,NULL,NULL,0,0,0,0,0,0,NULL,0,0,0,0,0,18,NULL,NULL,NULL,NULL,0,0,0,NULL,NULL,NULL,NULL,0,0,0,NULL,NULL,NULL,0,0,0,0,NULL,NULL,0,0,0,0,0,0,NULL,NULL,NULL,NULL,NULL,0,0,NULL,NULL
44671,0,0,0,0,NULL,NULL,NULL,NULL,NULL,NULL,NULL,0,0,0,0,NULL,NULL,0,0,0,0,0,0,NULL,0,0,0,0,0,19,NULL,NULL,NULL,NULL,0,0,0,NULL,NULL,NULL,NULL,0,0,0,NULL,NULL,NULL,0,0,0,0,NULL,NULL,0,0,0,0,0,0,NULL,NULL,NULL,NULL,NULL,0,0,NULL,NULL
44672,0,0,0,0,NULL,NULL,NULL,NULL,NULL,NULL,NULL,0,0,0,0,NULL,NULL,0,0,0,0,0,0,NULL,0,0,0,0,0,23,NULL,NULL,NULL,NULL,0,0,0,NULL,NULL,NULL,NULL,0,0,0,NULL,NULL,NULL,0,0,0,0,NULL,NULL,0,0,0,0,0,0,NULL,NULL,NULL,NULL,NULL,0,0,NULL,NULL
44673,0,0,0,0,NULL,NULL,NULL,NULL,NULL,NULL,NULL,0,0,0,0,NULL,NULL,0,0,0,0,0,0,NULL,0,0,0,0,0,37,NULL,NULL,NULL,NULL,0,0,0,NULL,NULL,NULL,NULL,0,0,0,NULL,NULL,NULL,0,0,0,0,NULL,NULL,0,0,0,0,0,0,NULL,NULL,NULL,NULL,NULL,0,0,NULL,NULL
44674,0,0,0,0,NULL,NULL,NULL,NULL,NULL,NULL,NULL,0,0,0,0,NULL,NULL,0,0,0,0,0,0,NULL,0,0,0,0,0,11,NULL,NULL,NULL,NULL,0,0,0,NULL,NULL,NULL,NULL,0,0,0,NULL,NULL,NULL,0,0,0,0,NULL,NULL,0,0,0,0,0,0,NULL,NULL,NULL,NULL,NULL,0,0,NULL,NULL
44675,0,0,0,0,NULL,NULL,NULL,NULL,NULL,NULL,NULL,0,0,0,0,NULL,NULL,0,0,0,0,0,0,NULL,0,0,0,0,0,27,NULL,NULL,NULL,NULL,0,0,0,NULL,NULL,NULL,NULL,0,0,0,NULL,NULL,NULL,0,0,0,0,NULL,NULL,0,0,0,0,0,0,NULL,NULL,NULL,NULL,NULL,0,0,NULL,NULL
44676,0,0,0,0,NULL,NULL,NULL,NULL,NULL,NULL,NULL,0,0,0,0,NULL,NULL,0,0,0,0,0,0,NULL,0,0,0,0,0,37,NULL,NULL,NULL,NULL,0,0,0,NULL,NULL,NULL,NULL,0,0,0,NULL,NULL,NULL,0,0,0,0,NULL,NULL,0,0,0,0,0,0,NULL,NULL,NULL,NULL,NULL,0,0,NULL,NULL
44677,0,0,0,0,NULL,NULL,NULL,NULL,NULL,NULL,NULL,0,0,0,0,NULL,NULL,0,0,0,0,0,0,NULL,0,0,0,0,0,10,NULL,NULL,NULL,NULL,0,0,0,NULL,NULL,NULL,NULL,0,0,0,NULL,NULL,NULL,0,0,0,0,NULL,NULL,0,0,0,0,0,0,NULL,NULL,NULL,NULL,NULL,0,0,NULL,NULL
44678,0,0,0,0,NULL,NULL,NULL,NULL,NULL,NULL,NULL,0,0,0,0,NULL,NULL,0,0,0,0,0,0,NULL,0,0,0,0,0,12,NULL,NULL,NULL,NULL,0,0,0,NULL,NULL,NULL,NULL,0,0,0,NULL,NULL,NULL,0,0,0,0,NULL,NULL,0,0,0,0,0,0,NULL,NULL,NULL,NULL,NULL,0,0,NULL,NULL
44679,0,0,0,0,NULL,NULL,NULL,NULL,NULL,NULL,NULL,0,0,0,0,NULL,NULL,0,0,0,0,0,0,NULL,0,0,0,0,0,3,NULL,NULL,NULL,NULL,0,0,0,NULL,NULL,NULL,NULL,0,0,0,NULL,NULL,NULL,0,0,0,0,NULL,NULL,0,0,0,0,0,0,NULL,NULL,NULL,NULL,NULL,0,0,NULL,NULL
44680,0,0,0,0,NULL,NULL,NULL,NULL,NULL,NULL,NULL,0,0,0,0,NULL,NULL,0,0,0,0,0,0,NULL,0,0,0,0,0,1,NULL,NULL,NULL,NULL,0,0,0,NULL,NULL,NULL,NULL,0,0,0,NULL,NULL,NULL,0,0,0,0,NULL,NULL,0,0,0,0,0,0,NULL,NULL,NULL,NULL,NULL,0,0,NULL,NULL
44681,0,0,0,0,NULL,NULL,NULL,NULL,NULL,NULL,NULL,0,0,0,0,NULL,NULL,0,0,0,0,0,0,NULL,0,0,0,0,0,10,NULL,NULL,NULL,NULL,0,0,0,NULL,NULL,NULL,NULL,0,0,0,NULL,NULL,NULL,0,0,0,0,NULL,NULL,0,0,0,0,0,0,NULL,NULL,NULL,NULL,NULL,0,0,NULL,NULL
44682,0,0,0,0,NULL,NULL,NULL,NULL,NULL,NULL,NULL,0,0,0,0,NULL,NULL,0,0,0,0,0,0,NULL,0,0,0,0,0,10,NULL,NULL,NULL,NULL,0,0,0,NULL,NULL,NULL,NULL,0,0,0,NULL,NULL,NULL,0,0,0,0,NULL,NULL,0,0,0,0,0,0,NULL,NULL,NULL,NULL,NULL,0,0,NULL,NULL
44683,0,0,0,0,NULL,NULL,NULL,NULL,NULL,NULL,NULL,0,0,0,0,NULL,NULL,0,0,0,0,0,0,NULL,0,0,0,0,0,6,NULL,NULL,NULL,NULL,0,0,0,NULL,NULL,NULL,NULL,0,0,0,NULL,NULL,NULL,0,0,0,0,NULL,NULL,0,0,0,0,0,0,NULL,NULL,NULL,NULL,NULL,0,0,NULL,NULL
44684,0,0,0,0,NULL,NULL,NULL,NULL,NULL,NULL,NULL,0,0,0,0,NULL,NULL,0,0,0,0,0,0,NULL,0,0,0,0,0,4,NULL,NULL,NULL,NULL,0,0,0,NULL,NULL,NULL,NULL,0,0,0,NULL,NULL,NULL,0,0,0,0,NULL,NULL,0,0,0,0,0,0,NULL,NULL,NULL,NULL,NULL,0,0,NULL,NULL
44685,0,0,0,0,NULL,NULL,NULL,NULL,NULL,NULL,NULL,0,0,0,0,NULL,NULL,0,0,0,0,0,0,NULL,0,0,0,0,0,3,NULL,NULL,NULL,NULL,0,0,0,NULL,NULL,NULL,NULL,0,0,0,NULL,NULL,NULL,0,0,0,0,NULL,NULL,0,0,0,0,0,0,NULL,NULL,NULL,NULL,NULL,0,0,NULL,NULL
44686,0,0,0,0,NULL,NULL,NULL,NULL,NULL,NULL,NULL,0,0,0,0,NULL,NULL,0,0,0,0,0,0,NULL,0,0,0,0,0,25,NULL,NULL,NULL,NULL,0,0,0,NULL,NULL,NULL,NULL,0,0,0,NULL,NULL,NULL,0,0,0,0,NULL,NULL,0,0,0,0,0,0,NULL,NULL,NULL,NULL,NULL,0,0,NULL,NULL
44687,0,0,0,0,NULL,NULL,NULL,NULL,NULL,NULL,NULL,0,0,0,0,NULL,NULL,0,0,0,0,0,0,NULL,0,0,0,0,0,15,NULL,NULL,NULL,NULL,0,0,0,NULL,NULL,NULL,NULL,0,0,0,NULL,NULL,NULL,0,0,0,0,NULL,NULL,0,0,0,0,0,0,NULL,NULL,NULL,NULL,NULL,0,0,NULL,NULL
44688,0,0,0,0,NULL,NULL,NULL,NULL,NULL,NULL,NULL,0,0,0,0,NULL,NULL,0,0,0,0,0,0,NULL,0,0,0,0,0,1,NULL,NULL,NULL,NULL,0,0,0,NULL,NULL,NULL,NULL,0,0,0,NULL,NULL,NULL,0,0,0,0,NULL,NULL,0,0,0,0,0,0,NULL,NULL,NULL,NULL,NULL,0,0,NULL,NULL
44689,0,0,0,0,NULL,NULL,NULL,NULL,NULL,NULL,NULL,0,0,0,0,NULL,NULL,0,0,0,0,0,0,NULL,0,0,0,0,0,1,NULL,NULL,NULL,NULL,0,0,0,NULL,NULL,NULL,NULL,0,0,0,NULL,NULL,NULL,0,0,0,0,NULL,NULL,0,0,0,0,0,0,NULL,NULL,NULL,NULL,NULL,0,0,NULL,NULL
44690,0,0,0,0,NULL,NULL,NULL,NULL,NULL,NULL,NULL,0,0,0,0,NULL,NULL,0,0,0,0,0,0,NULL,0,0,0,0,0,3,NULL,NULL,NULL,NULL,0,0,0,NULL,NULL,NULL,NULL,0,0,0,NULL,NULL,NULL,0,0,0,0,NULL,NULL,0,0,0,0,0,0,NULL,NULL,NULL,NULL,NULL,0,0,NULL,NULL
44691,0,0,0,0,NULL,NULL,NULL,NULL,NULL,NULL,NULL,0,0,0,0,NULL,NULL,0,0,0,0,0,0,NULL,0,0,0,0,0,1,NULL,NULL,NULL,NULL,0,0,0,NULL,NULL,NULL,NULL,0,0,0,NULL,NULL,NULL,0,0,0,0,NULL,NULL,0,0,0,0,0,0,NULL,NULL,NULL,NULL,NULL,0,0,NULL,NULL
44692,0,0,0,0,NULL,NULL,NULL,NULL,NULL,NULL,NULL,0,0,0,0,NULL,NULL,0,0,0,0,0,0,NULL,0,0,0,0,0,21,NULL,NULL,NULL,NULL,0,0,0,NULL,NULL,NULL,NULL,0,0,0,NULL,NULL,NULL,0,0,0,0,NULL,NULL,0,0,0,0,0,0,NULL,NULL,NULL,NULL,NULL,0,0,NULL,NULL
44693,0,0,0,0,NULL,NULL,NULL,NULL,NULL,NULL,NULL,0,0,0,0,NULL,NULL,0,0,0,0,0,0,NULL,0,0,0,0,0,5,NULL,NULL,NULL,NULL,0,0,0,NULL,NULL,NULL,NULL,0,0,0,NULL,NULL,NULL,0,0,0,0,NULL,NULL,0,0,0,0,0,0,NULL,NULL,NULL,NULL,NULL,0,0,NULL,NULL
44694,0,0,1,-1,NULL,NULL,NULL,NULL,NULL,NULL,NULL,0,0,0,0,NULL,NULL,0,0,0,0,0,0,NULL,0,0,0,0,0,29,NULL,NULL,NULL,NULL,0,0,0,NULL,NULL,NULL,NULL,0,0,0,NULL,NULL,NULL,0,0,0,0,NULL,NULL,0,0,0,0,0,0,NULL,NULL,NULL,NULL,NULL,0,0,NULL,NULL
44695,0,0,0,0,NULL,NULL,NULL,NULL,NULL,NULL,NULL,0,0,0,0,NULL,NULL,0,0,0,0,0,0,NULL,0,0,0,0,0,6,NULL,NULL,NULL,NULL,0,0,0,NULL,NULL,NULL,NULL,0,0,0,NULL,NULL,NULL,0,0,0,0,NULL,NULL,0,0,0,0,0,0,NULL,NULL,NULL,NULL,NULL,0,0,NULL,NULL
44696,0,0,0,0,NULL,NULL,NULL,NULL,NULL,NULL,NULL,0,0,0,0,NULL,NULL,0,0,0,0,0,0,NULL,0,0,0,0,0,3,NULL,NULL,NULL,NULL,0,0,0,NULL,NULL,NULL,NULL,0,0,0,NULL,NULL,NULL,0,0,0,0,NULL,NULL,0,0,0,0,0,0,NULL,NULL,NULL,NULL,NULL,0,0,NULL,NULL
44697,0,0,0,0,NULL,NULL,NULL,NULL,NULL,NULL,NULL,0,0,0,0,NULL,NULL,0,0,0,0,0,0,NULL,0,0,0,0,0,1,NULL,NULL,NULL,NULL,0,0,0,NULL,NULL,NULL,NULL,0,0,0,NULL,NULL,NULL,0,0,0,0,NULL,NULL,0,0,0,0,0,0,NULL,NULL,NULL,NULL,NULL,0,0,NULL,NULL
44698,0,0,0,0,NULL,NULL,NULL,NULL,NULL,NULL,NULL,0,0,0,0,NULL,NULL,0,0,0,0,0,0,NULL,0,0,0,0,0,16,NULL,NULL,NULL,NULL,0,0,0,NULL,NULL,NULL,NULL,0,0,0,NULL,NULL,NULL,0,0,0,0,NULL,NULL,0,0,0,0,0,0,NULL,NULL,NULL,NULL,NULL,0,0,NULL,NULL
44699,0,0,0,0,NULL,NULL,NULL,NULL,NULL,NULL,NULL,0,0,0,0,NULL,NULL,0,0,0,0,0,0,NULL,0,0,0,0,0,13,NULL,NULL,NULL,NULL,0,0,0,NULL,NULL,NULL,NULL,0,0,0,NULL,NULL,NULL,0,0,0,0,NULL,NULL,0,0,0,0,0,0,NULL,NULL,NULL,NULL,NULL,0,0,NULL,NULL
44700,0,0,0,0,NULL,NULL,NULL,NULL,NULL,NULL,NULL,0,0,0,0,NULL,NULL,0,0,0,0,0,0,NULL,0,0,0,0,0,10,NULL,NULL,NULL,NULL,0,0,0,NULL,NULL,NULL,NULL,0,0,0,NULL,NULL,NULL,0,0,0,0,NULL,NULL,0,0,0,0,0,0,NULL,NULL,NULL,NULL,NULL,0,0,NULL,NULL
44701,0,0,0,0,NULL,NULL,NULL,NULL,NULL,NULL,NULL,0,0,0,0,NULL,NULL,0,0,0,0,0,0,NULL,0,0,0,0,0,17,NULL,NULL,NULL,NULL,0,0,0,NULL,NULL,NULL,NULL,0,0,0,NULL,NULL,NULL,0,0,0,0,NULL,NULL,0,0,0,0,0,0,NULL,NULL,NULL,NULL,NULL,0,0,NULL,NULL
44702,0,0,0,0,NULL,NULL,NULL,NULL,NULL,NULL,NULL,0,0,0,0,NULL,NULL,0,0,0,0,0,0,NULL,0,0,0,0,0,9,NULL,NULL,NULL,NULL,0,0,0,NULL,NULL,NULL,NULL,0,0,0,NULL,NULL,NULL,0,0,0,0,NULL,NULL,0,0,0,0,0,0,NULL,NULL,NULL,NULL,NULL,0,0,NULL,NULL
44703,0,0,0,0,NULL,NULL,NULL,NULL,NULL,NULL,NULL,0,0,0,0,NULL,NULL,0,0,0,0,0,0,NULL,0,0,0,0,0,19,NULL,NULL,NULL,NULL,0,0,0,NULL,NULL,NULL,NULL,0,0,0,NULL,NULL,NULL,0,0,0,0,NULL,NULL,0,0,0,0,0,0,NULL,NULL,NULL,NULL,NULL,0,0,NULL,NULL
44704,0,0,1,-1,NULL,NULL,NULL,NULL,NULL,NULL,NULL,0,0,0,0,NULL,NULL,0,0,0,0,0,0,NULL,0,0,0,0,0,18,NULL,NULL,NULL,NULL,0,0,0,NULL,NULL,NULL,NULL,0,0,0,NULL,NULL,NULL,0,0,0,0,NULL,NULL,0,0,0,0,0,0,NULL,NULL,NULL,NULL,NULL,0,0,NULL,NULL
44705,0,0,0,0,NULL,NULL,NULL,NULL,NULL,NULL,NULL,0,0,0,0,NULL,NULL,0,0,0,0,0,0,NULL,0,0,0,0,0,7,NULL,NULL,NULL,NULL,0,0,0,NULL,NULL,NULL,NULL,0,0,0,NULL,NULL,NULL,0,0,0,0,NULL,NULL,0,0,0,0,0,0,NULL,NULL,NULL,NULL,NULL,0,0,NULL,NULL
44706,0,0,0,0,NULL,NULL,NULL,NULL,NULL,NULL,NULL,0,0,0,0,NULL,NULL,0,0,0,0,0,0,NULL,0,0,0,0,0,14,NULL,NULL,NULL,NULL,0,0,0,NULL,NULL,NULL,NULL,0,0,0,NULL,NULL,NULL,0,0,0,0,NULL,NULL,0,0,0,0,0,0,NULL,NULL,NULL,NULL,NULL,0,0,NULL,NULL
44707,0,0,0,0,NULL,NULL,NULL,NULL,NULL,NULL,NULL,0,0,0,0,NULL,NULL,0,0,0,0,0,0,NULL,0,0,0,0,0,9,NULL,NULL,NULL,NULL,0,0,0,NULL,NULL,NULL,NULL,0,0,0,NULL,NULL,NULL,0,0,0,0,NULL,NULL,0,0,1,0,0,0,NULL,NULL,NULL,NULL,NULL,0,0,NULL,NULL
44708,0,0,0,0,NULL,NULL,NULL,NULL,NULL,NULL,NULL,0,0,0,0,NULL,NULL,0,0,0,0,0,0,NULL,0,0,0,0,0,12,NULL,NULL,NULL,NULL,0,0,0,NULL,NULL,NULL,NULL,0,0,0,NULL,NULL,NULL,0,0,0,0,NULL,NULL,0,0,0,0,0,0,NULL,NULL,NULL,NULL,NULL,0,0,NULL,NULL
44709,0,0,0,0,NULL,NULL,NULL,NULL,NULL,NULL,NULL,0,0,0,0,NULL,NULL,0,0,0,0,0,0,NULL,0,0,0,0,0,8,NULL,NULL,NULL,NULL,0,0,0,NULL,NULL,NULL,NULL,0,0,0,NULL,NULL,NULL,0,0,0,0,NULL,NULL,0,0,0,0,0,0,NULL,NULL,NULL,NULL,NULL,0,0,NULL,NULL
44710,0,0,0,0,NULL,NULL,NULL,NULL,NULL,NULL,NULL,0,0,0,0,NULL,NULL,0,0,0,0,0,0,NULL,0,0,0,0,0,7,NULL,NULL,NULL,NULL,0,0,0,NULL,NULL,NULL,NULL,0,0,0,NULL,NULL,NULL,0,0,0,0,NULL,NULL,0,0,0,0,0,0,NULL,NULL,NULL,NULL,NULL,0,0,NULL,NULL
44711,0,0,0,0,NULL,NULL,NULL,NULL,NULL,NULL,NULL,0,0,0,0,NULL,NULL,0,0,0,0,0,0,NULL,0,0,0,0,0,8,NULL,NULL,NULL,NULL,0,0,0,NULL,NULL,NULL,NULL,0,0,0,NULL,NULL,NULL,0,0,0,0,NULL,NULL,0,0,0,0,0,0,NULL,NULL,NULL,NULL,NULL,0,0,NULL,NULL
44712,0,0,0,0,NULL,NULL,NULL,NULL,NULL,NULL,NULL,0,0,0,0,NULL,NULL,0,0,0,0,0,0,NULL,0,0,0,0,0,20,NULL,NULL,NULL,NULL,0,0,0,NULL,NULL,NULL,NULL,0,0,0,NULL,NULL,NULL,0,0,0,0,NULL,NULL,0,0,0,0,0,0,NULL,NULL,NULL,NULL,NULL,0,0,NULL,NULL
44713,0,0,0,0,NULL,NULL,NULL,NULL,NULL,NULL,NULL,0,0,0,0,NULL,NULL,0,0,0,0,0,0,NULL,0,0,0,0,0,11,NULL,NULL,NULL,NULL,0,0,0,NULL,NULL,NULL,NULL,0,0,0,NULL,NULL,NULL,0,0,0,0,NULL,NULL,0,0,0,0,0,0,NULL,NULL,NULL,NULL,NULL,0,0,NULL,NULL
44714,0,0,0,0,NULL,NULL,NULL,NULL,NULL,NULL,NULL,0,0,0,0,NULL,NULL,0,0,0,0,0,0,NULL,0,0,0,0,0,23,NULL,NULL,NULL,NULL,0,0,0,NULL,NULL,NULL,NULL,0,0,0,NULL,NULL,NULL,0,0,0,0,NULL,NULL,0,0,0,0,0,0,NULL,NULL,NULL,NULL,NULL,0,0,NULL,NULL
44715,0,0,0,0,NULL,NULL,NULL,NULL,NULL,NULL,NULL,0,0,0,0,NULL,NULL,0,0,0,0,0,0,NULL,0,0,0,0,0,15,NULL,NULL,NULL,NULL,0,0,0,NULL,NULL,NULL,NULL,0,0,0,NULL,NULL,NULL,0,0,0,0,NULL,NULL,0,0,0,0,0,0,NULL,NULL,NULL,NULL,NULL,0,0,NULL,NULL
44716,0,0,0,0,NULL,NULL,NULL,NULL,NULL,NULL,NULL,0,0,0,0,NULL,NULL,0,0,0,0,0,0,NULL,0,0,0,0,0,19,NULL,NULL,NULL,NULL,0,0,0,NULL,NULL,NULL,NULL,0,0,0,NULL,NULL,NULL,0,0,0,0,NULL,NULL,0,0,0,0,0,0,NULL,NULL,NULL,NULL,NULL,0,0,NULL,NULL
44717,0,0,0,0,NULL,NULL,NULL,NULL,NULL,NULL,NULL,0,0,0,0,NULL,NULL,0,0,0,0,0,0,NULL,0,0,0,0,0,17,NULL,NULL,NULL,NULL,0,0,0,NULL,NULL,NULL,NULL,0,0,0,NULL,NULL,NULL,0,0,0,0,NULL,NULL,0,0,0,0,0,0,NULL,NULL,NULL,NULL,NULL,0,0,NULL,NULL
44718,0,0,0,0,NULL,NULL,NULL,NULL,NULL,NULL,NULL,0,0,0,0,NULL,NULL,0,0,0,0,0,0,NULL,0,0,0,0,0,32,NULL,NULL,NULL,NULL,0,0,0,NULL,NULL,NULL,NULL,0,0,0,NULL,NULL,NULL,0,0,0,0,NULL,NULL,0,0,0,0,0,0,NULL,NULL,NULL,NULL,NULL,0,0,NULL,NULL
44719,0,0,0,0,NULL,NULL,NULL,NULL,NULL,NULL,NULL,0,0,0,0,NULL,NULL,0,0,0,0,0,0,NULL,0,0,0,0,0,14,NULL,NULL,NULL,NULL,0,0,0,NULL,NULL,NULL,NULL,0,0,0,NULL,NULL,NULL,0,0,0,0,NULL,NULL,0,0,0,0,0,0,NULL,NULL,NULL,NULL,NULL,0,0,NULL,NULL
44720,0,0,0,0,NULL,NULL,NULL,NULL,NULL,NULL,NULL,0,0,0,0,NULL,NULL,0,0,0,0,0,0,NULL,0,0,0,0,0,19,NULL,NULL,NULL,NULL,0,0,0,NULL,NULL,NULL,NULL,0,0,0,NULL,NULL,NULL,0,0,0,0,NULL,NULL,0,0,0,0,0,0,NULL,NULL,NULL,NULL,NULL,0,0,NULL,NULL
44721,0,0,0,0,NULL,NULL,NULL,NULL,NULL,NULL,NULL,0,0,0,0,NULL,NULL,0,0,0,0,0,0,NULL,0,0,0,0,0,4,NULL,NULL,NULL,NULL,0,0,0,NULL,NULL,NULL,NULL,0,0,0,NULL,NULL,NULL,0,0,0,0,NULL,NULL,0,0,0,0,0,0,NULL,NULL,NULL,NULL,NULL,0,0,NULL,NULL
44722,0,0,0,0,NULL,NULL,NULL,NULL,NULL,NULL,NULL,0,0,0,0,NULL,NULL,0,0,0,0,0,0,NULL,0,0,0,0,0,6,NULL,NULL,NULL,NULL,0,0,0,NULL,NULL,NULL,NULL,0,0,0,NULL,NULL,NULL,0,0,0,0,NULL,NULL,0,0,0,0,0,0,NULL,NULL,NULL,NULL,NULL,0,0,NULL,NULL
44723,0,0,0,0,NULL,NULL,NULL,NULL,NULL,NULL,NULL,0,0,0,0,NULL,NULL,0,0,0,0,0,0,NULL,0,0,0,0,0,14,NULL,NULL,NULL,NULL,0,0,0,NULL,NULL,NULL,NULL,0,0,0,NULL,NULL,NULL,0,0,0,0,NULL,NULL,0,0,0,0,0,0,NULL,NULL,NULL,NULL,NULL,0,0,NULL,NULL
44724,0,0,0,0,NULL,NULL,NULL,NULL,NULL,NULL,NULL,0,0,0,0,NULL,NULL,0,0,0,0,0,0,NULL,0,0,0,0,0,23,NULL,NULL,NULL,NULL,0,0,0,NULL,NULL,NULL,NULL,0,0,0,NULL,NULL,NULL,0,0,0,0,NULL,NULL,0,0,0,0,0,0,NULL,NULL,NULL,NULL,NULL,0,0,NULL,NULL
44725,0,0,0,0,NULL,NULL,NULL,NULL,NULL,NULL,NULL,0,0,0,0,NULL,NULL,0,0,0,0,0,0,NULL,0,0,0,0,0,4,NULL,NULL,NULL,NULL,0,0,0,NULL,NULL,NULL,NULL,0,0,0,NULL,NULL,NULL,0,0,0,0,NULL,NULL,0,0,0,0,0,0,NULL,NULL,NULL,NULL,NULL,0,0,NULL,NULL
44726,0,0,0,0,NULL,NULL,NULL,NULL,NULL,NULL,NULL,0,0,0,0,NULL,NULL,0,0,0,0,0,0,NULL,0,0,0,0,0,13,NULL,NULL,NULL,NULL,0,0,0,NULL,NULL,NULL,NULL,0,0,0,NULL,NULL,NULL,0,0,0,0,NULL,NULL,0,0,0,0,0,0,NULL,NULL,NULL,NULL,NULL,0,0,NULL,NULL
44727,0,0,0,0,NULL,NULL,NULL,NULL,NULL,NULL,NULL,0,0,0,0,NULL,NULL,0,0,0,0,0,0,NULL,0,0,0,0,0,11,NULL,NULL,NULL,NULL,0,0,0,NULL,NULL,NULL,NULL,0,0,0,NULL,NULL,NULL,0,0,0,0,NULL,NULL,0,0,0,0,0,0,NULL,NULL,NULL,NULL,NULL,0,0,NULL,NULL
44728,0,0,0,0,NULL,NULL,NULL,NULL,NULL,NULL,NULL,0,0,0,0,NULL,NULL,0,0,0,0,0,0,NULL,0,0,0,0,0,15,NULL,NULL,NULL,NULL,0,0,0,NULL,NULL,NULL,NULL,0,0,0,NULL,NULL,NULL,0,0,0,0,NULL,NULL,0,0,0,0,0,0,NULL,NULL,NULL,NULL,NULL,0,0,NULL,NULL
44729,0,0,0,0,NULL,NULL,NULL,NULL,NULL,NULL,NULL,0,0,0,0,NULL,NULL,0,0,0,0,0,0,NULL,0,0,0,0,0,12,NULL,NULL,NULL,NULL,0,0,0,NULL,NULL,NULL,NULL,0,0,0,NULL,NULL,NULL,0,0,0,0,NULL,NULL,0,0,0,0,0,0,NULL,NULL,NULL,NULL,NULL,0,0,NULL,NULL
44730,0,0,0,0,NULL,NULL,NULL,NULL,NULL,NULL,NULL,0,0,0,0,NULL,NULL,0,0,NULL,0,0,0,NULL,0,0,0,0,0,6,NULL,NULL,NULL,NULL,0,0,0,NULL,NULL,NULL,NULL,0,0,0,NULL,NULL,NULL,0,0,0,0,NULL,NULL,0,0,0,0,0,0,NULL,NULL,NULL,NULL,NULL,0,0,NULL,NULL
44731,0,0,0,0,NULL,NULL,NULL,NULL,NULL,NULL,NULL,0,0,0,0,NULL,NULL,0,0,0,0,0,0,NULL,0,0,0,0,0,4,NULL,NULL,NULL,NULL,0,0,0,NULL,NULL,NULL,NULL,0,0,0,NULL,NULL,NULL,0,0,0,0,NULL,NULL,0,0,0,0,0,0,NULL,NULL,NULL,NULL,NULL,0,0,NULL,NULL
44732,0,0,0,0,NULL,NULL,NULL,NULL,NULL,NULL,NULL,0,0,0,0,NULL,NULL,0,0,0,0,0,0,NULL,0,0,0,0,0,29,NULL,NULL,NULL,NULL,0,0,0,NULL,NULL,NULL,NULL,0,0,0,NULL,NULL,NULL,0,0,0,0,NULL,NULL,0,0,0,0,0,0,NULL,NULL,NULL,NULL,NULL,0,0,NULL,NULL
44733,0,0,0,0,NULL,NULL,NULL,NULL,NULL,NULL,NULL,0,0,0,0,NULL,NULL,0,0,NULL,0,0,0,NULL,0,0,0,0,0,3,NULL,NULL,NULL,NULL,0,0,0,NULL,NULL,NULL,NULL,0,0,0,NULL,NULL,NULL,0,0,0,0,NULL,NULL,0,0,0,0,0,0,NULL,NULL,NULL,NULL,NULL,0,0,NULL,NULL
44734,0,0,0,0,NULL,NULL,NULL,NULL,NULL,NULL,NULL,0,0,0,0,NULL,NULL,0,0,0,0,0,0,NULL,0,0,0,0,0,13,NULL,NULL,NULL,NULL,0,0,0,NULL,NULL,NULL,NULL,0,0,0,NULL,NULL,NULL,0,0,0,0,NULL,NULL,0,0,0,0,0,0,NULL,NULL,NULL,NULL,NULL,0,0,NULL,NULL
44735,0,0,0,0,NULL,NULL,NULL,NULL,NULL,NULL,NULL,0,0,0,0,NULL,NULL,0,0,NULL,0,0,0,NULL,0,0,0,0,0,8,NULL,NULL,NULL,NULL,0,0,0,NULL,NULL,NULL,NULL,0,0,0,NULL,NULL,NULL,0,0,0,0,NULL,NULL,0,0,0,0,0,0,NULL,NULL,NULL,NULL,NULL,0,0,NULL,NULL
44736,0,0,0,0,NULL,NULL,NULL,NULL,NULL,NULL,NULL,0,0,0,0,NULL,NULL,0,0,NULL,0,0,0,NULL,0,0,0,0,0,12,NULL,NULL,NULL,NULL,0,0,0,NULL,NULL,NULL,NULL,0,0,0,NULL,NULL,NULL,0,0,0,0,NULL,NULL,0,0,0,0,0,0,NULL,NULL,NULL,NULL,NULL,0,0,NULL,NULL
44737,0,0,0,0,NULL,NULL,NULL,NULL,NULL,NULL,NULL,0,0,0,0,NULL,NULL,0,0,NULL,0,0,0,NULL,0,0,0,0,0,3,NULL,NULL,NULL,NULL,0,0,0,NULL,NULL,NULL,NULL,0,0,0,NULL,NULL,NULL,0,0,0,0,NULL,NULL,0,0,0,0,0,0,NULL,NULL,NULL,NULL,NULL,0,0,NULL,NULL
44738,0,0,0,0,NULL,NULL,NULL,NULL,NULL,NULL,NULL,0,0,0,0,NULL,NULL,0,0,0,0,0,0,NULL,0,0,0,0,0,4,NULL,NULL,NULL,NULL,0,0,0,NULL,NULL,NULL,NULL,0,0,0,NULL,NULL,NULL,0,0,0,0,NULL,NULL,0,0,0,0,0,0,NULL,NULL,NULL,NULL,NULL,0,0,NULL,NULL
44739,0,0,0,0,NULL,NULL,NULL,NULL,NULL,NULL,NULL,0,0,0,0,NULL,NULL,0,0,NULL,0,0,0,NULL,0,0,0,0,0,6,NULL,NULL,NULL,NULL,0,0,0,NULL,NULL,NULL,NULL,0,0,0,NULL,NULL,NULL,0,0,0,0,NULL,NULL,0,0,0,0,0,0,NULL,NULL,NULL,NULL,NULL,0,0,NULL,NULL
44740,0,0,0,0,NULL,NULL,NULL,NULL,NULL,NULL,NULL,0,0,0,0,NULL,NULL,0,0,0,0,0,0,NULL,0,0,0,0,0,3,NULL,NULL,NULL,NULL,0,0,0,NULL,NULL,NULL,NULL,0,0,0,NULL,NULL,NULL,0,0,0,0,NULL,NULL,0,0,0,0,0,0,NULL,NULL,NULL,NULL,NULL,0,0,NULL,NULL
44741,0,0,0,0,NULL,NULL,NULL,NULL,NULL,NULL,NULL,0,0,0,0,NULL,NULL,0,0,NULL,0,0,0,NULL,0,0,0,0,0,3,NULL,NULL,NULL,NULL,0,0,0,NULL,NULL,NULL,NULL,0,0,0,NULL,NULL,NULL,0,0,0,0,NULL,NULL,0,0,0,0,0,0,NULL,NULL,NULL,NULL,NULL,0,0,NULL,NULL
44742,NULL,NULL,NULL,NULL,NULL,NULL,NULL,NULL,NULL,NULL,NULL,NULL,NULL,NULL,NULL,NULL,NULL,NULL,NULL,NULL,NULL,NULL,NULL,NULL,NULL,NULL,NULL,NULL,NULL,NULL,NULL,NULL,NULL,NULL,0,0,0,NULL,NULL,NULL,NULL,NULL,NULL,NULL,NULL,NULL,NULL,NULL,NULL,NULL,NULL,NULL,NULL,NULL,NULL,NULL,NULL,NULL,NULL,NULL,NULL,NULL,NULL,NULL,NULL,NULL,NULL,NULL
44743,0,0,0,0,NULL,NULL,NULL,NULL,NULL,NULL,NULL,0,0,0,0,NULL,NULL,0,0,NULL,NULL,0,0,NULL,0,0,0,0,0,0,NULL,NULL,NULL,NULL,0,0,0,NULL,NULL,NULL,NULL,NULL,NULL,NULL,NULL,NULL,NULL,0,0,0,0,NULL,NULL,0,0,0,0,NULL,0,NULL,NULL,NULL,NULL,NULL,NULL,NULL,NULL,NULL
44744,0,0,0,0,NULL,NULL,NULL,NULL,NULL,NULL,NULL,0,0,0,0,NULL,NULL,0,0,NULL,0,0,0,NULL,0,0,0,0,0,2,NULL,NULL,NULL,NULL,0,0,0,NULL,NULL,NULL,NULL,0,0,0,NULL,NULL,NULL,0,0,0,0,NULL,NULL,0,0,0,0,0,0,NULL,NULL,NULL,NULL,NULL,0,0,NULL,NULL
44745,0,0,0,0,NULL,NULL,NULL,NULL,NULL,NULL,NULL,0,0,0,0,NULL,NULL,0,0,NULL,NULL,0,0,NULL,0,0,0,0,0,0,NULL,NULL,NULL,NULL,0,0,0,NULL,NULL,NULL,NULL,NULL,NULL,NULL,NULL,NULL,NULL,0,0,0,0,NULL,NULL,0,0,0,0,NULL,0,NULL,NULL,NULL,NULL,NULL,NULL,NULL,NULL,NULL
44746,0,0,0,0,NULL,NULL,NULL,NULL,NULL,NULL,NULL,0,0,0,0,NULL,NULL,0,0,NULL,NULL,0,0,NULL,0,0,0,0,0,0,NULL,NULL,NULL,NULL,0,0,0,NULL,NULL,NULL,NULL,NULL,NULL,NULL,NULL,NULL,NULL,0,0,0,0,NULL,NULL,0,0,0,0,NULL,0,NULL,NULL,NULL,NULL,NULL,NULL,NULL,NULL,NULL
