44428,0,0,0,0,NULL,NULL,NULL,NULL,NULL,NULL,NULL,3,15,15,0,2022-02-03 19:25:39,2022-02-03 19:26:11,0,0,0,0,0,0,NULL,0,0,0,0,0,15,3,NULL,0,0,0,0,0,NULL,NULL,NULL,NULL,0,0,0,0,NULL,NULL,0,0,0,0,NULL,NULL,0,0,0,0,0,0,1,1,1,0.4,NULL,0,0,0.8667,0
44429,0,0,0,0,NULL,NULL,NULL,NULL,NULL,NULL,NULL,3,9,9,0,2022-02-03 19:25:39,2022-02-03 19:26:11,0,0,0,0,0,0,NULL,0,0,0,0,0,9,3,NULL,0,0,0,0,0,NULL,NULL,NULL,NULL,0,0,0,0,NULL,NULL,0,0,0,0,NULL,NULL,0,0,0,0,0,0,1,1,1,0.2222,NULL,0,0,0.8889,0
44430,0,0,0,0,NULL,NULL,NULL,NULL,NULL,NULL,NULL,3,12,12,0,2022-02-03 19:29:43,2022-02-03 19:34:40,0,0,0,0,0,0,NULL,0,0,0,0,0,12,2,NULL,0,0,0,0,0,NULL,NULL,NULL,NULL,0,0,0,0,NULL,NULL,0,0,0,0,NULL,NULL,0,0,0,0,0,0,1,1,1,0.25,NULL,0,0,0.5,0.0833
44431,0,0,0,0,NULL,NULL,NULL,NULL,NULL,NULL,NULL,3,9,9,0,2022-02-03 19:25:39,2022-02-03 19:26:11,0,0,0,0,0,0,NULL,0,0,0,0,0,10,3,NULL,0,0,0,0,0,NULL,NULL,NULL,NULL,0,0,0,0,NULL,NULL,0,0,0,0,NULL,NULL,0,0,0,0,0,0,1,0.8889,0.3333,0,NULL,0,0,0,0
44432,0,0,0,0,NULL,NULL,NULL,NULL,NULL,NULL,NULL,3,17,17,0,2022-02-03 19:29:12,2022-02-03 19:33:43,0,0,0,0,0,0,NULL,0,0,0,0,0,17,2,NULL,0,0,0,0,0,NULL,NULL,NULL,NULL,0,0,0,0,NULL,NULL,0,0,0,0,NULL,NULL,0,0,0,0,0,0,1,1,1,0.2353,NULL,0,0,1,0
44433,0,0,0,0,NULL,NULL,NULL,NULL,NULL,NULL,NULL,3,9,9,0,2022-02-03 19:25:39,2022-02-03 19:26:11,0,0,0,0,0,0,NULL,0,0,0,0,0,9,3,NULL,0,0,0,0,0,NULL,NULL,NULL,NULL,0,0,0,0,NULL,NULL,0,0,0,0,NULL,NULL,0,0,0,0,0,0,1,1,1,0.3333,NULL,0,0,0.6667,0
44434,0,0,0,0,NULL,NULL,NULL,NULL,NULL,NULL,NULL,0,0,0,0,NULL,NULL,0,0,0,0,0,0,NULL,0,0,0,0,0,12,2,NULL,0,0,0,0,0,NULL,NULL,NULL,NULL,0,0,0,0,NULL,NULL,0,0,0,0,NULL,NULL,0,0,0,0,0,0,1,1,1,0.9167,NULL,0,0,1,0.5
44435,0,0,0,0,NULL,NULL,NULL,NULL,NULL,NULL,NULL,3,12,12,0,2022-02-03 19:25:39,2022-02-03 19:26:12,0,0,0,0,0,0,NULL,0,0,0,0,0,12,3,NULL,0,0,0,0,0,NULL,NULL,NULL,NULL,0,0,0,0,NULL,NULL,0,0,0,0,NULL,NULL,0,0,0,0,0,0,1,1,1,1,NULL,0,0,1,0.6667
44436,0,0,1,-1,NULL,NULL,NULL,NULL,NULL,NULL,NULL,0,0,0,0,NULL,NULL,0,0,0,0,0,0,NULL,0,0,0,0,0,9,2,NULL,0,0,0,0,0,NULL,NULL,NULL,NULL,0,0,0,0,NULL,NULL,3,1,1,0,2022-02-03 19:27:09,2022-02-03 19:27:09,0,0,0,0,0,0,1,1,1,0.8889,NULL,0,0,1,0.2222
44437,0,0,1,-1,NULL,NULL,NULL,NULL,NULL,NULL,NULL,0,0,0,0,NULL,NULL,0,0,0,0,0,0,NULL,0,0,0,0,0,13,3,NULL,0,0,0,0,0,NULL,NULL,NULL,NULL,0,0,0,0,NULL,NULL,0,0,0,0,NULL,NULL,0,0,0,0,0,0,1,1,1,0,NULL,0,0,0.3846,0
44438,0,0,0,0,NULL,NULL,NULL,NULL,NULL,NULL,NULL,0,0,0,0,NULL,NULL,0,0,0,0,0,0,NULL,0,0,0,0,0,11,3,NULL,0,0,0,0,0,NULL,NULL,NULL,NULL,0,0,0,0,NULL,NULL,0,0,0,0,NULL,NULL,0,0,0,0,0,0,1,1,1,0.8182,NULL,0,0,1,0
44439,0,0,0,0,NULL,NULL,NULL,NULL,NULL,NULL,NULL,0,0,0,0,NULL,NULL,0,0,0,0,0,0,NULL,0,0,0,0,0,15,3,NULL,0,0,0,0,0,NULL,NULL,NULL,NULL,0,0,0,0,NULL,NULL,0,0,0,0,NULL,NULL,0,0,0,0,0,0,1,1,1,0.8667,NULL,0,0,1,0.4667
44440,0,0,0,0,NULL,NULL,NULL,NULL,NULL,NULL,NULL,0,0,0,0,NULL,NULL,0,0,0,0,0,0,NULL,0,0,0,0,0,30,3,NULL,0,0,0,0,0,NULL,NULL,NULL,NULL,0,0,0,0,NULL,NULL,0,0,0,0,NULL,NULL,0,0,0,0,0,0,1,1,1,0.6667,NULL,0,0,0.9667,0.2333
44441,0,0,0,0,NULL,NULL,NULL,NULL,NULL,NULL,NULL,0,0,0,0,NULL,NULL,0,0,0,0,0,0,NULL,0,0,0,0,0,13,2,NULL,0,0,0,0,0,NULL,NULL,NULL,NULL,0,0,0,0,NULL,NULL,0,0,0,0,NULL,NULL,0,0,0,0,0,0,1,0.6923,0.0769,0,NULL,0,0,0,0
44442,0,0,0,0,NULL,NULL,NULL,NULL,NULL,NULL,NULL,0,0,0,0,NULL,NULL,0,0,0,0,0,0,NULL,0,0,0,0,0,11,3,NULL,0,0,0,0,0,NULL,NULL,NULL,NULL,0,0,0,0,NULL,NULL,0,0,0,0,NULL,NULL,0,0,0,0,0,0,1,1,0.2727,0,NULL,0,0,0,0
44443,0,0,0,0,NULL,NULL,NULL,NULL,NULL,NULL,NULL,0,0,0,0,NULL,NULL,0,0,0,0,0,0,NULL,0,0,0,0,0,8,2,NULL,0,0,0,0,0,NULL,NULL,NULL,NULL,0,0,0,0,NULL,NULL,0,0,0,0,NULL,NULL,0,0,0,0,0,0,1,1,0.625,0,NULL,0,0,0.125,0
44444,0,0,0,0,NULL,NULL,NULL,NULL,NULL,NULL,NULL,0,0,0,0,NULL,NULL,0,0,0,0,0,0,NULL,0,0,0,0,0,9,3,NULL,0,0,0,0,0,NULL,NULL,NULL,NULL,0,0,0,0,NULL,NULL,0,0,0,0,NULL,NULL,0,0,0,0,0,0,1,1,0.8889,0,NULL,0,0,0,0
44445,0,0,0,0,NULL,NULL,NULL,NULL,NULL,NULL,NULL,0,0,0,0,NULL,NULL,0,0,0,0,0,0,NULL,0,0,0,0,0,30,2,NULL,0,0,0,0,0,NULL,NULL,NULL,NULL,0,0,0,0,NULL,NULL,0,0,0,0,NULL,NULL,0,0,0,0,0,0,1,1,0.5667,0,NULL,0,0,0.0333,0
44446,0,0,0,0,NULL,NULL,NULL,NULL,NULL,NULL,NULL,0,0,0,0,NULL,NULL,0,0,0,0,0,0,NULL,0,0,0,0,0,19,2,NULL,0,0,0,0,0,NULL,NULL,NULL,NULL,0,0,0,0,NULL,NULL,0,0,0,0,NULL,NULL,0,0,0,0,0,0,1,1,0.8947,0.4211,NULL,0,0,0.7895,0.0526
44447,0,0,0,0,NULL,NULL,NULL,NULL,NULL,NULL,NULL,0,0,0,0,NULL,NULL,0,0,0,0,0,0,NULL,0,0,0,0,0,12,3,NULL,0,0,0,0,0,NULL,NULL,NULL,NULL,0,0,0,0,NULL,NULL,0,0,0,0,NULL,NULL,0,0,0,0,0,0,1,1,0.75,0.1667,NULL,0,0,0.4167,0
44448,0,0,0,0,NULL,NULL,NULL,NULL,NULL,NULL,NULL,0,0,0,0,NULL,NULL,0,0,0,0,0,0,NULL,0,0,0,0,0,11,3,NULL,0,0,0,0,0,NULL,NULL,NULL,NULL,0,0,0,0,NULL,NULL,0,0,0,0,NULL,NULL,0,0,0,0,0,0,1,1,1,0.4545,NULL,0,0,0.9091,0.1818
44449,0,0,0,0,NULL,NULL,NULL,NULL,NULL,NULL,NULL,0,0,0,0,NULL,NULL,0,0,0,0,0,0,NULL,0,0,0,0,0,17,3,NULL,0,0,0,0,0,NULL,NULL,NULL,NULL,0,0,0,0,NULL,NULL,0,0,0,0,NULL,NULL,0,0,0,0,0,0,1,1,1,0,NULL,0,0,0.4167,0
44450,0,0,0,0,NULL,NULL,NULL,NULL,NULL,NULL,NULL,0,0,0,0,NULL,NULL,0,0,0,0,0,0,NULL,0,0,0,0,0,14,3,NULL,0,0,0,0,0,NULL,NULL,NULL,NULL,0,0,0,0,NULL,NULL,0,0,0,0,NULL,NULL,0,0,0,0,0,0,1,1,1,0,NULL,0,0,0.4286,0
44451,0,0,0,0,NULL,NULL,NULL,NULL,NULL,NULL,NULL,0,0,0,0,NULL,NULL,0,0,0,0,0,0,NULL,0,0,0,0,0,2,3,NULL,0,0,0,0,0,NULL,NULL,NULL,NULL,0,0,0,0,NULL,NULL,0,0,0,0,NULL,NULL,0,0,0,0,0,0,1,1,1,0.5,NULL,0,0,1,0
44452,0,0,0,0,NULL,NULL,NULL,NULL,NULL,NULL,NULL,0,0,0,0,NULL,NULL,0,0,0,0,0,0,NULL,0,0,0,0,0,3,3,NULL,0,0,0,0,0,NULL,NULL,NULL,NULL,0,0,0,0,NULL,NULL,0,0,0,0,NULL,NULL,0,0,0,0,0,0,1,1,1,0,NULL,0,0,1,0
44453,0,0,0,0,NULL,NULL,NULL,NULL,NULL,NULL,NULL,0,0,0,0,NULL,NULL,0,0,0,0,0,0,NULL,0,0,0,0,0,2,2,NULL,0,0,0,0,0,NULL,NULL,NULL,NULL,0,0,0,0,NULL,NULL,0,0,0,0,NULL,NULL,0,0,0,0,0,0,1,1,1,1,NULL,0,0,1,0.5
44454,0,0,0,0,NULL,NULL,NULL,NULL,NULL,NULL,NULL,0,0,0,0,NULL,NULL,0,0,0,0,0,0,NULL,0,0,0,0,0,3,2,NULL,0,0,0,0,0,NULL,NULL,NULL,NULL,0,0,0,0,NULL,NULL,0,0,0,0,NULL,NULL,0,0,0,0,0,0,1,1,1,0.3333,NULL,0,0,0.6667,0
44455,0,0,0,0,NULL,NULL,NULL,NULL,NULL,NULL,NULL,0,0,0,0,NULL,NULL,0,0,0,0,0,0,NULL,0,0,0,0,0,15,2,NULL,0,0,0,0,0,NULL,NULL,NULL,NULL,0,0,0,0,NULL,NULL,0,0,0,0,NULL,NULL,0,0,0,0,0,0,1,1,1,0.9333,NULL,0,0,1,0.4667
44456,0,0,0,0,NULL,NULL,NULL,NULL,NULL,NULL,NULL,0,0,0,0,NULL,NULL,0,0,0,0,0,0,NULL,0,0,0,0,0,11,2,NULL,0,0,0,0,0,NULL,NULL,NULL,NULL,0,0,0,0,NULL,NULL,0,0,0,0,NULL,NULL,0,0,0,0,0,0,1,1,1,0.0909,NULL,0,0,0.5455,0
44457,0,0,0,0,NULL,NULL,NULL,NULL,NULL,NULL,NULL,0,0,0,0,NULL,NULL,0,0,0,0,0,0,NULL,0,0,0,0,0,14,3,NULL,0,0,0,0,0,NULL,NULL,NULL,NULL,0,0,0,0,NULL,NULL,0,0,0,0,NULL,NULL,0,0,0,0,0,0,1,1,1,0,NULL,0,0,0.2143,0
44458,0,0,1,-1,NULL,NULL,NULL,NULL,NULL,NULL,NULL,0,0,0,0,NULL,NULL,0,0,0,0,0,0,NULL,0,0,0,0,0,14,2,NULL,0,0,0,0,0,NULL,NULL,NULL,NULL,0,0,0,0,NULL,NULL,0,0,0,0,NULL,NULL,0,0,0,0,0,0,1,1,0.8571,0,NULL,0,0,0.7143,0
44459,0,0,0,0,NULL,NULL,NULL,NULL,NULL,NULL,NULL,0,0,0,0,NULL,NULL,0,0,0,0,0,0,NULL,0,0,0,0,0,1,2,NULL,0,0,0,0,0,NULL,NULL,NULL,NULL,0,0,0,0,NULL,NULL,0,0,0,0,NULL,NULL,0,0,0,0,0,0,1,1,1,0,NULL,0,0,1,0
44460,0,0,0,0,NULL,NULL,NULL,NULL,NULL,NULL,NULL,0,0,0,0,NULL,NULL,0,0,0,0,0,0,NULL,0,0,0,0,0,12,2,NULL,0,0,0,0,0,NULL,NULL,NULL,NULL,0,0,0,0,NULL,NULL,0,0,0,0,NULL,NULL,0,0,0,0,0,0,1,1,1,0.4167,NULL,0,0,1,0
44461,0,0,0,0,NULL,NULL,NULL,NULL,NULL,NULL,NULL,0,0,0,0,NULL,NULL,0,0,0,0,0,0,NULL,0,0,0,0,0,14,2,NULL,0,0,0,0,0,NULL,NULL,NULL,NULL,0,0,0,0,NULL,NULL,0,0,0,0,NULL,NULL,0,0,0,0,0,0,1,1,1,0.5,NULL,0,0,1,0.2143
44462,0,0,0,0,NULL,NULL,NULL,NULL,NULL,NULL,NULL,0,0,0,0,NULL,NULL,0,0,0,0,0,0,NULL,0,0,0,0,0,17,3,NULL,0,0,0,0,0,NULL,NULL,NULL,NULL,0,0,0,0,NULL,NULL,0,0,0,0,NULL,NULL,0,0,0,0,0,0,1,1,0.4118,0,NULL,0,0,0.0588,0
44463,0,0,0,0,NULL,NULL,NULL,NULL,NULL,NULL,NULL,0,0,0,0,NULL,NULL,0,0,0,0,0,0,NULL,0,0,0,0,0,12,2,NULL,0,0,0,0,0,NULL,NULL,NULL,NULL,0,0,0,0,NULL,NULL,0,0,0,0,NULL,NULL,0,0,0,0,0,0,1,0.8182,0.0909,0,NULL,0,0,0,0
44464,0,0,0,0,NULL,NULL,NULL,NULL,NULL,NULL,NULL,0,0,0,0,NULL,NULL,0,0,0,0,0,0,NULL,0,0,0,0,0,7,3,NULL,0,0,0,0,0,NULL,NULL,NULL,NULL,0,0,0,0,NULL,NULL,0,0,0,0,NULL,NULL,0,0,0,0,0,0,1,1,1,0,NULL,0,0,0,0
44465,0,0,0,0,NULL,NULL,NULL,NULL,NULL,NULL,NULL,0,0,0,0,NULL,NULL,0,0,0,0,0,0,NULL,0,0,0,0,0,18,2,NULL,0,0,0,0,0,NULL,NULL,NULL,NULL,0,0,0,0,NULL,NULL,0,0,0,0,NULL,NULL,0,0,0,0,0,0,1,1,1,0.2778,NULL,0,0,0.9444,0.0556
44466,0,0,1,-1,NULL,NULL,NULL,NULL,NULL,NULL,NULL,0,0,0,0,NULL,NULL,0,0,0,0,0,0,NULL,0,0,0,0,0,8,3,NULL,0,0,0,0,0,NULL,NULL,NULL,NULL,0,0,0,0,NULL,NULL,0,0,0,0,NULL,NULL,0,0,0,0,0,0,1,1,1,0.875,NULL,0,0,1,0.25
44467,0,0,1,-1,NULL,NULL,NULL,NULL,NULL,NULL,NULL,0,0,0,0,NULL,NULL,0,0,0,0,0,0,NULL,0,0,0,0,0,13,2,NULL,0,0,0,0,0,NULL,NULL,NULL,NULL,0,0,0,0,NULL,NULL,0,0,0,0,NULL,NULL,0,0,0,0,0,0,1,1,1,0.1538,NULL,0,0,0.9231,0
44468,0,0,0,0,NULL,NULL,NULL,NULL,NULL,NULL,NULL,0,0,0,0,NULL,NULL,0,0,0,0,0,0,NULL,0,0,0,0,0,10,2,NULL,0,0,0,0,0,NULL,NULL,NULL,NULL,0,0,0,0,NULL,NULL,0,0,0,0,NULL,NULL,0,0,0,0,0,0,1,1,1,0.2222,NULL,0,0,0.6667,0
44469,0,0,0,0,NULL,NULL,NULL,NULL,NULL,NULL,NULL,0,0,0,0,NULL,NULL,0,0,0,0,0,0,NULL,0,0,0,0,0,15,2,NULL,0,0,0,0,0,NULL,NULL,NULL,NULL,0,0,0,0,NULL,NULL,0,0,0,0,NULL,NULL,0,0,0,0,0,0,1,1,1,1,NULL,0,0,1,0.7333
44470,0,0,0,0,NULL,NULL,NULL,NULL,NULL,NULL,NULL,0,0,0,0,NULL,NULL,0,0,0,0,0,0,NULL,0,0,0,0,0,5,2,NULL,0,0,0,0,0,NULL,NULL,NULL,NULL,0,0,0,0,NULL,NULL,0,0,0,0,NULL,NULL,0,0,0,0,0,0,1,1,0.8,0,NULL,0,0,0.6,0
44471,0,0,0,0,NULL,NULL,NULL,NULL,NULL,NULL,NULL,0,0,0,0,NULL,NULL,0,0,0,0,0,0,NULL,0,0,0,0,0,9,2,NULL,0,0,0,0,0,NULL,NULL,NULL,NULL,0,0,0,0,NULL,NULL,0,0,0,0,NULL,NULL,0,0,0,0,0,0,1,1,0.6667,0,NULL,0,0,0.2222,0
44472,0,0,0,0,NULL,NULL,NULL,NULL,NULL,NULL,NULL,0,0,0,0,NULL,NULL,0,0,0,0,0,0,NULL,0,0,0,0,0,12,2,NULL,0,0,0,0,0,NULL,NULL,NULL,NULL,0,0,0,0,NULL,NULL,0,0,0,0,NULL,NULL,0,0,0,0,0,0,1,1,1,0.8333,NULL,0,0,1,0.5833
44473,0,0,0,0,NULL,NULL,NULL,NULL,NULL,NULL,NULL,0,0,0,0,NULL,NULL,0,0,0,0,0,0,NULL,0,0,0,0,0,8,3,NULL,0,0,0,0,0,NULL,NULL,NULL,NULL,0,0,0,0,NULL,NULL,0,0,0,0,NULL,NULL,0,0,0,0,0,0,1,1,1,0.5,NULL,0,0,0.875,0.125
44474,0,0,0,0,NULL,NULL,NULL,NULL,NULL,NULL,NULL,0,0,0,0,NULL,NULL,0,0,0,0,0,0,NULL,0,0,0,0,0,9,3,NULL,0,0,0,0,0,NULL,NULL,NULL,NULL,0,0,0,0,NULL,NULL,0,0,0,0,NULL,NULL,0,0,0,0,0,0,1,1,1,0,NULL,0,0,0.4444,0
44475,0,0,0,0,NULL,NULL,NULL,NULL,NULL,NULL,NULL,0,0,0,0,NULL,NULL,0,0,0,0,0,0,NULL,0,0,0,0,0,27,3,NULL,0,0,0,0,0,NULL,NULL,NULL,NULL,0,0,0,0,NULL,NULL,0,0,0,0,NULL,NULL,0,0,0,0,0,0,1,1,0.6923,0,NULL,0,0,0.2692,0
44476,0,0,0,0,NULL,NULL,NULL,NULL,NULL,NULL,NULL,0,0,0,0,NULL,NULL,0,0,0,0,0,0,NULL,0,0,0,0,0,13,3,NULL,0,0,0,0,0,NULL,NULL,NULL,NULL,0,0,0,0,NULL,NULL,0,0,0,0,NULL,NULL,0,0,0,0,0,0,1,1,0.8462,0.0769,NULL,0,0,0.5385,0
44477,0,0,0,0,NULL,NULL,NULL,NULL,NULL,NULL,NULL,0,0,0,0,NULL,NULL,0,0,0,0,0,0,NULL,0,0,0,0,0,13,3,NULL,0,0,0,0,0,NULL,NULL,NULL,NULL,0,0,0,0,NULL,NULL,0,0,0,0,NULL,NULL,0,0,0,0,0,0,1,0.9231,0.9231,0,NULL,0,0,0.6154,0
44478,0,0,0,0,NULL,NULL,NULL,NULL,NULL,NULL,NULL,0,0,0,0,NULL,NULL,0,0,0,0,0,0,NULL,0,0,0,0,0,6,3,NULL,0,0,0,0,0,NULL,NULL,NULL,NULL,0,0,0,0,NULL,NULL,0,0,0,0,NULL,NULL,0,0,0,0,0,0,1,0.8333,0.5,0,NULL,0,0,0.1667,0
44479,0,0,0,0,NULL,NULL,NULL,NULL,NULL,NULL,NULL,0,0,0,0,NULL,NULL,0,0,0,0,0,0,NULL,0,0,0,0,0,46,3,NULL,0,0,0,0,0,NULL,NULL,NULL,NULL,0,0,0,0,NULL,NULL,0,0,0,0,NULL,NULL,0,0,0,0,0,0,1,0.913,0.2391,0,NULL,0,0,0,0
44480,0,0,0,0,NULL,NULL,NULL,NULL,NULL,NULL,NULL,0,0,0,0,NULL,NULL,0,0,0,0,0,0,NULL,0,0,0,0,0,34,3,NULL,0,0,0,0,0,NULL,NULL,NULL,NULL,0,0,0,0,NULL,NULL,0,0,0,0,NULL,NULL,0,0,0,0,0,0,1,0.6765,0.0294,0,NULL,0,0,0,0
44481,0,0,0,0,NULL,NULL,NULL,NULL,NULL,NULL,NULL,0,0,0,0,NULL,NULL,0,0,0,0,0,0,NULL,0,0,0,0,0,9,2,NULL,0,0,0,0,0,NULL,NULL,NULL,NULL,0,0,0,0,NULL,NULL,0,0,0,0,NULL,NULL,0,0,0,0,0,0,1,0.5556,0,0,NULL,0,0,0,0
44482,0,0,0,0,NULL,NULL,NULL,NULL,NULL,NULL,NULL,0,0,0,0,NULL,NULL,0,0,0,0,0,0,NULL,0,0,0,0,0,17,3,NULL,0,0,0,0,0,NULL,NULL,NULL,NULL,0,0,0,0,NULL,NULL,0,0,0,0,NULL,NULL,0,0,0,0,0,0,1,0,0,0,NULL,0,0,0,0
44483,0,0,0,0,NULL,NULL,NULL,NULL,NULL,NULL,NULL,0,0,0,0,NULL,NULL,0,0,0,0,0,0,NULL,0,0,0,0,0,32,2,NULL,0,0,0,0,0,NULL,NULL,NULL,NULL,0,0,0,0,NULL,NULL,0,0,0,0,NULL,NULL,0,0,0,0,0,0,1,0.0938,0,0,NULL,0,0,0,0
44484,0,0,0,0,NULL,NULL,NULL,NULL,NULL,NULL,NULL,0,0,0,0,NULL,NULL,0,0,0,0,0,0,NULL,0,0,0,0,0,11,2,NULL,0,0,0,0,0,NULL,NULL,NULL,NULL,0,0,0,0,NULL,NULL,0,0,0,0,NULL,NULL,0,0,0,0,0,0,1,0,0,0,NULL,0,0,0,0
44485,0,0,0,0,NULL,NULL,NULL,NULL,NULL,NULL,NULL,0,0,0,0,NULL,NULL,0,0,0,0,0,0,NULL,0,0,0,0,0,10,3,NULL,0,0,0,0,0,NULL,NULL,NULL,NULL,0,0,0,0,NULL,NULL,0,0,0,0,NULL,NULL,0,0,0,0,0,0,1,1,0.8889,0,NULL,0,0,0,0
44486,0,0,0,0,NULL,NULL,NULL,NULL,NULL,NULL,NULL,0,0,0,0,NULL,NULL,0,0,0,0,0,0,NULL,0,0,0,0,0,14,3,NULL,0,0,0,0,0,NULL,NULL,NULL,NULL,0,0,0,0,NULL,NULL,0,0,0,0,NULL,NULL,0,0,0,0,0,0,1,0.9286,0.8571,0,NULL,0,0,0.1429,0
44487,0,0,0,0,NULL,NULL,NULL,NULL,NULL,NULL,NULL,0,0,0,0,NULL,NULL,0,0,0,0,0,0,NULL,0,0,0,0,0,19,3,NULL,0,0,0,0,0,NULL,NULL,NULL,NULL,0,0,0,0,NULL,NULL,0,0,0,0,NULL,NULL,0,0,0,0,0,0,1,1,0.2778,0,NULL,0,0,0,0
44488,0,0,0,0,NULL,NULL,NULL,NULL,NULL,NULL,NULL,0,0,0,0,NULL,NULL,0,0,0,0,0,0,NULL,0,0,0,0,0,11,3,NULL,0,0,0,0,0,NULL,NULL,NULL,NULL,0,0,0,0,NULL,NULL,0,0,0,0,NULL,NULL,0,0,0,0,0,0,1,1,0.4545,0,NULL,0,0,0,0
44489,0,0,0,0,NULL,NULL,NULL,NULL,NULL,NULL,NULL,0,0,0,0,NULL,NULL,0,0,0,0,0,0,NULL,0,0,0,0,0,3,2,NULL,0,0,0,0,0,NULL,NULL,NULL,NULL,0,0,0,0,NULL,NULL,0,0,0,0,NULL,NULL,0,0,0,0,0,0,1,1,0,0,NULL,0,0,0,0
44490,0,0,0,0,NULL,NULL,NULL,NULL,NULL,NULL,NULL,0,0,0,0,NULL,NULL,0,0,0,0,0,0,NULL,0,0,0,0,0,12,2,NULL,0,0,0,0,0,NULL,NULL,NULL,NULL,0,0,0,0,NULL,NULL,0,0,0,0,NULL,NULL,0,0,0,0,0,0,1,1,1,0.0833,NULL,0,0,0.8333,0
44491,0,0,0,0,NULL,NULL,NULL,NULL,NULL,NULL,NULL,0,0,0,0,NULL,NULL,0,0,0,0,0,0,NULL,0,0,0,0,0,11,2,NULL,0,0,0,0,0,NULL,NULL,NULL,NULL,0,0,0,0,NULL,NULL,0,0,0,0,NULL,NULL,0,0,0,0,0,0,1,0,0,0,NULL,0,0,0,0
44492,0,0,0,0,NULL,NULL,NULL,NULL,NULL,NULL,NULL,0,0,0,0,NULL,NULL,0,0,0,0,0,0,NULL,0,0,0,0,0,11,2,NULL,0,0,0,0,0,NULL,NULL,NULL,NULL,0,0,0,0,NULL,NULL,0,0,0,0,NULL,NULL,0,0,0,0,0,0,1,0,0,0,NULL,0,0,0,0
44493,0,0,0,0,NULL,NULL,NULL,NULL,NULL,NULL,NULL,0,0,0,0,NULL,NULL,0,0,0,0,0,0,NULL,0,0,0,0,0,11,3,NULL,0,0,0,0,0,NULL,NULL,NULL,NULL,0,0,0,0,NULL,NULL,0,0,0,0,NULL,NULL,0,0,0,0,0,0,0.9091,0,0,0,NULL,0,0,0,0
44494,0,0,0,0,NULL,NULL,NULL,NULL,NULL,NULL,NULL,0,0,0,0,NULL,NULL,0,0,0,0,0,0,NULL,0,0,0,0,0,3,2,NULL,0,0,0,0,0,NULL,NULL,NULL,NULL,0,0,0,0,NULL,NULL,0,0,0,0,NULL,NULL,0,0,0,0,0,0,0.3333,0,0,0,NULL,0,0,0,0
44495,0,0,0,0,NULL,NULL,NULL,NULL,NULL,NULL,NULL,0,0,0,0,NULL,NULL,0,0,0,0,0,0,NULL,0,0,0,0,0,4,2,NULL,0,0,0,0,0,NULL,NULL,NULL,NULL,0,0,0,0,NULL,NULL,0,0,0,0,NULL,NULL,0,0,0,0,0,0,1,1,0.75,0,NULL,0,0,0,0
44496,0,0,0,0,NULL,NULL,NULL,NULL,NULL,NULL,NULL,0,0,0,0,NULL,NULL,0,0,0,0,0,0,NULL,0,0,0,0,0,5,2,NULL,0,0,0,0,0,NULL,NULL,NULL,NULL,0,0,0,0,NULL,NULL,0,0,0,0,NULL,NULL,0,0,0,0,0,0,1,1,1,0,NULL,0,0,0,0
44497,0,0,0,0,NULL,NULL,NULL,NULL,NULL,NULL,NULL,0,0,0,0,NULL,NULL,0,0,0,0,0,0,NULL,0,0,0,0,0,3,3,NULL,0,0,0,0,0,NULL,NULL,NULL,NULL,0,0,0,0,NULL,NULL,0,0,0,0,NULL,NULL,0,0,0,0,0,0,1,1,0.3333,0,NULL,0,0,0,0
44498,0,0,0,0,NULL,NULL,NULL,NULL,NULL,NULL,NULL,0,0,0,0,NULL,NULL,0,0,0,0,0,0,NULL,0,0,0,0,0,9,2,NULL,0,0,0,0,0,NULL,NULL,NULL,NULL,0,0,0,0,NULL,NULL,0,0,0,0,NULL,NULL,0,0,0,0,0,0,1,0.1111,0,0,NULL,0,0,0,0
44499,0,0,0,0,NULL,NULL,NULL,NULL,NULL,NULL,NULL,0,0,0,0,NULL,NULL,0,0,0,0,0,0,NULL,0,0,0,0,0,12,2,NULL,0,0,0,0,0,NULL,NULL,NULL,NULL,0,0,0,0,NULL,NULL,0,0,0,0,NULL,NULL,0,0,0,0,0,0,1,0,0,0,NULL,0,0,0,0
44500,0,0,0,0,NULL,NULL,NULL,NULL,NULL,NULL,NULL,0,0,0,0,NULL,NULL,0,0,0,0,0,0,NULL,0,0,0,0,0,8,2,NULL,0,0,0,0,0,NULL,NULL,NULL,NULL,0,0,0,0,NULL,NULL,0,0,0,0,NULL,NULL,0,0,0,0,0,0,1,0,0,0,NULL,0,0,0,0
44501,0,0,0,0,NULL,NULL,NULL,NULL,NULL,NULL,NULL,0,0,0,0,NULL,NULL,0,0,0,0,0,0,NULL,0,0,0,0,0,8,2,NULL,0,0,0,0,0,NULL,NULL,NULL,NULL,0,0,0,0,NULL,NULL,0,0,0,0,NULL,NULL,0,0,0,0,0,0,1,0.75,0,0,NULL,0,0,0,0
44502,0,0,0,0,NULL,NULL,NULL,NULL,NULL,NULL,NULL,0,0,0,0,NULL,NULL,0,0,0,0,0,0,NULL,0,0,0,0,0,15,2,NULL,0,0,0,0,0,NULL,NULL,NULL,NULL,0,0,0,0,NULL,NULL,0,0,0,0,NULL,NULL,0,0,0,0,0,0,1,0.9333,0,0,NULL,0,0,0,0
44503,0,0,0,0,NULL,NULL,NULL,NULL,NULL,NULL,NULL,0,0,0,0,NULL,NULL,0,0,0,0,0,0,NULL,0,0,0,0,0,7,3,NULL,0,0,0,0,0,NULL,NULL,NULL,NULL,0,0,0,0,NULL,NULL,0,0,0,0,NULL,NULL,0,0,0,0,0,0,1,0.7143,0,0,NULL,0,0,0,0
44504,0,0,1,-1,NULL,NULL,NULL,NULL,NULL,NULL,NULL,0,0,0,0,NULL,NULL,0,0,0,0,0,0,NULL,0,0,0,0,0,24,3,NULL,0,0,0,0,0,NULL,NULL,NULL,NULL,0,0,0,0,NULL,NULL,0,0,0,0,NULL,NULL,0,0,0,0,0,0,1,1,0.75,0.125,NULL,0,0,0.4167,0
44505,0,0,0,0,NULL,NULL,NULL,NULL,NULL,NULL,NULL,0,0,0,0,NULL,NULL,0,0,0,0,0,0,NULL,0,0,0,0,0,20,3,NULL,0,0,0,0,0,NULL,NULL,NULL,NULL,0,0,0,0,NULL,NULL,0,0,0,0,NULL,NULL,0,0,0,0,0,0,1,1,0.9,0.05,NULL,0,0,0.6,0
44506,0,0,0,0,NULL,NULL,NULL,NULL,NULL,NULL,NULL,0,0,0,0,NULL,NULL,0,0,0,0,0,0,NULL,0,0,0,0,0,12,3,NULL,0,0,0,0,0,NULL,NULL,NULL,NULL,0,0,0,0,NULL,NULL,0,0,0,0,NULL,NULL,0,0,0,0,0,0,1,1,1,0,NULL,0,0,0.7273,0
44507,0,0,0,0,NULL,NULL,NULL,NULL,NULL,NULL,NULL,0,0,0,0,NULL,NULL,0,0,0,0,0,0,NULL,0,0,0,0,0,1,2,NULL,0,0,0,0,0,NULL,NULL,NULL,NULL,0,0,0,0,NULL,NULL,0,0,0,0,NULL,NULL,0,0,0,0,0,0,1,0,0,0,NULL,0,0,0,0
44508,0,0,0,0,NULL,NULL,NULL,NULL,NULL,NULL,NULL,0,0,0,0,NULL,NULL,0,0,0,0,0,0,NULL,0,0,0,0,0,5,2,NULL,0,0,0,0,0,NULL,NULL,NULL,NULL,0,0,0,0,NULL,NULL,0,0,0,0,NULL,NULL,0,0,0,0,0,0,1,0.2,0,0,NULL,0,0,0,0
44509,0,0,0,0,NULL,NULL,NULL,NULL,NULL,NULL,NULL,0,0,0,0,NULL,NULL,0,0,0,0,0,0,NULL,0,0,0,0,0,3,2,NULL,0,0,0,0,0,NULL,NULL,NULL,NULL,0,0,0,0,NULL,NULL,0,0,0,0,NULL,NULL,0,0,0,0,0,0,1,0,0,0,NULL,0,0,0,0
44510,0,0,1,-1,NULL,NULL,NULL,NULL,NULL,NULL,NULL,0,0,0,0,NULL,NULL,0,0,0,0,0,0,NULL,0,0,0,0,0,9,3,NULL,0,0,0,0,0,NULL,NULL,NULL,NULL,0,0,0,0,NULL,NULL,0,0,0,0,NULL,NULL,0,0,0,0,0,0,1,1,0,0,NULL,0,0,0,0
44511,0,0,0,0,NULL,NULL,NULL,NULL,NULL,NULL,NULL,0,0,0,0,NULL,NULL,0,0,0,0,0,0,NULL,0,0,0,0,0,15,3,NULL,0,0,0,0,0,NULL,NULL,NULL,NULL,0,0,0,0,NULL,NULL,0,0,0,0,NULL,NULL,0,0,0,0,0,0,1,1,1,0,NULL,0,0,0,0
44512,0,0,0,0,NULL,NULL,NULL,NULL,NULL,NULL,NULL,0,0,0,0,NULL,NULL,0,0,0,0,0,0,NULL,0,0,0,0,0,13,3,NULL,0,0,0,0,0,NULL,NULL,NULL,NULL,0,0,0,0,NULL,NULL,0,0,0,0,NULL,NULL,0,0,0,0,0,0,1,1,0.8462,0,NULL,0,0,0,0
44513,0,0,0,0,NULL,NULL,NULL,NULL,NULL,NULL,NULL,0,0,0,0,NULL,NULL,0,0,0,0,0,0,NULL,0,0,0,0,0,11,3,NULL,0,0,0,0,0,NULL,NULL,NULL,NULL,0,0,0,0,NULL,NULL,0,0,0,0,NULL,NULL,0,0,0,0,0,0,1,1,0.7273,0,NULL,0,0,0,0
44514,0,0,0,0,NULL,NULL,NULL,NULL,NULL,NULL,NULL,0,0,0,0,NULL,NULL,0,0,0,0,0,0,NULL,0,0,0,0,0,4,2,NULL,0,0,0,0,0,NULL,NULL,NULL,NULL,0,0,0,0,NULL,NULL,0,0,0,0,NULL,NULL,0,0,0,0,0,0,1,1,1,0,NULL,0,0,0.25,0
44515,0,0,0,0,NULL,NULL,NULL,NULL,NULL,NULL,NULL,0,0,0,0,NULL,NULL,0,0,0,0,0,0,NULL,0,0,0,0,0,2,2,NULL,0,0,0,0,0,NULL,NULL,NULL,NULL,0,0,0,0,NULL,NULL,0,0,0,0,NULL,NULL,0,0,0,0,0,0,1,1,1,0,NULL,0,0,0,0
44516,0,0,0,0,NULL,NULL,NULL,NULL,NULL,NULL,NULL,0,0,0,0,NULL,NULL,0,0,0,0,0,0,NULL,0,0,0,0,0,7,2,NULL,0,0,0,0,0,NULL,NULL,NULL,NULL,0,0,0,0,NULL,NULL,0,0,0,0,NULL,NULL,0,0,0,0,0,0,1,1,0.1429,0,NULL,0,0,0,0
44517,0,0,0,0,NULL,NULL,NULL,NULL,NULL,NULL,NULL,0,0,0,0,NULL,NULL,0,0,0,0,0,0,NULL,0,0,0,0,0,14,3,NULL,0,0,0,0,0,NULL,NULL,NULL,NULL,0,0,0,0,NULL,NULL,0,0,0,0,NULL,NULL,0,0,0,0,0,0,1,1,0.7143,0,NULL,0,0,0.5714,0
44518,0,0,2,-2,NULL,NULL,NULL,NULL,NULL,NULL,NULL,0,0,0,0,NULL,NULL,0,0,0,0,0,0,NULL,0,0,0,0,0,23,3,NULL,0,0,0,0,0,NULL,NULL,NULL,NULL,0,0,0,0,NULL,NULL,0,0,0,0,NULL,NULL,0,0,0,0,0,0,1,1,0.9524,0,NULL,0,0,0.1429,0
44519,0,0,0,0,NULL,NULL,NULL,NULL,NULL,NULL,NULL,0,0,0,0,NULL,NULL,0,0,0,0,0,0,NULL,0,0,0,0,0,20,2,NULL,0,0,0,0,0,NULL,NULL,NULL,NULL,0,0,0,0,NULL,NULL,0,0,0,0,NULL,NULL,0,0,0,0,0,0,1,0.95,0.05,0,NULL,0,0,0,0
44520,0,0,0,0,NULL,NULL,NULL,NULL,NULL,NULL,NULL,0,0,0,0,NULL,NULL,0,0,0,0,0,0,NULL,0,0,0,0,0,9,3,NULL,0,0,0,0,0,NULL,NULL,NULL,NULL,0,0,0,0,NULL,NULL,0,0,0,0,NULL,NULL,0,0,0,0,0,0,1,1,0.5556,0,NULL,0,0,0.3333,0
44521,0,0,0,0,NULL,NULL,NULL,NULL,NULL,NULL,NULL,0,0,0,0,NULL,NULL,0,0,0,0,0,0,NULL,0,0,0,0,0,16,2,NULL,0,0,0,0,0,NULL,NULL,NULL,NULL,0,0,0,0,NULL,NULL,0,0,0,0,NULL,NULL,0,0,0,0,0,0,1,0.875,0.1875,0,NULL,0,0,0,0
44522,0,0,0,0,NULL,NULL,NULL,NULL,NULL,NULL,NULL,0,0,0,0,NULL,NULL,0,0,0,0,0,0,NULL,0,0,0,0,0,10,2,NULL,0,0,0,0,0,NULL,NULL,NULL,NULL,0,0,0,0,NULL,NULL,0,0,0,0,NULL,NULL,0,0,0,0,0,0,1,1,0.6,0,NULL,0,0,0,0
44523,0,0,0,0,NULL,NULL,NULL,NULL,NULL,NULL,NULL,0,0,0,0,NULL,NULL,0,0,0,0,0,0,NULL,0,0,0,0,0,23,3,NULL,0,0,0,0,0,NULL,NULL,NULL,NULL,0,0,0,0,NULL,NULL,0,0,0,0,NULL,NULL,0,0,0,0,0,0,1,0.6522,0,0,NULL,0,0,0,0
44524,0,0,0,0,NULL,NULL,NULL,NULL,NULL,NULL,NULL,0,0,0,0,NULL,NULL,0,0,0,0,0,0,NULL,0,0,0,0,0,20,2,NULL,0,0,0,0,0,NULL,NULL,NULL,NULL,0,0,0,0,NULL,NULL,0,0,0,0,NULL,NULL,0,0,0,0,0,0,1,1,0.95,0.1,NULL,0,0,0.7,0
44525,0,0,0,0,NULL,NULL,NULL,NULL,NULL,NULL,NULL,0,0,0,0,NULL,NULL,0,0,0,0,0,0,NULL,0,0,0,0,0,20,2,NULL,0,0,0,0,0,NULL,NULL,NULL,NULL,0,0,0,0,NULL,NULL,0,0,0,0,NULL,NULL,0,0,0,0,0,0,1,0.85,0.1,0,NULL,0,0,0,0
44526,0,0,0,0,NULL,NULL,NULL,NULL,NULL,NULL,NULL,0,0,0,0,NULL,NULL,0,0,0,0,0,0,NULL,0,0,0,0,0,32,2,NULL,0,0,0,0,0,NULL,NULL,NULL,NULL,0,0,0,0,NULL,NULL,0,0,0,0,NULL,NULL,0,0,0,0,0,0,1,0,0,0,NULL,0,0,0,0
44527,0,0,0,0,NULL,NULL,NULL,NULL,NULL,NULL,NULL,0,0,0,0,NULL,NULL,0,0,0,0,0,0,NULL,0,0,0,0,0,12,2,NULL,0,0,0,0,0,NULL,NULL,NULL,NULL,0,0,0,0,NULL,NULL,0,0,0,0,NULL,NULL,0,0,0,0,0,0,1,0,0,0,NULL,0,0,0,0
44528,0,0,0,0,NULL,NULL,NULL,NULL,NULL,NULL,NULL,0,0,0,0,NULL,NULL,0,0,0,0,0,0,NULL,0,0,0,0,0,20,2,NULL,0,0,0,0,0,NULL,NULL,NULL,NULL,0,0,0,0,NULL,NULL,0,0,0,0,NULL,NULL,0,0,0,0,0,0,1,0,0,0,NULL,0,0,0,0
44529,0,0,0,0,NULL,NULL,NULL,NULL,NULL,NULL,NULL,0,0,0,0,NULL,NULL,0,0,0,0,0,0,NULL,0,0,0,0,0,13,2,NULL,0,0,0,0,0,NULL,NULL,NULL,NULL,0,0,0,0,NULL,NULL,0,0,0,0,NULL,NULL,0,0,0,0,0,0,1,1,0.0769,0,NULL,0,0,0,0
44530,0,0,0,0,NULL,NULL,NULL,NULL,NULL,NULL,NULL,0,0,0,0,NULL,NULL,0,0,0,0,0,0,NULL,0,0,0,0,0,16,3,NULL,0,0,0,0,0,NULL,NULL,NULL,NULL,0,0,0,0,NULL,NULL,0,0,0,0,NULL,NULL,0,0,0,0,0,0,1,1,0.4375,0,NULL,0,0,0,0
44531,0,0,0,0,NULL,NULL,NULL,NULL,NULL,NULL,NULL,0,0,0,0,NULL,NULL,0,0,0,0,0,0,NULL,0,0,0,0,0,14,2,NULL,0,0,0,0,0,NULL,NULL,NULL,NULL,0,0,0,0,NULL,NULL,0,0,0,0,NULL,NULL,0,0,0,0,0,0,1,0,0,0,NULL,0,0,0,0
44532,0,0,0,0,NULL,NULL,NULL,NULL,NULL,NULL,NULL,0,0,0,0,NULL,NULL,0,0,0,0,0,0,NULL,0,0,0,0,0,6,2,NULL,0,0,0,0,0,NULL,NULL,NULL,NULL,0,0,0,0,NULL,NULL,0,0,0,0,NULL,NULL,0,0,0,0,0,0,0,0,0,0,NULL,0,0,0,0
44533,0,0,0,0,NULL,NULL,NULL,NULL,NULL,NULL,NULL,0,0,0,0,NULL,NULL,0,0,0,0,0,0,NULL,0,0,0,0,0,13,2,NULL,0,0,0,0,0,NULL,NULL,NULL,NULL,0,0,0,0,NULL,NULL,0,0,0,0,NULL,NULL,0,0,0,0,0,0,1,1,1,0.7692,NULL,0,0,1,0.2308
44534,0,0,0,0,NULL,NULL,NULL,NULL,NULL,NULL,NULL,0,0,0,0,NULL,NULL,0,0,0,0,0,0,NULL,0,0,0,0,0,18,3,NULL,0,0,0,0,0,NULL,NULL,NULL,NULL,0,0,0,0,NULL,NULL,0,0,0,0,NULL,NULL,0,0,0,0,0,0,0.9444,0,0,0,NULL,0,0,0,0
44535,0,0,0,0,NULL,NULL,NULL,NULL,NULL,NULL,NULL,0,0,0,0,NULL,NULL,0,0,0,0,0,0,NULL,0,0,0,0,0,20,3,NULL,0,0,0,0,0,NULL,NULL,NULL,NULL,0,0,0,0,NULL,NULL,0,0,0,0,NULL,NULL,0,0,0,0,0,0,1,0.1,0,0,NULL,0,0,0,0
44536,0,0,0,0,NULL,NULL,NULL,NULL,NULL,NULL,NULL,0,0,0,0,NULL,NULL,0,0,0,0,0,0,NULL,0,0,0,0,0,15,3,NULL,0,0,0,0,0,NULL,NULL,NULL,NULL,0,0,0,0,NULL,NULL,0,0,0,0,NULL,NULL,0,0,0,0,0,0,1,0.8667,0,0,NULL,0,0,0,0
44537,0,0,1,-1,NULL,NULL,NULL,NULL,NULL,NULL,NULL,0,0,0,0,NULL,NULL,0,0,0,0,0,0,NULL,0,0,0,0,0,24,2,NULL,0,0,0,0,0,NULL,NULL,NULL,NULL,0,0,0,0,NULL,NULL,0,0,0,0,NULL,NULL,0,0,0,0,0,0,0.7083,0,0,0,NULL,0,0,0,0
44538,0,0,0,0,NULL,NULL,NULL,NULL,NULL,NULL,NULL,0,0,0,0,NULL,NULL,0,0,0,0,0,0,NULL,0,0,0,0,0,16,2,NULL,0,0,0,0,0,NULL,NULL,NULL,NULL,0,0,0,0,NULL,NULL,0,0,0,0,NULL,NULL,0,0,0,0,0,0,1,0,0,0,NULL,0,0,0,0
44539,0,0,0,0,NULL,NULL,NULL,NULL,NULL,NULL,NULL,0,0,0,0,NULL,NULL,0,0,0,0,0,0,NULL,0,0,0,0,0,2,2,NULL,0,0,0,0,0,NULL,NULL,NULL,NULL,0,0,0,0,NULL,NULL,0,0,0,0,NULL,NULL,0,0,0,0,0,0,0,0,0,0,NULL,0,0,0,0
44540,0,0,0,0,NULL,NULL,NULL,NULL,NULL,NULL,NULL,0,0,0,0,NULL,NULL,0,0,0,0,0,0,NULL,0,0,0,0,0,13,2,NULL,0,0,0,0,0,NULL,NULL,NULL,NULL,0,0,0,0,NULL,NULL,0,0,0,0,NULL,NULL,0,0,0,0,0,0,0.7692,0,0,0,NULL,0,0,0,0
44541,0,0,0,0,NULL,NULL,NULL,NULL,NULL,NULL,NULL,0,0,0,0,NULL,NULL,0,0,0,0,0,0,NULL,0,0,0,0,0,9,2,NULL,0,0,0,0,0,NULL,NULL,NULL,NULL,0,0,0,0,NULL,NULL,0,0,0,0,NULL,NULL,0,0,0,0,0,0,0.8889,0,0,0,NULL,0,0,0,0
44542,0,0,0,0,NULL,NULL,NULL,NULL,NULL,NULL,NULL,0,0,0,0,NULL,NULL,0,0,0,0,0,0,NULL,0,0,0,0,0,15,2,NULL,0,0,0,0,0,NULL,NULL,NULL,NULL,0,0,0,0,NULL,NULL,0,0,0,0,NULL,NULL,0,0,0,0,0,0,1,0.1333,0,0,NULL,0,0,0,0
44543,0,0,0,0,NULL,NULL,NULL,NULL,NULL,NULL,NULL,0,0,0,0,NULL,NULL,0,0,0,0,0,0,NULL,0,0,0,0,0,10,2,NULL,0,0,0,0,0,NULL,NULL,NULL,NULL,0,0,0,0,NULL,NULL,0,0,0,0,NULL,NULL,0,0,0,0,0,0,1,0.8,0,0,NULL,0,0,0,0
44544,0,0,0,0,NULL,NULL,NULL,NULL,NULL,NULL,NULL,0,0,0,0,NULL,NULL,0,0,0,0,0,0,NULL,0,0,0,0,0,11,2,NULL,0,0,0,0,0,NULL,NULL,NULL,NULL,0,0,0,0,NULL,NULL,0,0,0,0,NULL,NULL,0,0,0,0,0,0,1,1,1,0.3636,NULL,0,0,0.7273,0.0909
44545,0,0,0,0,NULL,NULL,NULL,NULL,NULL,NULL,NULL,0,0,0,0,NULL,NULL,0,0,0,0,0,0,NULL,0,0,0,0,0,19,3,NULL,0,0,0,0,0,NULL,NULL,NULL,NULL,0,0,0,0,NULL,NULL,0,0,0,0,NULL,NULL,0,0,0,0,0,0,1,1,0.5789,0,NULL,0,0,0.1053,0
44546,0,0,0,0,NULL,NULL,NULL,NULL,NULL,NULL,NULL,0,0,0,0,NULL,NULL,0,0,0,0,0,0,NULL,0,0,0,0,0,15,2,NULL,0,0,0,0,0,NULL,NULL,NULL,NULL,0,0,0,0,NULL,NULL,0,0,0,0,NULL,NULL,0,0,0,0,0,0,1,1,0.8,0,NULL,0,0,0.4,0
44547,0,0,0,0,NULL,NULL,NULL,NULL,NULL,NULL,NULL,0,0,0,0,NULL,NULL,0,0,0,0,0,0,NULL,0,0,0,0,0,16,2,NULL,0,0,0,0,0,NULL,NULL,NULL,NULL,0,0,0,0,NULL,NULL,0,0,0,0,NULL,NULL,0,0,0,0,0,0,1,1,0.75,0.25,NULL,0,0,0.3125,0
44548,0,0,0,0,NULL,NULL,NULL,NULL,NULL,NULL,NULL,0,0,0,0,NULL,NULL,0,0,0,0,0,0,NULL,0,0,0,0,0,11,3,NULL,0,0,0,0,0,NULL,NULL,NULL,NULL,0,0,0,0,NULL,NULL,0,0,0,0,NULL,NULL,0,0,0,0,0,0,1,0,0,0,NULL,0,0,0,0
44549,0,0,1,-1,NULL,NULL,NULL,NULL,NULL,NULL,NULL,0,0,0,0,NULL,NULL,0,0,0,0,0,0,NULL,0,0,0,0,0,23,2,NULL,0,0,0,0,0,NULL,NULL,NULL,NULL,0,0,0,0,NULL,NULL,0,0,0,0,NULL,NULL,0,0,0,0,0,0,1,0,0,0,NULL,0,0,0,0
44550,0,0,0,0,NULL,NULL,NULL,NULL,NULL,NULL,NULL,0,0,0,0,NULL,NULL,0,0,0,0,0,0,NULL,0,0,0,0,0,17,2,NULL,0,0,0,0,0,NULL,NULL,NULL,NULL,0,0,0,0,NULL,NULL,0,0,0,0,NULL,NULL,0,0,0,0,0,0,1,0.0588,0,0,NULL,0,0,0,0
44551,0,0,0,0,NULL,NULL,NULL,NULL,NULL,NULL,NULL,0,0,0,0,NULL,NULL,0,0,0,0,0,0,NULL,0,0,0,0,0,25,2,NULL,0,0,0,0,0,NULL,NULL,NULL,NULL,0,0,0,0,NULL,NULL,0,0,0,0,NULL,NULL,0,0,0,0,0,0,1,0.3913,0.1304,0,NULL,0,0,0,0
44552,0,0,0,0,NULL,NULL,NULL,NULL,NULL,NULL,NULL,0,0,0,0,NULL,NULL,0,0,0,0,0,0,NULL,0,0,0,0,0,7,3,NULL,0,0,0,0,0,NULL,NULL,NULL,NULL,0,0,0,0,NULL,NULL,0,0,0,0,NULL,NULL,0,0,0,0,0,0,1,0.5714,0,0,NULL,0,0,0,0
44553,0,0,2,-2,NULL,NULL,NULL,NULL,NULL,NULL,NULL,0,0,0,0,NULL,NULL,0,0,0,0,0,0,NULL,0,0,0,0,0,33,3,NULL,0,0,0,0,0,NULL,NULL,NULL,NULL,0,0,0,0,NULL,NULL,0,0,0,0,NULL,NULL,0,0,0,0,0,0,1,1,0.8485,0.303,NULL,0,0,0.4545,0.0606
44554,0,0,1,-1,NULL,NULL,NULL,NULL,NULL,NULL,NULL,0,0,0,0,NULL,NULL,0,0,0,0,0,0,NULL,0,0,0,0,0,11,2,NULL,0,0,0,0,0,NULL,NULL,NULL,NULL,0,0,0,0,NULL,NULL,0,0,0,0,NULL,NULL,0,0,0,0,0,0,1,1,1,0.2727,NULL,0,0,0.9091,0
44555,0,0,0,0,NULL,NULL,NULL,NULL,NULL,NULL,NULL,0,0,0,0,NULL,NULL,0,0,0,0,0,0,NULL,0,0,0,0,0,11,2,NULL,0,0,0,0,0,NULL,NULL,NULL,NULL,0,0,0,0,NULL,NULL,0,0,0,0,NULL,NULL,0,0,0,0,0,0,1,1,0.9091,0.1818,NULL,0,0,0.4545,0.1818
44556,0,0,0,0,NULL,NULL,NULL,NULL,NULL,NULL,NULL,0,0,0,0,NULL,NULL,0,0,0,0,0,0,NULL,0,0,0,0,0,8,2,NULL,0,0,0,0,0,NULL,NULL,NULL,NULL,0,0,0,0,NULL,NULL,0,0,0,0,NULL,NULL,0,0,0,0,0,0,1,1,1,0,NULL,0,0,0.25,0
44557,0,0,0,0,NULL,NULL,NULL,NULL,NULL,NULL,NULL,0,0,0,0,NULL,NULL,0,0,0,0,0,0,NULL,0,0,0,0,0,28,2,NULL,0,0,0,0,0,NULL,NULL,NULL,NULL,0,0,0,0,NULL,NULL,0,0,0,0,NULL,NULL,0,0,0,0,0,0,1,0.9259,0.2222,0,NULL,0,0,0,0
44558,0,0,0,0,NULL,NULL,NULL,NULL,NULL,NULL,NULL,0,0,0,0,NULL,NULL,0,0,0,0,0,0,NULL,0,0,0,0,0,8,3,NULL,0,0,0,0,0,NULL,NULL,NULL,NULL,0,0,0,0,NULL,NULL,0,0,0,0,NULL,NULL,0,0,0,0,0,0,1,0.375,0.25,0,NULL,0,0,0,0
44559,0,0,0,0,NULL,NULL,NULL,NULL,NULL,NULL,NULL,0,0,0,0,NULL,NULL,0,0,0,0,0,0,NULL,0,0,0,0,0,17,2,NULL,0,0,0,0,0,NULL,NULL,NULL,NULL,0,0,0,0,NULL,NULL,0,0,0,0,NULL,NULL,0,0,0,0,0,0,1,0.7647,0.4706,0,NULL,0,0,0.2941,0
44560,0,0,1,-1,NULL,NULL,NULL,NULL,NULL,NULL,NULL,0,0,0,0,NULL,NULL,0,0,0,0,0,0,NULL,0,0,0,0,0,16,2,NULL,0,0,0,0,0,NULL,NULL,NULL,NULL,0,0,0,0,NULL,NULL,0,0,0,0,NULL,NULL,0,0,0,0,0,0,0.9375,0.0625,0,0,NULL,0,0,0,0
44561,0,0,0,0,NULL,NULL,NULL,NULL,NULL,NULL,NULL,0,0,0,0,NULL,NULL,0,0,0,0,0,0,NULL,0,0,0,0,0,27,3,NULL,0,0,0,0,0,NULL,NULL,NULL,NULL,0,0,0,0,NULL,NULL,0,0,0,0,NULL,NULL,0,0,0,0,0,0,0.64,0,0,0,NULL,0,0,0,0
44562,0,0,0,0,NULL,NULL,NULL,NULL,NULL,NULL,NULL,0,0,0,0,NULL,NULL,0,0,0,0,0,0,NULL,0,0,0,0,0,11,3,NULL,0,0,0,0,0,NULL,NULL,NULL,NULL,0,0,0,0,NULL,NULL,0,0,0,0,NULL,NULL,0,0,0,0,0,0,0.9,0,0,0,NULL,0,0,0,0
44563,0,0,0,0,NULL,NULL,NULL,NULL,NULL,NULL,NULL,0,0,0,0,NULL,NULL,0,0,0,0,0,0,NULL,0,0,0,0,0,4,2,NULL,0,0,0,0,0,NULL,NULL,NULL,NULL,0,0,0,0,NULL,NULL,0,0,0,0,NULL,NULL,0,0,0,0,0,0,1,0,0,0,NULL,0,0,0,0
44564,0,0,0,0,NULL,NULL,NULL,NULL,NULL,NULL,NULL,0,0,0,0,NULL,NULL,0,0,0,0,0,0,NULL,0,0,0,0,0,7,2,NULL,0,0,0,0,0,NULL,NULL,NULL,NULL,0,0,0,0,NULL,NULL,0,0,0,0,NULL,NULL,0,0,0,0,0,0,0.4286,0,0,0,NULL,0,0,0,0
44565,0,0,0,0,NULL,NULL,NULL,NULL,NULL,NULL,NULL,0,0,0,0,NULL,NULL,0,0,0,0,0,0,NULL,0,0,0,0,0,7,2,NULL,0,0,0,0,0,NULL,NULL,NULL,NULL,0,0,0,0,NULL,NULL,0,0,0,0,NULL,NULL,0,0,0,0,0,0,1,0,0,0,NULL,0,0,0,0
44566,0,0,0,0,NULL,NULL,NULL,NULL,NULL,NULL,NULL,0,0,0,0,NULL,NULL,0,0,0,0,0,0,NULL,0,0,0,0,0,15,3,NULL,0,0,0,0,0,NULL,NULL,NULL,NULL,0,0,0,0,NULL,NULL,0,0,0,0,NULL,NULL,0,0,0,0,0,0,1,0.6,0,0,NULL,0,0,0,0
44567,0,0,0,0,NULL,NULL,NULL,NULL,NULL,NULL,NULL,0,0,0,0,NULL,NULL,0,0,0,0,0,0,NULL,0,0,0,0,0,14,2,NULL,0,0,0,0,0,NULL,NULL,NULL,NULL,0,0,0,0,NULL,NULL,0,0,0,0,NULL,NULL,0,0,0,0,0,0,1,1,1,0.2308,NULL,0,0,0.8462,0.1538
44568,0,0,0,0,NULL,NULL,NULL,NULL,NULL,NULL,NULL,0,0,0,0,NULL,NULL,0,0,0,0,0,0,NULL,0,0,0,0,0,5,2,NULL,0,0,0,0,0,NULL,NULL,NULL,NULL,0,0,0,0,NULL,NULL,0,0,0,0,NULL,NULL,0,0,0,0,0,0,0.75,0,0,0,NULL,0,0,0,0
44569,0,0,1,-1,NULL,NULL,NULL,NULL,NULL,NULL,NULL,0,0,0,0,NULL,NULL,0,0,0,0,0,0,NULL,0,0,0,0,0,17,3,NULL,0,0,0,0,0,NULL,NULL,NULL,NULL,0,0,0,0,NULL,NULL,0,0,0,0,NULL,NULL,0,0,0,0,0,0,1,0.7143,0.3571,0,NULL,0,0,0,0
44570,0,0,0,0,NULL,NULL,NULL,NULL,NULL,NULL,NULL,0,0,0,0,NULL,NULL,0,0,0,0,0,0,NULL,0,0,0,0,0,28,2,NULL,0,0,0,0,0,NULL,NULL,NULL,NULL,0,0,0,0,NULL,NULL,0,0,0,0,NULL,NULL,0,0,0,0,0,0,1,0.1111,0,0,NULL,0,0,0,0
44571,0,0,1,-1,NULL,NULL,NULL,NULL,NULL,NULL,NULL,0,0,0,0,NULL,NULL,0,0,0,0,0,0,NULL,0,0,0,0,0,18,2,NULL,0,0,0,0,0,NULL,NULL,NULL,NULL,0,0,0,0,NULL,NULL,0,0,0,0,NULL,NULL,0,0,0,0,0,0,1,0,0,0,NULL,0,0,0,0
44572,0,0,0,0,NULL,NULL,NULL,NULL,NULL,NULL,NULL,0,0,0,0,NULL,NULL,0,0,0,0,0,0,NULL,0,0,0,0,0,13,2,NULL,0,0,0,0,0,NULL,NULL,NULL,NULL,0,0,0,0,NULL,NULL,0,0,0,0,NULL,NULL,0,0,0,0,0,0,1,0.2308,0.0769,0,NULL,0,0,0.0769,0
44573,0,0,0,0,NULL,NULL,NULL,NULL,NULL,NULL,NULL,0,0,0,0,NULL,NULL,0,0,0,0,0,0,NULL,0,0,0,0,0,1,2,NULL,0,0,0,0,0,NULL,NULL,NULL,NULL,0,0,0,0,NULL,NULL,0,0,0,0,NULL,NULL,0,0,0,0,0,0,1,0,0,0,NULL,0,0,0,0
44574,0,0,0,0,NULL,NULL,NULL,NULL,NULL,NULL,NULL,0,0,0,0,NULL,NULL,0,0,0,0,0,0,NULL,0,0,0,0,0,19,2,NULL,0,0,0,0,0,NULL,NULL,NULL,NULL,0,0,0,0,NULL,NULL,0,0,0,0,NULL,NULL,0,0,0,0,0,0,1,0.8947,0.5263,0.0526,NULL,0,0,0.2632,0
44575,0,0,0,0,NULL,NULL,NULL,NULL,NULL,NULL,NULL,0,0,0,0,NULL,NULL,0,0,0,0,0,0,NULL,0,0,0,0,0,12,2,NULL,0,0,0,0,0,NULL,NULL,NULL,NULL,0,0,0,0,NULL,NULL,0,0,0,0,NULL,NULL,0,0,0,0,0,0,1,1,0.6667,0.0833,NULL,0,0,0.3333,0
44576,0,0,0,0,NULL,NULL,NULL,NULL,NULL,NULL,NULL,0,0,0,0,NULL,NULL,0,0,0,0,0,0,NULL,0,0,0,0,0,16,2,NULL,0,0,0,0,0,NULL,NULL,NULL,NULL,0,0,0,0,NULL,NULL,0,0,0,0,NULL,NULL,0,0,0,0,0,0,1,0.25,0,0,NULL,0,0,0,0
44577,0,0,0,0,NULL,NULL,NULL,NULL,NULL,NULL,NULL,0,0,0,0,NULL,NULL,0,0,0,0,0,0,NULL,0,0,0,0,0,18,3,NULL,0,0,0,0,0,NULL,NULL,NULL,NULL,0,0,0,0,NULL,NULL,0,0,0,0,NULL,NULL,0,0,0,0,0,0,1,0.1667,0,0,NULL,0,0,0,0
44578,0,0,1,-1,NULL,NULL,NULL,NULL,NULL,NULL,NULL,0,0,0,0,NULL,NULL,0,0,0,0,0,0,NULL,0,0,0,0,0,14,2,NULL,0,0,0,0,0,NULL,NULL,NULL,NULL,0,0,0,0,NULL,NULL,0,0,0,0,NULL,NULL,0,0,0,0,0,0,0.8571,0,0,0,NULL,0,0,0,0
44579,0,0,0,0,NULL,NULL,NULL,NULL,NULL,NULL,NULL,0,0,0,0,NULL,NULL,0,0,0,0,0,0,NULL,0,0,0,0,0,8,2,NULL,0,0,0,0,0,NULL,NULL,NULL,NULL,0,0,0,0,NULL,NULL,0,0,0,0,NULL,NULL,0,0,0,0,0,0,1,1,0.875,0.25,NULL,0,0,0.375,0
44580,0,0,0,0,NULL,NULL,NULL,NULL,NULL,NULL,NULL,0,0,0,0,NULL,NULL,0,0,0,0,0,0,NULL,0,0,0,0,0,14,2,NULL,0,0,0,0,0,NULL,NULL,NULL,NULL,0,0,0,0,NULL,NULL,0,0,0,0,NULL,NULL,0,0,0,0,0,0,1,0.9286,0.6429,0.0714,NULL,0,0,0.2143,0
44581,0,0,0,0,NULL,NULL,NULL,NULL,NULL,NULL,NULL,0,0,0,0,NULL,NULL,0,0,0,0,0,0,NULL,0,0,0,0,0,12,2,NULL,0,0,0,0,0,NULL,NULL,NULL,NULL,0,0,0,0,NULL,NULL,0,0,0,0,NULL,NULL,0,0,0,0,0,0,1,1,1,0,NULL,0,0,0,0
44582,0,0,0,0,NULL,NULL,NULL,NULL,NULL,NULL,NULL,0,0,0,0,NULL,NULL,0,0,0,0,0,0,NULL,0,0,0,0,0,1,2,NULL,0,0,0,0,0,NULL,NULL,NULL,NULL,0,0,0,0,NULL,NULL,0,0,0,0,NULL,NULL,0,0,0,0,0,0,1,1,1,1,NULL,0,0,1,0
44583,0,0,0,0,NULL,NULL,NULL,NULL,NULL,NULL,NULL,0,0,0,0,NULL,NULL,0,0,0,0,0,0,NULL,0,0,0,0,0,12,2,NULL,0,0,0,0,0,NULL,NULL,NULL,NULL,0,0,0,0,NULL,NULL,0,0,0,0,NULL,NULL,0,0,0,0,0,0,1,0.9091,0.5455,0,NULL,0,0,0,0
44584,0,0,0,0,NULL,NULL,NULL,NULL,NULL,NULL,NULL,0,0,0,0,NULL,NULL,0,0,0,0,0,0,NULL,0,0,0,0,0,12,3,NULL,0,0,0,0,0,NULL,NULL,NULL,NULL,0,0,0,0,NULL,NULL,0,0,0,0,NULL,NULL,0,0,0,0,0,0,1,1,0.5833,0.0833,NULL,0,0,0.1667,0
44585,0,0,0,0,NULL,NULL,NULL,NULL,NULL,NULL,NULL,0,0,0,0,NULL,NULL,0,0,0,0,0,0,NULL,0,0,0,0,0,14,2,NULL,0,0,0,0,0,NULL,NULL,NULL,NULL,0,0,0,0,NULL,NULL,0,0,0,0,NULL,NULL,0,0,0,0,0,0,1,0.9286,0.8571,0.0714,NULL,0,0,0.2857,0.0714
44586,0,0,0,0,NULL,NULL,NULL,NULL,NULL,NULL,NULL,0,0,0,0,NULL,NULL,0,0,0,0,0,0,NULL,0,0,0,0,0,14,2,NULL,0,0,0,0,0,NULL,NULL,NULL,NULL,0,0,0,0,NULL,NULL,0,0,0,0,NULL,NULL,0,0,0,0,0,0,1,0.8462,0.7692,0,NULL,0,0,0,0
44587,0,0,1,-1,NULL,NULL,NULL,NULL,NULL,NULL,NULL,0,0,0,0,NULL,NULL,0,0,0,0,0,0,NULL,0,0,0,0,0,21,2,NULL,0,0,0,0,0,NULL,NULL,NULL,NULL,0,0,0,0,NULL,NULL,0,0,0,0,NULL,NULL,0,0,0,0,0,0,0.9048,0,0,0,NULL,0,0,0,0
44588,0,0,0,0,NULL,NULL,NULL,NULL,NULL,NULL,NULL,0,0,0,0,NULL,NULL,0,0,0,0,0,0,NULL,0,0,0,0,0,16,2,NULL,0,0,0,0,0,NULL,NULL,NULL,NULL,0,0,0,0,NULL,NULL,0,0,0,0,NULL,NULL,0,0,0,0,0,0,1,0,0,0,NULL,0,0,0,0
44589,0,0,0,0,NULL,NULL,NULL,NULL,NULL,NULL,NULL,0,0,0,0,NULL,NULL,0,0,0,0,0,0,NULL,0,0,0,0,0,25,2,NULL,0,0,0,0,0,NULL,NULL,NULL,NULL,0,0,0,0,NULL,NULL,0,0,0,0,NULL,NULL,0,0,0,0,0,0,0.28,0,0,0,NULL,0,0,0,0
44590,0,0,0,0,NULL,NULL,NULL,NULL,NULL,NULL,NULL,0,0,0,0,NULL,NULL,0,0,0,0,0,0,NULL,0,0,0,0,0,20,2,NULL,0,0,0,0,0,NULL,NULL,NULL,NULL,0,0,0,0,NULL,NULL,0,0,0,0,NULL,NULL,0,0,0,0,0,0,0.95,0,0,0,NULL,0,0,0,0
44591,0,0,0,0,NULL,NULL,NULL,NULL,NULL,NULL,NULL,0,0,0,0,NULL,NULL,0,0,0,0,0,0,NULL,0,0,0,0,0,17,3,NULL,0,0,0,0,0,NULL,NULL,NULL,NULL,0,0,0,0,NULL,NULL,0,0,0,0,NULL,NULL,0,0,0,0,0,0,0.9412,0,0,0,NULL,0,0,0,0
44592,0,0,1,-1,NULL,NULL,NULL,NULL,NULL,NULL,NULL,0,0,0,0,NULL,NULL,0,0,0,0,0,0,NULL,0,0,0,0,0,21,3,NULL,0,0,0,0,0,NULL,NULL,NULL,NULL,0,0,0,0,NULL,NULL,0,0,0,0,NULL,NULL,0,0,0,0,0,0,1,0.8095,0.3333,0,NULL,0,0,0.0952,0
44593,0,0,0,0,NULL,NULL,NULL,NULL,NULL,NULL,NULL,0,0,0,0,NULL,NULL,0,0,0,0,0,0,NULL,0,0,0,0,0,42,2,NULL,0,0,0,0,0,NULL,NULL,NULL,NULL,0,0,0,0,NULL,NULL,0,0,0,0,NULL,NULL,0,0,0,0,0,0,0.9286,0,0,0,NULL,0,0,0,0
44594,0,0,0,0,NULL,NULL,NULL,NULL,NULL,NULL,NULL,0,0,0,0,NULL,NULL,0,0,0,0,0,0,NULL,0,0,0,0,0,29,2,NULL,0,0,0,0,0,NULL,NULL,NULL,NULL,0,0,0,0,NULL,NULL,0,0,0,0,NULL,NULL,0,0,0,0,0,0,0.5172,0,0,0,NULL,0,0,0,0
44595,0,0,0,0,NULL,NULL,NULL,NULL,NULL,NULL,NULL,0,0,0,0,NULL,NULL,0,0,0,0,0,0,NULL,0,0,0,0,0,34,2,NULL,0,0,0,0,0,NULL,NULL,NULL,NULL,0,0,0,0,NULL,NULL,0,0,0,0,NULL,NULL,0,0,0,0,0,0,0.5,0,0,0,NULL,0,0,0,0
44596,0,0,0,0,NULL,NULL,NULL,NULL,NULL,NULL,NULL,0,0,0,0,NULL,NULL,0,0,0,0,0,0,NULL,0,0,0,0,0,24,3,NULL,0,0,0,0,0,NULL,NULL,NULL,NULL,0,0,0,0,NULL,NULL,0,0,0,0,NULL,NULL,0,0,0,0,0,0,0,0,0,0,NULL,0,0,0,0
44597,0,0,0,0,NULL,NULL,NULL,NULL,NULL,NULL,NULL,0,0,0,0,NULL,NULL,0,0,0,0,0,0,NULL,0,0,0,0,0,26,3,NULL,0,0,0,0,0,NULL,NULL,NULL,NULL,0,0,0,0,NULL,NULL,0,0,0,0,NULL,NULL,0,0,0,0,0,0,0,0,0,0,NULL,0,0,0,0
44598,0,0,0,0,NULL,NULL,NULL,NULL,NULL,NULL,NULL,0,0,0,0,NULL,NULL,0,0,0,0,0,0,NULL,0,0,0,0,0,20,2,NULL,0,0,0,0,0,NULL,NULL,NULL,NULL,0,0,0,0,NULL,NULL,0,0,0,0,NULL,NULL,0,0,0,0,0,0,0,0,0,0,NULL,0,0,0,0
44599,0,0,0,0,NULL,NULL,NULL,NULL,NULL,NULL,NULL,0,0,0,0,NULL,NULL,0,0,0,0,0,0,NULL,0,0,0,0,0,6,2,NULL,0,0,0,0,0,NULL,NULL,NULL,NULL,0,0,0,0,NULL,NULL,0,0,0,0,NULL,NULL,0,0,0,0,0,0,0.1667,0,0,0,NULL,0,0,0,0
44600,0,0,0,0,NULL,NULL,NULL,NULL,NULL,NULL,NULL,0,0,0,0,NULL,NULL,0,0,0,0,0,0,NULL,0,0,0,0,0,12,2,NULL,0,0,0,0,0,NULL,NULL,NULL,NULL,0,0,0,0,NULL,NULL,0,0,0,0,NULL,NULL,0,0,0,0,0,0,0.7273,0,0,0,NULL,0,0,0,0
44601,0,0,0,0,NULL,NULL,NULL,NULL,NULL,NULL,NULL,0,0,0,0,NULL,NULL,0,0,0,0,0,0,NULL,0,0,0,0,0,20,2,NULL,0,0,0,0,0,NULL,NULL,NULL,NULL,0,0,0,0,NULL,NULL,0,0,0,0,NULL,NULL,0,0,0,0,0,0,1,0.1053,0,0,NULL,0,0,0,0
44602,0,0,0,0,NULL,NULL,NULL,NULL,NULL,NULL,NULL,0,0,0,0,NULL,NULL,0,0,0,0,0,0,NULL,0,0,0,0,0,10,2,NULL,0,0,0,0,0,NULL,NULL,NULL,NULL,0,0,0,0,NULL,NULL,0,0,0,0,NULL,NULL,0,0,0,0,0,0,1,0,0,0,NULL,0,0,0,0
44603,0,0,0,0,NULL,NULL,NULL,NULL,NULL,NULL,NULL,0,0,0,0,NULL,NULL,0,0,0,0,0,0,NULL,0,0,0,0,0,17,3,NULL,0,0,0,0,0,NULL,NULL,NULL,NULL,0,0,0,0,NULL,NULL,0,0,0,0,NULL,NULL,0,0,0,0,0,0,0.9412,0,0,0,NULL,0,0,0,0
44604,0,0,1,-1,NULL,NULL,NULL,NULL,NULL,NULL,NULL,0,0,0,0,NULL,NULL,0,0,0,0,0,0,NULL,0,0,0,0,0,26,3,NULL,0,0,0,0,0,NULL,NULL,NULL,NULL,0,0,0,0,NULL,NULL,0,0,0,0,NULL,NULL,0,0,0,0,0,0,1,0.3077,0.1538,0,NULL,0,0,0.0385,0
44605,0,0,1,-1,NULL,NULL,NULL,NULL,NULL,NULL,NULL,0,0,0,0,NULL,NULL,0,0,0,0,0,0,NULL,0,0,0,0,0,21,3,NULL,0,0,0,0,0,NULL,NULL,NULL,NULL,0,0,0,0,NULL,NULL,0,0,0,0,NULL,NULL,0,0,0,0,0,0,0.7143,0,0,0,NULL,0,0,0,0
44606,0,0,0,0,NULL,NULL,NULL,NULL,NULL,NULL,NULL,0,0,0,0,NULL,NULL,0,0,0,0,0,0,NULL,0,0,0,0,0,18,2,NULL,0,0,0,0,0,NULL,NULL,NULL,NULL,0,0,0,0,NULL,NULL,0,0,0,0,NULL,NULL,0,0,0,0,0,0,1,0.9444,0.3889,0,NULL,0,0,0,0
44607,0,0,0,0,NULL,NULL,NULL,NULL,NULL,NULL,NULL,0,0,0,0,NULL,NULL,0,0,0,0,0,0,NULL,0,0,0,0,0,17,2,NULL,0,0,0,0,0,NULL,NULL,NULL,NULL,0,0,0,0,NULL,NULL,0,0,0,0,NULL,NULL,0,0,0,0,0,0,1,0,0,0,NULL,0,0,0,0
44608,0,0,0,0,NULL,NULL,NULL,NULL,NULL,NULL,NULL,0,0,0,0,NULL,NULL,0,0,0,0,0,0,NULL,0,0,0,0,0,18,2,NULL,0,0,0,0,0,NULL,NULL,NULL,NULL,0,0,0,0,NULL,NULL,0,0,0,0,NULL,NULL,0,0,0,0,0,0,0.8889,0,0,0,NULL,0,0,0,0
44609,0,0,0,0,NULL,NULL,NULL,NULL,NULL,NULL,NULL,0,0,0,0,NULL,NULL,0,0,0,0,0,0,NULL,0,0,0,0,0,20,3,NULL,0,0,0,0,0,NULL,NULL,NULL,NULL,0,0,0,0,NULL,NULL,0,0,0,0,NULL,NULL,0,0,0,0,0,0,1,0,0,0,NULL,0,0,0,0
44610,0,0,0,0,NULL,NULL,NULL,NULL,NULL,NULL,NULL,0,0,0,0,NULL,NULL,0,0,0,0,0,0,NULL,0,0,0,0,0,1,2,NULL,0,0,0,0,0,NULL,NULL,NULL,NULL,0,0,0,0,NULL,NULL,0,0,0,0,NULL,NULL,0,0,0,0,0,0,0,0,0,0,NULL,0,0,0,0
44611,0,0,1,-1,NULL,NULL,NULL,NULL,NULL,NULL,NULL,0,0,0,0,NULL,NULL,0,0,0,0,0,0,NULL,0,0,0,0,0,2,2,NULL,0,0,0,0,0,NULL,NULL,NULL,NULL,0,0,0,0,NULL,NULL,0,0,0,0,NULL,NULL,0,0,0,0,0,0,1,0,0,0,NULL,0,0,0,0
44612,0,0,0,0,NULL,NULL,NULL,NULL,NULL,NULL,NULL,0,0,0,0,NULL,NULL,0,0,0,0,0,0,NULL,0,0,0,0,0,1,2,NULL,0,0,0,0,0,NULL,NULL,NULL,NULL,0,0,0,0,NULL,NULL,0,0,0,0,NULL,NULL,0,0,0,0,0,0,0,0,0,0,NULL,0,0,0,0
44613,0,0,0,0,NULL,NULL,NULL,NULL,NULL,NULL,NULL,0,0,0,0,NULL,NULL,0,0,0,0,0,0,NULL,0,0,0,0,0,28,3,NULL,0,0,0,0,0,NULL,NULL,NULL,NULL,0,0,0,0,NULL,NULL,0,0,0,0,NULL,NULL,0,0,0,0,0,0,0,0,0,0,NULL,0,0,0,0
44614,0,0,0,0,NULL,NULL,NULL,NULL,NULL,NULL,NULL,0,0,0,0,NULL,NULL,0,0,0,0,0,0,NULL,0,0,0,0,0,5,2,NULL,0,0,0,0,0,NULL,NULL,NULL,NULL,0,0,0,0,NULL,NULL,0,0,0,0,NULL,NULL,0,0,0,0,0,0,0,0,0,0,NULL,0,0,0,0
44615,0,0,0,0,NULL,NULL,NULL,NULL,NULL,NULL,NULL,0,0,0,0,NULL,NULL,0,0,0,0,0,0,NULL,0,0,0,0,0,34,2,NULL,0,0,0,0,0,NULL,NULL,NULL,NULL,0,0,0,0,NULL,NULL,0,0,0,0,NULL,NULL,0,0,0,0,0,0,0.0323,0,0,0,NULL,0,0,0,0
44616,0,0,0,0,NULL,NULL,NULL,NULL,NULL,NULL,NULL,0,0,0,0,NULL,NULL,0,0,0,0,0,0,NULL,0,0,0,0,0,34,2,NULL,0,0,0,0,0,NULL,NULL,NULL,NULL,0,0,0,0,NULL,NULL,0,0,0,0,NULL,NULL,0,0,0,0,0,0,0.2353,0,0,0,NULL,0,0,0,0
44617,0,0,0,0,NULL,NULL,NULL,NULL,NULL,NULL,NULL,0,0,0,0,NULL,NULL,0,0,0,0,0,0,NULL,0,0,0,0,0,28,2,NULL,0,0,0,0,0,NULL,NULL,NULL,NULL,0,0,0,0,NULL,NULL,0,0,0,0,NULL,NULL,0,0,0,0,0,0,0,0,0,0,NULL,0,0,0,0
44618,0,0,0,0,NULL,NULL,NULL,NULL,NULL,NULL,NULL,3,15,15,0,2022-02-03 19:31:05,2022-02-03 19:31:41,0,0,0,0,0,0,NULL,0,0,0,0,0,15,3,NULL,0,0,0,0,0,NULL,NULL,NULL,NULL,0,0,0,0,NULL,NULL,0,0,0,0,NULL,NULL,0,0,0,0,0,0,0,0,0,0,NULL,0,0,0,0
44619,0,0,0,0,NULL,NULL,NULL,NULL,NULL,NULL,NULL,0,0,0,0,NULL,NULL,0,0,0,0,0,0,NULL,0,0,0,0,0,17,2,NULL,0,0,0,0,0,NULL,NULL,NULL,NULL,0,0,0,0,NULL,NULL,0,0,0,0,NULL,NULL,0,0,0,0,0,0,0,0,0,0,NULL,0,0,0,0
44620,0,0,0,0,NULL,NULL,NULL,NULL,NULL,NULL,NULL,0,0,0,0,NULL,NULL,0,0,0,0,0,0,NULL,0,0,0,0,0,18,2,NULL,0,0,0,0,0,NULL,NULL,NULL,NULL,0,0,0,0,NULL,NULL,0,0,0,0,NULL,NULL,0,0,0,0,0,0,0,0,0,0,NULL,0,0,0,0
44621,0,0,0,0,NULL,NULL,NULL,NULL,NULL,NULL,NULL,0,0,0,0,NULL,NULL,0,0,0,0,0,0,NULL,0,0,0,0,0,35,2,NULL,0,0,0,0,0,NULL,NULL,NULL,NULL,0,0,0,0,NULL,NULL,0,0,0,0,NULL,NULL,0,0,0,0,0,0,0.5429,0,0,0,NULL,0,0,0,0
44622,0,0,0,0,NULL,NULL,NULL,NULL,NULL,NULL,NULL,0,0,0,0,NULL,NULL,0,0,0,0,0,0,NULL,0,0,0,0,0,21,3,NULL,0,0,0,0,0,NULL,NULL,NULL,NULL,0,0,0,0,NULL,NULL,0,0,0,0,NULL,NULL,0,0,0,0,0,0,0.8571,0,0,0,NULL,0,0,0,0
44623,0,0,0,0,NULL,NULL,NULL,NULL,NULL,NULL,NULL,0,0,0,0,NULL,NULL,0,0,0,0,0,0,NULL,0,0,0,0,0,31,2,NULL,0,0,0,0,0,NULL,NULL,NULL,NULL,0,0,0,0,NULL,NULL,0,0,0,0,NULL,NULL,0,0,0,0,0,0,0.5161,0,0,0,NULL,0,0,0,0
44624,0,0,0,0,NULL,NULL,NULL,NULL,NULL,NULL,NULL,0,0,0,0,NULL,NULL,0,0,0,0,0,0,NULL,0,0,0,0,0,18,3,NULL,0,0,0,0,0,NULL,NULL,NULL,NULL,0,0,0,0,NULL,NULL,0,0,0,0,NULL,NULL,0,0,0,0,0,0,0.2778,0,0,0,NULL,0,0,0,0
44625,0,0,0,0,NULL,NULL,NULL,NULL,NULL,NULL,NULL,0,0,0,0,NULL,NULL,0,0,0,0,0,0,NULL,0,0,0,0,0,17,2,NULL,0,0,0,0,0,NULL,NULL,NULL,NULL,0,0,0,0,NULL,NULL,0,0,0,0,NULL,NULL,0,0,0,0,0,0,0.1176,0,0,0,NULL,0,0,0,0
44626,0,0,0,0,NULL,NULL,NULL,NULL,NULL,NULL,NULL,0,0,0,0,NULL,NULL,0,0,0,0,0,0,NULL,0,0,0,0,0,22,2,NULL,0,0,0,0,0,NULL,NULL,NULL,NULL,0,0,0,0,NULL,NULL,0,0,0,0,NULL,NULL,0,0,0,0,0,0,0,0,0,0,NULL,0,0,0,0
44627,0,0,0,0,NULL,NULL,NULL,NULL,NULL,NULL,NULL,0,0,0,0,NULL,NULL,0,0,0,0,0,0,NULL,0,0,0,0,0,18,2,NULL,0,0,0,0,0,NULL,NULL,NULL,NULL,0,0,0,0,NULL,NULL,0,0,0,0,NULL,NULL,0,0,0,0,0,0,0.1667,0,0,0,NULL,0,0,0,0
44628,0,0,0,0,NULL,NULL,NULL,NULL,NULL,NULL,NULL,0,0,0,0,NULL,NULL,0,0,0,0,0,0,NULL,0,0,0,0,0,14,2,NULL,0,0,0,0,0,NULL,NULL,NULL,NULL,0,0,0,0,NULL,NULL,0,0,0,0,NULL,NULL,0,0,0,0,0,0,0,0,0,0,NULL,0,0,0,0
44629,0,0,0,0,NULL,NULL,NULL,NULL,NULL,NULL,NULL,0,0,0,0,NULL,NULL,0,0,0,0,0,0,NULL,0,0,0,0,0,7,2,NULL,0,0,0,0,0,NULL,NULL,NULL,NULL,0,0,0,0,NULL,NULL,0,0,0,0,NULL,NULL,0,0,0,0,0,0,0,0,0,0,NULL,0,0,0,0
44630,0,0,0,0,NULL,NULL,NULL,NULL,NULL,NULL,NULL,0,0,0,0,NULL,NULL,0,0,0,0,0,0,NULL,0,0,0,0,0,14,2,NULL,0,0,0,0,0,NULL,NULL,NULL,NULL,0,0,0,0,NULL,NULL,0,0,0,0,NULL,NULL,0,0,0,0,0,0,0.1667,0,0,0,NULL,0,0,0,0
44631,0,0,0,0,NULL,NULL,NULL,NULL,NULL,NULL,NULL,0,0,0,0,NULL,NULL,0,0,0,0,0,0,NULL,0,0,0,0,0,27,2,NULL,0,0,0,0,0,NULL,NULL,NULL,NULL,0,0,0,0,NULL,NULL,0,0,0,0,NULL,NULL,0,0,0,0,0,0,0,0,0,0,NULL,0,0,0,0
44632,0,0,0,0,NULL,NULL,NULL,NULL,NULL,NULL,NULL,0,0,0,0,NULL,NULL,0,0,0,0,0,0,NULL,0,0,0,0,0,17,2,NULL,0,0,0,0,0,NULL,NULL,NULL,NULL,0,0,0,0,NULL,NULL,0,0,0,0,NULL,NULL,0,0,0,0,0,0,0,0,0,0,NULL,0,0,0,0
44633,0,0,0,0,NULL,NULL,NULL,NULL,NULL,NULL,NULL,0,0,0,0,NULL,NULL,0,0,0,0,0,0,NULL,0,0,0,0,0,6,2,NULL,0,0,0,0,0,NULL,NULL,NULL,NULL,0,0,0,0,NULL,NULL,0,0,0,0,NULL,NULL,0,0,0,0,0,0,0,0,0,0,NULL,0,0,0,0
44634,0,0,0,0,NULL,NULL,NULL,NULL,NULL,NULL,NULL,0,0,0,0,NULL,NULL,0,0,0,0,0,0,NULL,0,0,0,0,0,29,2,NULL,0,0,0,0,0,NULL,NULL,NULL,NULL,0,0,0,0,NULL,NULL,0,0,0,0,NULL,NULL,0,0,0,0,0,0,0,0,0,0,NULL,0,0,0,0
44635,0,0,1,-1,NULL,NULL,NULL,NULL,NULL,NULL,NULL,0,0,0,0,NULL,NULL,0,0,0,0,0,0,NULL,0,0,0,0,0,24,2,NULL,0,0,0,0,0,NULL,NULL,NULL,NULL,0,0,0,0,NULL,NULL,0,0,0,0,NULL,NULL,0,0,0,0,0,0,0,0,0,0,NULL,0,0,0,0
44636,0,0,0,0,NULL,NULL,NULL,NULL,NULL,NULL,NULL,0,0,0,0,NULL,NULL,0,0,0,0,0,0,NULL,0,0,0,0,0,18,2,NULL,0,0,0,0,0,NULL,NULL,NULL,NULL,0,0,0,0,NULL,NULL,0,0,0,0,NULL,NULL,0,0,0,0,0,0,0,0,0,0,NULL,0,0,0,0
44637,0,0,0,0,NULL,NULL,NULL,NULL,NULL,NULL,NULL,0,0,0,0,NULL,NULL,0,0,0,0,0,0,NULL,0,0,0,0,0,23,2,NULL,0,0,0,0,0,NULL,NULL,NULL,NULL,0,0,0,0,NULL,NULL,0,0,0,0,NULL,NULL,0,0,0,0,0,0,0.0435,0,0,0,NULL,0,0,0,0
44638,0,0,0,0,NULL,NULL,NULL,NULL,NULL,NULL,NULL,0,0,0,0,NULL,NULL,0,0,0,0,0,0,NULL,0,0,0,0,0,22,2,NULL,0,0,0,0,0,NULL,NULL,NULL,NULL,0,0,0,0,NULL,NULL,0,0,0,0,NULL,NULL,0,0,0,0,0,0,0.5,0,0,0,NULL,0,0,0,0
44639,0,0,0,0,NULL,NULL,NULL,NULL,NULL,NULL,NULL,0,0,0,0,NULL,NULL,0,0,0,0,0,0,NULL,0,0,0,0,0,11,3,NULL,0,0,0,0,0,NULL,NULL,NULL,NULL,0,0,0,0,NULL,NULL,0,0,0,0,NULL,NULL,0,0,0,0,0,0,0.2,0,0,0,NULL,0,0,0,0
44640,0,0,0,0,NULL,NULL,NULL,NULL,NULL,NULL,NULL,0,0,0,0,NULL,NULL,0,0,0,0,0,0,NULL,0,0,0,0,0,21,2,NULL,0,0,0,0,0,NULL,NULL,NULL,NULL,0,0,0,0,NULL,NULL,0,0,0,0,NULL,NULL,0,0,0,0,0,0,0,0,0,0,NULL,0,0,0,0
44641,0,0,0,0,NULL,NULL,NULL,NULL,NULL,NULL,NULL,0,0,0,0,NULL,NULL,0,0,0,0,0,0,NULL,0,0,0,0,0,20,2,NULL,0,0,0,0,0,NULL,NULL,NULL,NULL,0,0,0,0,NULL,NULL,0,0,0,0,NULL,NULL,0,0,0,0,0,0,0.6,0,0,0,NULL,0,0,0,0
44642,0,0,0,0,NULL,NULL,NULL,NULL,NULL,NULL,NULL,0,0,0,0,NULL,NULL,0,0,0,0,0,0,NULL,0,0,0,0,0,26,3,NULL,0,0,0,0,0,NULL,NULL,NULL,NULL,0,0,0,0,NULL,NULL,0,0,0,0,NULL,NULL,0,0,0,0,0,0,0.1538,0,0,0,NULL,0,0,0,0
44643,0,0,1,-1,NULL,NULL,NULL,NULL,NULL,NULL,NULL,0,0,0,0,NULL,NULL,0,0,0,0,0,0,NULL,0,0,0,0,0,21,2,NULL,0,0,0,0,0,NULL,NULL,NULL,NULL,0,0,0,0,NULL,NULL,0,0,0,0,NULL,NULL,0,0,0,0,0,0,0.0476,0,0,0,NULL,0,0,0,0
44644,0,0,0,0,NULL,NULL,NULL,NULL,NULL,NULL,NULL,0,0,0,0,NULL,NULL,0,0,0,0,0,0,NULL,0,0,0,0,0,1,2,NULL,0,0,0,0,0,NULL,NULL,NULL,NULL,0,0,0,0,NULL,NULL,0,0,0,0,NULL,NULL,0,0,0,0,0,0,0,0,0,0,NULL,0,0,0,0
44645,0,0,0,0,NULL,NULL,NULL,NULL,NULL,NULL,NULL,0,0,0,0,NULL,NULL,0,0,0,0,0,0,NULL,0,0,0,0,0,18,2,NULL,0,0,0,0,0,NULL,NULL,NULL,NULL,0,0,0,0,NULL,NULL,0,0,0,0,NULL,NULL,0,0,0,0,0,0,0.6111,0,0,0,NULL,0,0,0,0
44646,0,0,0,0,NULL,NULL,NULL,NULL,NULL,NULL,NULL,0,0,0,0,NULL,NULL,0,0,0,0,0,0,NULL,0,0,0,0,0,29,2,NULL,0,0,0,0,0,NULL,NULL,NULL,NULL,0,0,0,0,NULL,NULL,0,0,0,0,NULL,NULL,0,0,0,0,0,0,0.1071,0,0,0,NULL,0,0,0,0
44647,0,0,0,0,NULL,NULL,NULL,NULL,NULL,NULL,NULL,0,0,0,0,NULL,NULL,0,0,0,0,0,0,NULL,0,0,0,0,0,19,3,NULL,0,0,0,0,0,NULL,NULL,NULL,NULL,0,0,0,0,NULL,NULL,0,0,0,0,NULL,NULL,0,0,0,0,0,0,0.1053,0,0,0,NULL,0,0,0,0
44648,0,0,0,0,NULL,NULL,NULL,NULL,NULL,NULL,NULL,0,0,0,0,NULL,NULL,0,0,0,0,0,0,NULL,0,0,0,0,0,26,2,NULL,0,0,0,0,0,NULL,NULL,NULL,NULL,0,0,0,0,NULL,NULL,0,0,0,0,NULL,NULL,0,0,0,0,0,0,0,0,0,0,NULL,0,0,0,0
44649,0,0,1,-1,NULL,NULL,NULL,NULL,NULL,NULL,NULL,0,0,0,0,NULL,NULL,0,0,0,0,0,0,NULL,0,0,0,0,0,38,2,NULL,0,0,0,0,0,NULL,NULL,NULL,NULL,0,0,0,0,NULL,NULL,0,0,0,0,NULL,NULL,0,0,0,0,0,0,0.0278,0,0,0,NULL,0,0,0,0
44650,0,0,0,0,NULL,NULL,NULL,NULL,NULL,NULL,NULL,0,0,0,0,NULL,NULL,0,0,0,0,0,0,NULL,0,0,0,0,0,1,2,NULL,0,0,0,0,0,NULL,NULL,NULL,NULL,0,0,0,0,NULL,NULL,0,0,0,0,NULL,NULL,0,0,0,0,0,0,0,0,0,0,NULL,0,0,0,0
44651,0,0,0,0,NULL,NULL,NULL,NULL,NULL,NULL,NULL,0,0,0,0,NULL,NULL,0,0,0,0,0,0,NULL,0,0,0,0,0,31,2,NULL,0,0,0,0,0,NULL,NULL,NULL,NULL,0,0,0,0,NULL,NULL,0,0,0,0,NULL,NULL,0,0,0,0,0,0,0,0,0,0,NULL,0,0,0,0
44652,0,0,0,0,NULL,NULL,NULL,NULL,NULL,NULL,NULL,0,0,0,0,NULL,NULL,0,0,0,0,0,0,NULL,0,0,0,0,0,25,2,NULL,0,0,0,0,0,NULL,NULL,NULL,NULL,0,0,0,0,NULL,NULL,0,0,0,0,NULL,NULL,0,0,0,0,0,0,0.12,0,0,0,NULL,0,0,0,0
44653,0,0,0,0,NULL,NULL,NULL,NULL,NULL,NULL,NULL,0,0,0,0,NULL,NULL,0,0,0,0,0,0,NULL,0,0,0,0,0,22,2,NULL,0,0,0,0,0,NULL,NULL,NULL,NULL,0,0,0,0,NULL,NULL,0,0,0,0,NULL,NULL,0,0,0,0,0,0,1,0.2273,0,0,NULL,0,0,0,0
44654,0,0,0,0,NULL,NULL,NULL,NULL,NULL,NULL,NULL,0,0,0,0,NULL,NULL,0,0,0,0,0,0,NULL,0,0,0,0,0,13,2,NULL,0,0,0,0,0,NULL,NULL,NULL,NULL,0,0,0,0,NULL,NULL,0,0,0,0,NULL,NULL,0,0,0,0,0,0,0.6154,0,0,0,NULL,0,0,0,0
44655,0,0,0,0,NULL,NULL,NULL,NULL,NULL,NULL,NULL,0,0,0,0,NULL,NULL,0,0,0,0,0,0,NULL,0,0,0,0,0,31,2,NULL,0,0,0,0,0,NULL,NULL,NULL,NULL,0,0,0,0,NULL,NULL,0,0,0,0,NULL,NULL,0,0,0,0,0,0,1,0.8387,0.2903,0,NULL,0,0,0,0
44656,0,0,0,0,NULL,NULL,NULL,NULL,NULL,NULL,NULL,0,0,0,0,NULL,NULL,0,0,0,0,0,0,NULL,0,0,0,0,0,34,2,NULL,0,0,0,0,0,NULL,NULL,NULL,NULL,0,0,0,0,NULL,NULL,0,0,0,0,NULL,NULL,0,0,0,0,0,0,1,0.8788,0.2424,0,NULL,0,0,0,0
44657,0,0,0,0,NULL,NULL,NULL,NULL,NULL,NULL,NULL,0,0,0,0,NULL,NULL,0,0,0,0,0,0,NULL,0,0,0,0,0,15,2,NULL,0,0,0,0,0,NULL,NULL,NULL,NULL,0,0,0,0,NULL,NULL,0,0,0,0,NULL,NULL,0,0,0,0,0,0,1,0,0,0,NULL,0,0,0,0
44658,0,0,0,0,NULL,NULL,NULL,NULL,NULL,NULL,NULL,0,0,0,0,NULL,NULL,0,0,0,0,0,0,NULL,0,0,0,0,0,28,2,NULL,0,0,0,0,0,NULL,NULL,NULL,NULL,0,0,0,0,NULL,NULL,0,0,0,0,NULL,NULL,0,0,0,0,0,0,0.0357,0,0,0,NULL,0,0,0,0
44659,0,0,0,0,NULL,NULL,NULL,NULL,NULL,NULL,NULL,0,0,0,0,NULL,NULL,0,0,0,0,0,0,NULL,0,0,0,0,0,22,2,NULL,0,0,0,0,0,NULL,NULL,NULL,NULL,0,0,0,0,NULL,NULL,0,0,0,0,NULL,NULL,0,0,0,0,0,0,1,0,0,0,NULL,0,0,0,0
44660,0,0,0,0,NULL,NULL,NULL,NULL,NULL,NULL,NULL,0,0,0,0,NULL,NULL,0,0,0,0,0,0,NULL,0,0,0,0,0,12,2,NULL,0,0,0,0,0,NULL,NULL,NULL,NULL,0,0,0,0,NULL,NULL,0,0,0,0,NULL,NULL,0,0,0,0,0,0,0.4167,0,0,0,NULL,0,0,0,0
44661,0,0,0,0,NULL,NULL,NULL,NULL,NULL,NULL,NULL,0,0,0,0,NULL,NULL,0,0,0,0,0,0,NULL,0,0,0,0,0,11,3,NULL,0,0,0,0,0,NULL,NULL,NULL,NULL,0,0,0,0,NULL,NULL,0,0,0,0,NULL,NULL,0,0,0,0,0,0,0.6364,0,0,0,NULL,0,0,0,0
44662,0,0,0,0,NULL,NULL,NULL,NULL,NULL,NULL,NULL,0,0,0,0,NULL,NULL,0,0,0,0,0,0,NULL,0,0,0,0,0,4,2,NULL,0,0,0,0,0,NULL,NULL,NULL,NULL,0,0,0,0,NULL,NULL,0,0,0,0,NULL,NULL,0,0,0,0,0,0,1,0.75,0,0,NULL,0,0,0,0
44663,0,0,0,0,NULL,NULL,NULL,NULL,NULL,NULL,NULL,0,0,0,0,NULL,NULL,0,0,0,0,0,0,NULL,0,0,0,0,0,19,2,NULL,0,0,0,0,0,NULL,NULL,NULL,NULL,0,0,0,0,NULL,NULL,0,0,0,0,NULL,NULL,0,0,0,0,0,0,0.5263,0,0,0,NULL,0,0,0,0
44664,0,0,0,0,NULL,NULL,NULL,NULL,NULL,NULL,NULL,0,0,0,0,NULL,NULL,0,0,0,0,0,0,NULL,0,0,0,0,0,16,2,NULL,0,0,0,0,0,NULL,NULL,NULL,NULL,0,0,0,0,NULL,NULL,0,0,0,0,NULL,NULL,0,0,0,0,0,0,1,0.0625,0,0,NULL,0,0,0,0
44665,0,0,0,0,NULL,NULL,NULL,NULL,NULL,NULL,NULL,0,0,0,0,NULL,NULL,0,0,0,0,0,0,NULL,0,0,0,0,0,17,2,NULL,0,0,0,0,0,NULL,NULL,NULL,NULL,0,0,0,0,NULL,NULL,0,0,0,0,NULL,NULL,0,0,0,0,0,0,1,0.0625,0,0,NULL,0,0,0,0
44666,0,0,0,0,NULL,NULL,NULL,NULL,NULL,NULL,NULL,0,0,0,0,NULL,NULL,0,0,0,0,0,0,NULL,0,0,0,0,0,2,2,NULL,0,0,0,0,0,NULL,NULL,NULL,NULL,0,0,0,0,NULL,NULL,0,0,0,0,NULL,NULL,0,0,0,0,0,0,1,0,0,0,NULL,0,0,0,0
44667,0,0,0,0,NULL,NULL,NULL,NULL,NULL,NULL,NULL,0,0,0,0,NULL,NULL,0,0,0,0,0,0,NULL,0,0,0,0,0,3,3,NULL,0,0,0,0,0,NULL,NULL,NULL,NULL,0,0,0,0,NULL,NULL,0,0,0,0,NULL,NULL,0,0,0,0,0,0,1,0,0,0,NULL,0,0,0,0
44668,0,0,0,0,NULL,NULL,NULL,NULL,NULL,NULL,NULL,0,0,0,0,NULL,NULL,0,0,0,0,0,0,NULL,0,0,0,0,0,1,3,NULL,0,0,0,0,0,NULL,NULL,NULL,NULL,0,0,0,0,NULL,NULL,0,0,0,0,NULL,NULL,0,0,0,0,0,0,1,1,0,0,NULL,0,0,0,0
44669,0,0,0,0,NULL,NULL,NULL,NULL,NULL,NULL,NULL,0,0,0,0,NULL,NULL,0,0,0,0,0,0,NULL,0,0,0,0,0,13,3,NULL,0,0,0,0,0,NULL,NULL,NULL,NULL,0,0,0,0,NULL,NULL,0,0,0,0,NULL,NULL,0,0,0,0,0,0,1,0,0,0,NULL,0,0,0,0
44670,0,0,0,0,NULL,NULL,NULL,NULL,NULL,NULL,NULL,0,0,0,0,NULL,NULL,0,0,0,0,0,0,NULL,0,0,0,0,0,18,2,NULL,0,0,0,0,0,NULL,NULL,NULL,NULL,0,0,0,0,NULL,NULL,0,0,0,0,NULL,NULL,0,0,0,0,0,0,0,0,0,0,NULL,0,0,0,0
44671,0,0,0,0,NULL,NULL,NULL,NULL,NULL,NULL,NULL,0,0,0,0,NULL,NULL,0,0,0,0,0,0,NULL,0,0,0,0,0,19,2,NULL,0,0,0,0,0,NULL,NULL,NULL,NULL,0,0,0,0,NULL,NULL,0,0,0,0,NULL,NULL,0,0,0,0,0,0,0.0556,0,0,0,NULL,0,0,0,0
44672,0,0,0,0,NULL,NULL,NULL,NULL,NULL,NULL,NULL,0,0,0,0,NULL,NULL,0,0,0,0,0,0,NULL,0,0,0,0,0,23,2,NULL,0,0,0,0,0,NULL,NULL,NULL,NULL,0,0,0,0,NULL,NULL,0,0,0,0,NULL,NULL,0,0,0,0,0,0,0,0,0,0,NULL,0,0,0,0
44673,0,0,0,0,NULL,NULL,NULL,NULL,NULL,NULL,NULL,0,0,0,0,NULL,NULL,0,0,0,0,0,0,NULL,0,0,0,0,0,37,2,NULL,0,0,0,0,0,NULL,NULL,NULL,NULL,0,0,0,0,NULL,NULL,0,0,0,0,NULL,NULL,0,0,0,0,0,0,0,0,0,0,NULL,0,0,0,0
44674,0,0,0,0,NULL,NULL,NULL,NULL,NULL,NULL,NULL,0,0,0,0,NULL,NULL,0,0,0,0,0,0,NULL,0,0,0,0,0,11,2,NULL,0,0,0,0,0,NULL,NULL,NULL,NULL,0,0,0,0,NULL,NULL,0,0,0,0,NULL,NULL,0,0,0,0,0,0,0,0,0,0,NULL,0,0,0,0
44675,0,0,0,0,NULL,NULL,NULL,NULL,NULL,NULL,NULL,0,0,0,0,NULL,NULL,0,0,0,0,0,0,NULL,0,0,0,0,0,27,2,NULL,0,0,0,0,0,NULL,NULL,NULL,NULL,0,0,0,0,NULL,NULL,0,0,0,0,NULL,NULL,0,0,0,0,0,0,0,0,0,0,NULL,0,0,0,0
44676,0,0,0,0,NULL,NULL,NULL,NULL,NULL,NULL,NULL,0,0,0,0,NULL,NULL,0,0,0,0,0,0,NULL,0,0,0,0,0,37,2,NULL,0,0,0,0,0,NULL,NULL,NULL,NULL,0,0,0,0,NULL,NULL,0,0,0,0,NULL,NULL,0,0,0,0,0,0,0,0,0,0,NULL,0,0,0,0
44677,0,0,0,0,NULL,NULL,NULL,NULL,NULL,NULL,NULL,0,0,0,0,NULL,NULL,0,0,0,0,0,0,NULL,0,0,0,0,0,10,2,NULL,0,0,0,0,0,NULL,NULL,NULL,NULL,0,0,0,0,NULL,NULL,0,0,0,0,NULL,NULL,0,0,0,0,0,0,0.1,0,0,0,NULL,0,0,0,0
44678,0,0,0,0,NULL,NULL,NULL,NULL,NULL,NULL,NULL,0,0,0,0,NULL,NULL,0,0,0,0,0,0,NULL,0,0,0,0,0,12,2,NULL,0,0,0,0,0,NULL,NULL,NULL,NULL,0,0,0,0,NULL,NULL,0,0,0,0,NULL,NULL,0,0,0,0,0,0,0,0,0,0,NULL,0,0,0,0
44679,0,0,0,0,NULL,NULL,NULL,NULL,NULL,NULL,NULL,0,0,0,0,NULL,NULL,0,0,0,0,0,0,NULL,0,0,0,0,0,3,2,NULL,0,0,0,0,0,NULL,NULL,NULL,NULL,0,0,0,0,NULL,NULL,0,0,0,0,NULL,NULL,0,0,0,0,0,0,0,0,0,0,NULL,0,0,0,0
44680,0,0,0,0,NULL,NULL,NULL,NULL,NULL,NULL,NULL,0,0,0,0,NULL,NULL,0,0,0,0,0,0,NULL,0,0,0,0,0,1,2,NULL,0,0,0,0,0,NULL,NULL,NULL,NULL,0,0,0,0,NULL,NULL,0,0,0,0,NULL,NULL,0,0,0,0,0,0,0,0,0,0,NULL,0,0,0,0
44681,0,0,0,0,NULL,NULL,NULL,NULL,NULL,NULL,NULL,0,0,0,0,NULL,NULL,0,0,0,0,0,0,NULL,0,0,0,0,0,10,2,NULL,0,0,0,0,0,NULL,NULL,NULL,NULL,0,0,0,0,NULL,NULL,0,0,0,0,NULL,NULL,0,0,0,0,0,0,0,0,0,0,NULL,0,0,0,0
44682,0,0,0,0,NULL,NULL,NULL,NULL,NULL,NULL,NULL,0,0,0,0,NULL,NULL,0,0,0,0,0,0,NULL,0,0,0,0,0,10,3,NULL,0,0,0,0,0,NULL,NULL,NULL,NULL,0,0,0,0,NULL,NULL,0,0,0,0,NULL,NULL,0,0,0,0,0,0,0,0,0,0,NULL,0,0,0,0
44683,0,0,0,0,NULL,NULL,NULL,NULL,NULL,NULL,NULL,0,0,0,0,NULL,NULL,0,0,0,0,0,0,NULL,0,0,0,0,0,6,2,NULL,0,0,0,0,0,NULL,NULL,NULL,NULL,0,0,0,0,NULL,NULL,0,0,0,0,NULL,NULL,0,0,0,0,0,0,0,0,0,0,NULL,0,0,0,0
44684,0,0,0,0,NULL,NULL,NULL,NULL,NULL,NULL,NULL,0,0,0,0,NULL,NULL,0,0,0,0,0,0,NULL,0,0,0,0,0,4,2,NULL,0,0,0,0,0,NULL,NULL,NULL,NULL,0,0,0,0,NULL,NULL,0,0,0,0,NULL,NULL,0,0,0,0,0,0,0,0,0,0,NULL,0,0,0,0
44685,0,0,0,0,NULL,NULL,NULL,NULL,NULL,NULL,NULL,0,0,0,0,NULL,NULL,0,0,0,0,0,0,NULL,0,0,0,0,0,3,2,NULL,0,0,0,0,0,NULL,NULL,NULL,NULL,0,0,0,0,NULL,NULL,0,0,0,0,NULL,NULL,0,0,0,0,0,0,0,0,0,0,NULL,0,0,0,0
44686,0,0,0,0,NULL,NULL,NULL,NULL,NULL,NULL,NULL,0,0,0,0,NULL,NULL,0,0,0,0,0,0,NULL,0,0,0,0,0,25,2,NULL,0,0,0,0,0,NULL,NULL,NULL,NULL,0,0,0,0,NULL,NULL,0,0,0,0,NULL,NULL,0,0,0,0,0,0,0,0,0,0,NULL,0,0,0,0
44687,0,0,0,0,NULL,NULL,NULL,NULL,NULL,NULL,NULL,0,0,0,0,NULL,NULL,0,0,0,0,0,0,NULL,0,0,0,0,0,15,3,NULL,0,0,0,0,0,NULL,NULL,NULL,NULL,0,0,0,0,NULL,NULL,0,0,0,0,NULL,NULL,0,0,0,0,0,0,0,0,0,0,NULL,0,0,0,0
44688,0,0,0,0,NULL,NULL,NULL,NULL,NULL,NULL,NULL,0,0,0,0,NULL,NULL,0,0,0,0,0,0,NULL,0,0,0,0,0,1,2,NULL,0,0,0,0,0,NULL,NULL,NULL,NULL,0,0,0,0,NULL,NULL,0,0,0,0,NULL,NULL,0,0,0,0,0,0,0,0,0,0,NULL,0,0,0,0
44689,0,0,0,0,NULL,NULL,NULL,NULL,NULL,NULL,NULL,0,0,0,0,NULL,NULL,0,0,0,0,0,0,NULL,0,0,0,0,0,1,2,NULL,0,0,0,0,0,NULL,NULL,NULL,NULL,0,0,0,0,NULL,NULL,0,0,0,0,NULL,NULL,0,0,0,0,0,0,0,0,0,0,NULL,0,0,0,0
44690,0,0,0,0,NULL,NULL,NULL,NULL,NULL,NULL,NULL,0,0,0,0,NULL,NULL,0,0,0,0,0,0,NULL,0,0,0,0,0,3,2,NULL,0,0,0,0,0,NULL,NULL,NULL,NULL,0,0,0,0,NULL,NULL,0,0,0,0,NULL,NULL,0,0,0,0,0,0,0,0,0,0,NULL,0,0,0,0
44691,0,0,0,0,NULL,NULL,NULL,NULL,NULL,NULL,NULL,0,0,0,0,NULL,NULL,0,0,0,0,0,0,NULL,0,0,0,0,0,1,2,NULL,0,0,0,0,0,NULL,NULL,NULL,NULL,0,0,0,0,NULL,NULL,0,0,0,0,NULL,NULL,0,0,0,0,0,0,0,0,0,0,NULL,0,0,0,0
44692,0,0,0,0,NULL,NULL,NULL,NULL,NULL,NULL,NULL,0,0,0,0,NULL,NULL,0,0,0,0,0,0,NULL,0,0,0,0,0,21,2,NULL,0,0,0,0,0,NULL,NULL,NULL,NULL,0,0,0,0,NULL,NULL,0,0,0,0,NULL,NULL,0,0,0,0,0,0,1,0,0,0,NULL,0,0,0,0
44693,0,0,0,0,NULL,NULL,NULL,NULL,NULL,NULL,NULL,0,0,0,0,NULL,NULL,0,0,0,0,0,0,NULL,0,0,0,0,0,5,3,NULL,0,0,0,0,0,NULL,NULL,NULL,NULL,0,0,0,0,NULL,NULL,0,0,0,0,NULL,NULL,0,0,0,0,0,0,1,0.5,0.5,0,NULL,0,0,0,0
44694,0,0,1,-1,NULL,NULL,NULL,NULL,NULL,NULL,NULL,0,0,0,0,NULL,NULL,0,0,0,0,0,0,NULL,0,0,0,0,0,29,3,NULL,0,0,0,0,0,NULL,NULL,NULL,NULL,0,0,0,0,NULL,NULL,0,0,0,0,NULL,NULL,0,0,0,0,0,0,1,0.9643,0.9643,0.9286,NULL,0,0,0.9286,0
44695,0,0,0,0,NULL,NULL,NULL,NULL,NULL,NULL,NULL,0,0,0,0,NULL,NULL,0,0,0,0,0,0,NULL,0,0,0,0,0,6,3,NULL,0,0,0,0,0,NULL,NULL,NULL,NULL,0,0,0,0,NULL,NULL,0,0,0,0,NULL,NULL,0,0,0,0,0,0,1,0.1667,0.1667,0.1667,NULL,0,0,0.1667,0.1667
44696,0,0,0,0,NULL,NULL,NULL,NULL,NULL,NULL,NULL,0,0,0,0,NULL,NULL,0,0,0,0,0,0,NULL,0,0,0,0,0,3,3,NULL,0,0,0,0,0,NULL,NULL,NULL,NULL,0,0,0,0,NULL,NULL,0,0,0,0,NULL,NULL,0,0,0,0,0,0,1,0.6667,0.6667,0.6667,NULL,0,0,0.6667,0.6667
44697,0,0,0,0,NULL,NULL,NULL,NULL,NULL,NULL,NULL,0,0,0,0,NULL,NULL,0,0,0,0,0,0,NULL,0,0,0,0,0,1,2,NULL,0,0,0,0,0,NULL,NULL,NULL,NULL,0,0,0,0,NULL,NULL,0,0,0,0,NULL,NULL,0,0,0,0,0,0,1,0,0,0,NULL,0,0,0,0
44698,0,0,0,0,NULL,NULL,NULL,NULL,NULL,NULL,NULL,0,0,0,0,NULL,NULL,0,0,0,0,0,0,NULL,0,0,0,0,0,16,3,NULL,0,0,0,0,0,NULL,NULL,NULL,NULL,0,0,0,0,NULL,NULL,0,0,0,0,NULL,NULL,0,0,0,0,0,0,NULL,NULL,NULL,NULL,NULL,0,0,NULL,NULL
44699,0,0,0,0,NULL,NULL,NULL,NULL,NULL,NULL,NULL,0,0,0,0,NULL,NULL,0,0,0,0,0,0,NULL,0,0,0,0,0,13,3,NULL,0,0,0,0,0,NULL,NULL,NULL,NULL,0,0,0,0,NULL,NULL,0,0,0,0,NULL,NULL,0,0,0,0,0,0,NULL,NULL,NULL,NULL,NULL,0,0,NULL,NULL
44700,0,0,0,0,NULL,NULL,NULL,NULL,NULL,NULL,NULL,0,0,0,0,NULL,NULL,0,0,0,0,0,0,NULL,0,0,0,0,0,10,2,NULL,0,0,0,0,0,NULL,NULL,NULL,NULL,0,0,0,0,NULL,NULL,0,0,0,0,NULL,NULL,0,0,0,0,0,0,NULL,NULL,NULL,NULL,NULL,0,0,NULL,NULL
44701,0,0,0,0,NULL,NULL,NULL,NULL,NULL,NULL,NULL,0,0,0,0,NULL,NULL,0,0,0,0,0,0,NULL,0,0,0,0,0,17,2,NULL,0,0,0,0,0,NULL,NULL,NULL,NULL,0,0,0,0,NULL,NULL,0,0,0,0,NULL,NULL,0,0,0,0,0,0,NULL,NULL,NULL,NULL,NULL,0,0,NULL,NULL
44702,0,0,0,0,NULL,NULL,NULL,NULL,NULL,NULL,NULL,0,0,0,0,NULL,NULL,0,0,0,0,0,0,NULL,0,0,0,0,0,9,2,NULL,0,0,0,0,0,NULL,NULL,NULL,NULL,0,0,0,0,NULL,NULL,0,0,0,0,NULL,NULL,0,0,0,0,0,0,NULL,NULL,NULL,NULL,NULL,0,0,NULL,NULL
44703,0,0,0,0,NULL,NULL,NULL,NULL,NULL,NULL,NULL,0,0,0,0,NULL,NULL,0,0,0,0,0,0,NULL,0,0,0,0,0,19,2,NULL,0,0,0,0,0,NULL,NULL,NULL,NULL,0,0,0,0,NULL,NULL,0,0,0,0,NULL,NULL,0,0,0,0,0,0,NULL,NULL,NULL,NULL,NULL,0,0,NULL,NULL
44704,0,0,1,-1,NULL,NULL,NULL,NULL,NULL,NULL,NULL,0,0,0,0,NULL,NULL,0,0,0,0,0,0,NULL,0,0,0,0,0,18,2,NULL,0,0,0,0,0,NULL,NULL,NULL,NULL,0,0,0,0,NULL,NULL,0,0,0,0,NULL,NULL,0,0,0,0,0,0,NULL,NULL,NULL,NULL,NULL,0,0,NULL,NULL
44705,0,0,0,0,NULL,NULL,NULL,NULL,NULL,NULL,NULL,0,0,0,0,NULL,NULL,0,0,0,0,0,0,NULL,0,0,0,0,0,7,2,NULL,0,0,0,0,0,NULL,NULL,NULL,NULL,0,0,0,0,NULL,NULL,0,0,0,0,NULL,NULL,0,0,0,0,0,0,NULL,NULL,NULL,NULL,NULL,0,0,NULL,NULL
44706,0,0,0,0,NULL,NULL,NULL,NULL,NULL,NULL,NULL,0,0,0,0,NULL,NULL,0,0,0,0,0,0,NULL,0,0,0,0,0,14,2,NULL,0,0,0,0,0,NULL,NULL,NULL,NULL,0,0,0,0,NULL,NULL,0,0,0,0,NULL,NULL,0,0,0,0,0,0,NULL,NULL,NULL,NULL,NULL,0,0,NULL,NULL
44707,0,0,0,0,NULL,NULL,NULL,NULL,NULL,NULL,NULL,0,0,0,0,NULL,NULL,0,0,0,0,0,0,NULL,0,0,0,0,0,9,2,NULL,0,0,0,0,0,NULL,NULL,NULL,NULL,0,0,0,0,NULL,NULL,0,0,0,0,NULL,NULL,0,0,0,0,0,0,NULL,NULL,NULL,NULL,NULL,0,0,NULL,NULL
44708,0,0,0,0,NULL,NULL,NULL,NULL,NULL,NULL,NULL,0,0,0,0,NULL,NULL,0,0,0,0,0,0,NULL,0,0,0,0,0,12,2,NULL,0,0,0,0,0,NULL,NULL,NULL,NULL,0,0,0,0,NULL,NULL,0,0,0,0,NULL,NULL,0,0,0,0,0,0,NULL,NULL,NULL,NULL,NULL,0,0,NULL,NULL
44709,0,0,0,0,NULL,NULL,NULL,NULL,NULL,NULL,NULL,0,0,0,0,NULL,NULL,0,0,0,0,0,0,NULL,0,0,0,0,0,8,2,NULL,0,0,0,0,0,NULL,NULL,NULL,NULL,0,0,0,0,NULL,NULL,0,0,0,0,NULL,NULL,0,0,0,0,0,0,NULL,NULL,NULL,NULL,NULL,0,0,NULL,NULL
44710,0,0,0,0,NULL,NULL,NULL,NULL,NULL,NULL,NULL,0,0,0,0,NULL,NULL,0,0,0,0,0,0,NULL,0,0,0,0,0,7,2,NULL,0,0,0,0,0,NULL,NULL,NULL,NULL,0,0,0,0,NULL,NULL,0,0,0,0,NULL,NULL,0,0,0,0,0,0,NULL,NULL,NULL,NULL,NULL,0,0,NULL,NULL
44711,0,0,0,0,NULL,NULL,NULL,NULL,NULL,NULL,NULL,0,0,0,0,NULL,NULL,0,0,0,0,0,0,NULL,0,0,0,0,0,8,2,NULL,0,0,0,0,0,NULL,NULL,NULL,NULL,0,0,0,0,NULL,NULL,0,0,0,0,NULL,NULL,0,0,0,0,0,0,NULL,NULL,NULL,NULL,NULL,0,0,NULL,NULL
44712,0,0,0,0,NULL,NULL,NULL,NULL,NULL,NULL,NULL,0,0,0,0,NULL,NULL,0,0,0,0,0,0,NULL,0,0,0,0,0,20,2,NULL,0,0,0,0,0,NULL,NULL,NULL,NULL,0,0,0,0,NULL,NULL,0,0,0,0,NULL,NULL,0,0,0,0,0,0,NULL,NULL,NULL,NULL,NULL,0,0,NULL,NULL
44713,0,0,0,0,NULL,NULL,NULL,NULL,NULL,NULL,NULL,0,0,0,0,NULL,NULL,0,0,0,0,0,0,NULL,0,0,0,0,0,11,3,NULL,0,0,0,0,0,NULL,NULL,NULL,NULL,0,0,0,0,NULL,NULL,0,0,0,0,NULL,NULL,0,0,0,0,0,0,1,0.625,0.625,0.625,NULL,0,0,0.625,0.625
44714,0,0,0,0,NULL,NULL,NULL,NULL,NULL,NULL,NULL,0,0,0,0,NULL,NULL,0,0,0,0,0,0,NULL,0,0,0,0,0,23,2,NULL,0,0,0,0,0,NULL,NULL,NULL,NULL,0,0,0,0,NULL,NULL,0,0,0,0,NULL,NULL,0,0,0,0,0,0,1,0.3478,0.3478,0.3478,NULL,0,0,0.3478,0.3478
44715,0,0,0,0,NULL,NULL,NULL,NULL,NULL,NULL,NULL,0,0,0,0,NULL,NULL,0,0,0,0,0,0,NULL,0,0,0,0,0,15,2,NULL,0,0,0,0,0,NULL,NULL,NULL,NULL,0,0,0,0,NULL,NULL,0,0,0,0,NULL,NULL,0,0,0,0,0,0,1,0.4286,0.4286,0.4286,NULL,0,0,0.4286,0.4286
44716,0,0,0,0,NULL,NULL,NULL,NULL,NULL,NULL,NULL,0,0,0,0,NULL,NULL,0,0,0,0,0,0,NULL,0,0,0,0,0,19,3,NULL,0,0,0,0,0,NULL,NULL,NULL,NULL,0,0,0,0,NULL,NULL,0,0,0,0,NULL,NULL,0,0,0,0,0,0,1,0.375,0.375,0.375,NULL,0,0,0.375,0.375
44717,0,0,0,0,NULL,NULL,NULL,NULL,NULL,NULL,NULL,0,0,0,0,NULL,NULL,0,0,0,0,0,0,NULL,0,0,0,0,0,17,2,NULL,0,0,0,0,0,NULL,NULL,NULL,NULL,0,0,0,0,NULL,NULL,0,0,0,0,NULL,NULL,0,0,0,0,0,0,NULL,NULL,NULL,NULL,NULL,0,0,NULL,NULL
44718,0,0,0,0,NULL,NULL,NULL,NULL,NULL,NULL,NULL,0,0,0,0,NULL,NULL,0,0,0,0,0,0,NULL,0,0,0,0,0,32,2,NULL,0,0,0,0,0,NULL,NULL,NULL,NULL,0,0,0,0,NULL,NULL,0,0,0,0,NULL,NULL,0,0,0,0,0,0,NULL,NULL,NULL,NULL,NULL,0,0,NULL,NULL
44719,0,0,0,0,NULL,NULL,NULL,NULL,NULL,NULL,NULL,0,0,0,0,NULL,NULL,0,0,0,0,0,0,NULL,0,0,0,0,0,14,2,NULL,0,0,0,0,0,NULL,NULL,NULL,NULL,0,0,0,0,NULL,NULL,0,0,0,0,NULL,NULL,0,0,0,0,0,0,NULL,NULL,NULL,NULL,NULL,0,0,NULL,NULL
44720,0,0,0,0,NULL,NULL,NULL,NULL,NULL,NULL,NULL,0,0,0,0,NULL,NULL,0,0,0,0,0,0,NULL,0,0,0,0,0,19,2,NULL,0,0,0,0,0,NULL,NULL,NULL,NULL,0,0,0,0,NULL,NULL,0,0,0,0,NULL,NULL,0,0,0,0,0,0,NULL,NULL,NULL,NULL,NULL,0,0,NULL,NULL
44721,0,0,0,0,NULL,NULL,NULL,NULL,NULL,NULL,NULL,0,0,0,0,NULL,NULL,0,0,0,0,0,0,NULL,0,0,0,0,0,4,2,NULL,0,0,0,0,0,NULL,NULL,NULL,NULL,0,0,0,0,NULL,NULL,0,0,0,0,NULL,NULL,0,0,0,0,0,0,NULL,NULL,NULL,NULL,NULL,0,0,NULL,NULL
44722,0,0,0,0,NULL,NULL,NULL,NULL,NULL,NULL,NULL,0,0,0,0,NULL,NULL,0,0,0,0,0,0,NULL,0,0,0,0,0,6,2,NULL,0,0,0,0,0,NULL,NULL,NULL,NULL,0,0,0,0,NULL,NULL,0,0,0,0,NULL,NULL,0,0,0,0,0,0,NULL,NULL,NULL,NULL,NULL,0,0,NULL,NULL
44723,0,0,0,0,NULL,NULL,NULL,NULL,NULL,NULL,NULL,0,0,0,0,NULL,NULL,0,0,0,0,0,0,NULL,0,0,0,0,0,14,3,NULL,0,0,0,0,0,NULL,NULL,NULL,NULL,0,0,0,0,NULL,NULL,0,0,0,0,NULL,NULL,0,0,0,0,0,0,1,0.75,0.75,0.75,NULL,0,0,0.75,0.75
44724,0,0,0,0,NULL,NULL,NULL,NULL,NULL,NULL,NULL,0,0,0,0,NULL,NULL,0,0,0,0,0,0,NULL,0,0,0,0,0,23,2,NULL,0,0,0,0,0,NULL,NULL,NULL,NULL,0,0,0,0,NULL,NULL,0,0,0,0,NULL,NULL,0,0,0,0,0,0,1,0.4762,0.4762,0.4762,NULL,0,0,0.4762,0.4762
44725,0,0,0,0,NULL,NULL,NULL,NULL,NULL,NULL,NULL,0,0,0,0,NULL,NULL,0,0,0,0,0,0,NULL,0,0,0,0,0,4,2,NULL,0,0,0,0,0,NULL,NULL,NULL,NULL,0,0,0,0,NULL,NULL,0,0,0,0,NULL,NULL,0,0,0,0,0,0,1,0.25,0.25,0.25,NULL,0,0,0.25,0.25
44726,0,0,0,0,NULL,NULL,NULL,NULL,NULL,NULL,NULL,0,0,0,0,NULL,NULL,0,0,0,0,0,0,NULL,0,0,0,0,0,13,2,NULL,0,0,0,0,0,NULL,NULL,NULL,NULL,0,0,0,0,NULL,NULL,0,0,0,0,NULL,NULL,0,0,0,0,0,0,1,0.4615,0.4615,0.4615,NULL,0,0,0.4615,0.4615
44727,0,0,0,0,NULL,NULL,NULL,NULL,NULL,NULL,NULL,0,0,0,0,NULL,NULL,0,0,0,0,0,0,NULL,0,0,0,0,0,11,2,NULL,0,0,0,0,0,NULL,NULL,NULL,NULL,0,0,0,0,NULL,NULL,0,0,0,0,NULL,NULL,0,0,0,0,0,0,1,1,1,1,NULL,0,0,1,1
44728,0,0,0,0,NULL,NULL,NULL,NULL,NULL,NULL,NULL,0,0,0,0,NULL,NULL,0,0,0,0,0,0,NULL,0,0,0,0,0,15,3,NULL,0,0,0,0,0,NULL,NULL,NULL,NULL,0,0,0,0,NULL,NULL,0,0,0,0,NULL,NULL,0,0,0,0,0,0,1,0.6364,0.6364,0.6364,NULL,0,0,0.6364,0.6364
44729,0,0,0,0,NULL,NULL,NULL,NULL,NULL,NULL,NULL,0,0,0,0,NULL,NULL,0,0,0,0,0,0,NULL,0,0,0,0,0,12,3,NULL,0,0,0,0,0,NULL,NULL,NULL,NULL,0,0,0,0,NULL,NULL,0,0,0,0,NULL,NULL,0,0,0,0,0,0,1,0,0,0,NULL,0,0,0,0
44730,0,0,0,0,NULL,NULL,NULL,NULL,NULL,NULL,NULL,0,0,0,0,NULL,NULL,0,0,NULL,0,0,0,NULL,0,0,0,0,0,6,3,NULL,0,0,0,0,0,NULL,NULL,NULL,NULL,0,0,0,0,NULL,NULL,0,0,0,0,NULL,NULL,0,0,0,0,0,0,1,0.25,0.25,0.25,NULL,0,0,0.25,0.25
44731,0,0,0,0,NULL,NULL,NULL,NULL,NULL,NULL,NULL,0,0,0,0,NULL,NULL,0,0,0,0,0,0,NULL,0,0,0,0,0,4,3,NULL,0,0,0,0,0,NULL,NULL,NULL,NULL,0,0,0,0,NULL,NULL,0,0,0,0,NULL,NULL,0,0,0,0,0,0,1,1,1,1,NULL,0,0,1,1
44732,0,0,0,0,NULL,NULL,NULL,NULL,NULL,NULL,NULL,0,0,0,0,NULL,NULL,0,0,0,0,0,0,NULL,0,0,0,0,0,29,3,NULL,0,0,0,0,0,NULL,NULL,NULL,NULL,0,0,0,0,NULL,NULL,0,0,0,0,NULL,NULL,0,0,0,0,0,0,1,1,1,1,NULL,0,0,1,1
44733,0,0,0,0,NULL,NULL,NULL,NULL,NULL,NULL,NULL,0,0,0,0,NULL,NULL,0,0,NULL,0,0,0,NULL,0,0,0,0,0,3,3,NULL,0,0,0,0,0,NULL,NULL,NULL,NULL,0,0,0,0,NULL,NULL,0,0,0,0,NULL,NULL,0,0,0,0,0,0,1,1,1,1,NULL,0,0,1,1
44734,0,0,0,0,NULL,NULL,NULL,NULL,NULL,NULL,NULL,0,0,0,0,NULL,NULL,0,0,0,0,0,0,NULL,0,0,0,0,0,13,3,NULL,0,0,0,0,0,NULL,NULL,NULL,NULL,0,0,0,0,NULL,NULL,0,0,0,0,NULL,NULL,0,0,0,0,0,0,1,1,1,1,NULL,0,0,1,1
44735,0,0,0,0,NULL,NULL,NULL,NULL,NULL,NULL,NULL,0,0,0,0,NULL,NULL,0,0,NULL,0,0,0,NULL,0,0,0,0,0,8,3,NULL,0,0,0,0,0,NULL,NULL,NULL,NULL,0,0,0,0,NULL,NULL,0,0,0,0,NULL,NULL,0,0,0,0,0,0,1,0.8,0.8,0.8,NULL,0,0,0.8,0.8
44736,0,0,0,0,NULL,NULL,NULL,NULL,NULL,NULL,NULL,0,0,0,0,NULL,NULL,0,0,NULL,0,0,0,NULL,0,0,0,0,0,12,3,NULL,0,0,0,0,0,NULL,NULL,NULL,NULL,0,0,0,0,NULL,NULL,0,0,0,0,NULL,NULL,0,0,0,0,0,0,1,1,1,1,NULL,0,0,1,1
44737,0,0,0,0,NULL,NULL,NULL,NULL,NULL,NULL,NULL,0,0,0,0,NULL,NULL,0,0,NULL,0,0,0,NULL,0,0,0,0,0,3,3,NULL,0,0,0,0,0,NULL,NULL,NULL,NULL,0,0,0,0,NULL,NULL,0,0,0,0,NULL,NULL,0,0,0,0,0,0,1,1,1,1,NULL,0,0,1,1
44738,0,0,0,0,NULL,NULL,NULL,NULL,NULL,NULL,NULL,0,0,0,0,NULL,NULL,0,0,0,0,0,0,NULL,0,0,0,0,0,4,2,NULL,0,0,0,0,0,NULL,NULL,NULL,NULL,0,0,0,0,NULL,NULL,0,0,0,0,NULL,NULL,0,0,0,0,0,0,1,1,1,1,NULL,0,0,1,1
44739,0,0,0,0,NULL,NULL,NULL,NULL,NULL,NULL,NULL,0,0,0,0,NULL,NULL,0,0,NULL,0,0,0,NULL,0,0,0,0,0,6,3,NULL,0,0,0,0,0,NULL,NULL,NULL,NULL,0,0,0,0,NULL,NULL,0,0,0,0,NULL,NULL,0,0,0,0,0,0,1,0.8333,0.8333,0.8333,NULL,0,0,0.8333,0.8333
44740,0,0,0,0,NULL,NULL,NULL,NULL,NULL,NULL,NULL,0,0,0,0,NULL,NULL,0,0,0,0,0,0,NULL,0,0,0,0,0,3,NULL,NULL,0,0,0,0,0,NULL,NULL,NULL,NULL,0,0,0,0,NULL,NULL,0,0,0,0,NULL,NULL,0,0,0,0,0,0,NULL,NULL,NULL,NULL,NULL,0,0,NULL,NULL
44741,0,0,0,0,NULL,NULL,NULL,NULL,NULL,NULL,NULL,0,0,0,0,NULL,NULL,0,0,NULL,0,0,0,NULL,0,0,0,0,0,3,NULL,NULL,0,0,0,0,0,NULL,NULL,NULL,NULL,0,0,0,0,NULL,NULL,0,0,0,0,NULL,NULL,0,0,0,0,0,0,NULL,NULL,NULL,NULL,NULL,0,0,NULL,NULL
44742,NULL,NULL,NULL,NULL,NULL,NULL,NULL,NULL,NULL,NULL,NULL,NULL,NULL,NULL,NULL,NULL,NULL,NULL,NULL,NULL,NULL,NULL,NULL,NULL,NULL,NULL,NULL,NULL,NULL,NULL,NULL,NULL,NULL,NULL,0,0,0,NULL,NULL,NULL,NULL,NULL,NULL,NULL,NULL,NULL,NULL,NULL,NULL,NULL,NULL,NULL,NULL,NULL,NULL,NULL,NULL,NULL,NULL,NULL,NULL,NULL,NULL,NULL,NULL,NULL,NULL,NULL
44743,0,0,0,0,NULL,NULL,NULL,NULL,NULL,NULL,NULL,0,0,0,0,NULL,NULL,0,0,NULL,NULL,0,0,NULL,0,0,0,0,0,0,NULL,NULL,0,0,0,0,0,NULL,NULL,NULL,NULL,NULL,NULL,NULL,0,NULL,NULL,0,0,0,0,NULL,NULL,0,0,0,0,NULL,0,NULL,NULL,NULL,NULL,NULL,NULL,NULL,NULL,NULL
44744,0,0,0,0,NULL,NULL,NULL,NULL,NULL,NULL,NULL,0,0,0,0,NULL,NULL,0,0,NULL,0,0,0,NULL,0,0,0,0,0,2,NULL,NULL,0,0,0,0,0,NULL,NULL,NULL,NULL,0,0,0,0,NULL,NULL,0,0,0,0,NULL,NULL,0,0,0,0,0,0,NULL,NULL,NULL,NULL,NULL,0,0,NULL,NULL
44745,0,0,0,0,NULL,NULL,NULL,NULL,NULL,NULL,NULL,0,0,0,0,NULL,NULL,0,0,NULL,NULL,0,0,NULL,0,0,0,0,0,0,NULL,NULL,0,0,0,0,0,NULL,NULL,NULL,NULL,NULL,NULL,NULL,0,NULL,NULL,0,0,0,0,NULL,NULL,0,0,0,0,NULL,0,NULL,NULL,NULL,NULL,NULL,NULL,NULL,NULL,NULL
44746,0,0,0,0,NULL,NULL,NULL,NULL,NULL,NULL,NULL,0,0,0,0,NULL,NULL,0,0,NULL,NULL,0,0,NULL,0,0,0,0,0,0,NULL,NULL,0,0,0,0,0,NULL,NULL,NULL,NULL,NULL,NULL,NULL,0,NULL,NULL,0,0,0,0,NULL,NULL,0,0,0,0,NULL,0,NULL,NULL,NULL,NULL,NULL,NULL,NULL,NULL,NULL
