814608,2,0,2022-02-03 19:19:27,Sblock Lp Restore: K1L1S1 : UNCERTAIN : CSA(20028) has unusual jgt_pilot_shutoffs.judge_result(5) ,1,1
814609,2,0,2022-02-03 19:19:27,Sblock Lp Restore: K1L2S1 : UNCERTAIN : CSA(20077) has unusual jgt_pilot_shutoffs.judge_result(5) ,1,1
814610,2,0,2022-02-03 19:42:17,Sblock Lp Restore: K1L3S1 : UNCERTAIN : CSA(20128) has unusual jgt_pilot_shutoffs.judge_result(5) ,1,1
814611,2,0,2022-02-03 19:19:27,Sblock Lp Restore: K1L4S1 : UNCERTAIN : CSA(20171) has unusual jgt_pilot_shutoffs.judge_result(5) ,1,1
814612,2,0,2022-02-03 19:41:17,Sblock Lp Restore: K1L5S1 : UNCERTAIN : CSA(20241) has unusual jgt_pilot_shutoffs.judge_result(5) ,1,1
814613,2,0,2022-02-03 19:19:28,Sblock Lp Restore: K1L6S1 : UNCERTAIN : CSA(20310) has unusual jgt_pilot_shutoffs.judge_result(5) ,1,1
814615,2,1,2022-02-03 19:38:16,Sblock Lp Restore: K1L8S1 : A : CSA(20453)$#COMMA# A(lp=2.3170000000000001$#COMMA# time=2022/02/03 19:30:16$#COMMA# data_type=0)$#COMMA# B(lp=1.517$#COMMA# time=2022/02/03 19:35:16$#COMMA# data_type=0)$#COMMA# a=-0.0026666666666666666$#COMMA# b=3.117 ,1,1
814618,2,0,2022-02-03 19:19:28,Sblock Lp Restore: K1L11S1 : UNCERTAIN : CSA(20603) has unusual jgt_pilot_shutoffs.judge_result(5) ,1,1
814619,2,0,2022-02-03 19:19:28,Sblock Lp Restore: K1L12S1 : UNCERTAIN : CSA(20662) has unusual jgt_pilot_shutoffs.judge_result(5) ,1,1
814620,2,0,2022-02-03 19:19:28,Sblock Lp Restore: K1L13S1 : UNCERTAIN : CSA(20723) has unusual jgt_pilot_shutoffs.judge_result(5) ,1,1
814625,2,0,2022-02-03 19:19:28,Sblock Lp Restore: K1L15S1 : UNCERTAIN : CSA(20829) has unusual jgt_pilot_shutoffs.judge_result(5) ,1,1
814627,2,0,2022-02-03 19:19:28,Sblock Lp Restore: K1L17S1 : UNCERTAIN : CSA(20929) has unusual jgt_pilot_shutoffs.judge_result(5) ,1,1
814631,2,3,2022-02-03 19:19:28,Sblock Lp Restore: K1L20S2 : C : CSA(21094)$#COMMA# A(lp=2.26500000000000001$#COMMA# time=2022/02/03 19:11:16$#COMMA# data_type=0)$#COMMA# B(lp=2.165$#COMMA# time=2022/02/03 19:16:16$#COMMA# data_type=0)$#COMMA# a=-0.0003333333333333333$#COMMA# b=2.365 ,1,1
814632,2,0,2022-02-03 19:19:28,Sblock Lp Restore: K1L21S1 : UNCERTAIN : CSA(21081) has unusual jgt_pilot_shutoffs.judge_result(5) ,1,1
814633,2,4,2022-02-03 19:19:28,Sblock Lp Restore: K1L21S2 : D : CSA(21085)$#COMMA# A(lp=2.325$#COMMA# time=2022/02/03 19:11:16$#COMMA# data_type=0)$#COMMA# B(lp=2.325$#COMMA# time=2022/02/03 19:16:16$#COMMA# data_type=0)$#COMMA# a=0.0$#COMMA# b=2.325 ,1,1
814634,2,2,2022-02-03 19:19:28,Sblock Lp Restore: K1L21S3 : B : CSA(21082)$#COMMA# A(lp=2.27$#COMMA# time=2022/02/03 19:11:16$#COMMA# data_type=0)$#COMMA# B(lp=1.97$#COMMA# time=2022/02/03 19:16:16$#COMMA# data_type=0)$#COMMA# a=-0.001$#COMMA# b=2.57 ,1,1
814635,2,2,2022-02-03 19:19:28,Sblock Lp Restore: K1L21S4 : B : CSA(21086)$#COMMA# A(lp=2.27$#COMMA# time=2022/02/03 19:11:16$#COMMA# data_type=0)$#COMMA# B(lp=1.97$#COMMA# time=2022/02/03 19:16:16$#COMMA# data_type=0)$#COMMA# a=-0.001$#COMMA# b=2.57 ,1,1
814636,2,0,2022-02-03 19:19:28,Sblock Lp Restore: K1L21S5 : UNCERTAIN : CSA(21100) has unusual jgt_pilot_shutoffs.judge_result(5) ,1,1
814637,2,0,2022-02-03 19:19:29,Sblock Lp Restore: K1L22S1 : UNCERTAIN : CSA(21105) has unusual jgt_pilot_shutoffs.judge_result(5) ,1,1
814638,2,2,2022-02-03 19:19:29,Sblock Lp Restore: K1L22S2 : B : CSA(21137)$#COMMA# A(lp=2.27$#COMMA# time=2022/02/03 19:11:16$#COMMA# data_type=0)$#COMMA# B(lp=1.97$#COMMA# time=2022/02/03 19:16:16$#COMMA# data_type=0)$#COMMA# a=-0.001$#COMMA# b=2.57 ,1,1
814639,2,0,2022-02-03 19:19:29,Sblock Lp Restore: K1L22S3 : UNCERTAIN : CSA(21119) has unusual jgt_pilot_shutoffs.judge_result(5) ,1,1
814640,2,0,2022-02-03 19:19:29,Sblock Lp Restore: K1L22S4 : UNCERTAIN : CSA(21124) has unusual jgt_pilot_shutoffs.judge_result(5) ,1,1
814641,2,3,2022-02-03 19:19:29,Sblock Lp Restore: K1L22S5 : C : CSA(21138)$#COMMA# A(lp=2.26500000000000001$#COMMA# time=2022/02/03 19:11:16$#COMMA# data_type=0)$#COMMA# B(lp=2.165$#COMMA# time=2022/02/03 19:16:16$#COMMA# data_type=0)$#COMMA# a=-0.0003333333333333333$#COMMA# b=2.365 ,1,1
814642,2,4,2022-02-03 19:19:29,Sblock Lp Restore: K1L22S6 : D : CSA(20117)$#COMMA# A(lp=2.325$#COMMA# time=2022/02/03 19:11:16$#COMMA# data_type=0)$#COMMA# B(lp=2.325$#COMMA# time=2022/02/03 19:16:16$#COMMA# data_type=0)$#COMMA# a=0.0$#COMMA# b=2.325 ,1,1
814643,2,4,2022-02-03 19:19:29,Sblock Lp Restore: K1L22S7 : D : CSA(21139)$#COMMA# A(lp=2.325$#COMMA# time=2022/02/03 19:11:16$#COMMA# data_type=0)$#COMMA# B(lp=2.325$#COMMA# time=2022/02/03 19:16:16$#COMMA# data_type=0)$#COMMA# a=0.0$#COMMA# b=2.325 ,1,1
814644,2,4,2022-02-03 19:19:29,Sblock Lp Restore: K1L22S8 : D : CSA(21143)$#COMMA# A(lp=2.325$#COMMA# time=2022/02/03 19:11:16$#COMMA# data_type=0)$#COMMA# B(lp=2.325$#COMMA# time=2022/02/03 19:16:16$#COMMA# data_type=0)$#COMMA# a=0.0$#COMMA# b=2.325 ,1,1
814645,2,0,2022-02-03 19:19:29,Sblock Lp Restore: K1L23S1 : UNCERTAIN : CSA(20024) has unusual jgt_pilot_shutoffs.judge_result(5) ,1,1
814646,2,2,2022-02-03 19:19:29,Sblock Lp Restore: K1L24S1 : B : CSA(20011)$#COMMA# A(lp=2.27$#COMMA# time=2022/02/03 19:11:16$#COMMA# data_type=0)$#COMMA# B(lp=1.97$#COMMA# time=2022/02/03 19:16:16$#COMMA# data_type=0)$#COMMA# a=-0.001$#COMMA# b=2.57 ,1,1
814647,2,2,2022-02-03 19:19:29,Sblock Lp Restore: K1L25S1 : B : CSA(20160)$#COMMA# A(lp=2.27$#COMMA# time=2022/02/03 19:11:16$#COMMA# data_type=0)$#COMMA# B(lp=1.97$#COMMA# time=2022/02/03 19:16:16$#COMMA# data_type=0)$#COMMA# a=-0.001$#COMMA# b=2.57 ,1,1
814653,2,0,2022-02-03 19:19:29,Sblock Lp Restore: K1L30S1 : UNCERTAIN : CSA(20246) has unusual jgt_pilot_shutoffs.judge_result(5) ,1,1
814660,2,0,2022-02-03 19:19:29,Sblock Lp Restore: K1L37S1 : UNCERTAIN : CSA(20888) has unusual jgt_pilot_shutoffs.judge_result(5) ,1,1
814669,2,0,2022-02-03 19:19:29,Sblock Lp Restore: K1L47S1 : UNCERTAIN : CSA(20484) has unusual jgt_pilot_shutoffs.judge_result(5) ,1,1
814670,2,0,2022-02-03 19:19:29,Sblock Lp Restore: K1L48S1 : UNCERTAIN : CSA(20174) has unusual jgt_pilot_shutoffs.judge_result(5) ,1,1
814671,2,0,2022-02-03 19:19:30,Sblock Lp Restore: K2L1S1 : UNCERTAIN : CSA(21182) has unusual jgt_pilot_shutoffs.judge_result(5) ,1,1
814672,2,4,2022-02-03 19:19:30,Sblock Lp Restore: K2L1S2 : D : CSA(21214)$#COMMA# A(lp=2.325$#COMMA# time=2022/02/03 19:11:16$#COMMA# data_type=0)$#COMMA# B(lp=2.325$#COMMA# time=2022/02/03 19:16:16$#COMMA# data_type=0)$#COMMA# a=0.0$#COMMA# b=2.325 ,1,1
814674,2,4,2022-02-03 19:19:30,Sblock Lp Restore: K2L2S2 : D : CSA(21267)$#COMMA# A(lp=2.325$#COMMA# time=2022/02/03 19:11:16$#COMMA# data_type=0)$#COMMA# B(lp=2.325$#COMMA# time=2022/02/03 19:16:16$#COMMA# data_type=0)$#COMMA# a=0.0$#COMMA# b=2.325 ,1,1
814675,2,0,2022-02-03 19:19:30,Sblock Lp Restore: K2L3S1 : UNCERTAIN : CSA(21338) has unusual jgt_pilot_shutoffs.judge_result(5) ,1,1
814677,2,0,2022-02-03 19:19:30,Sblock Lp Restore: K2L5S1 : UNCERTAIN : CSA(21443) has unusual jgt_pilot_shutoffs.judge_result(5) ,1,1
814678,2,0,2022-02-03 19:19:30,Sblock Lp Restore: K2L6S1 : UNCERTAIN : CSA(21563) has unusual jgt_pilot_shutoffs.judge_result(5) ,1,1
814680,2,0,2022-02-03 19:19:30,Sblock Lp Restore: K2L8S1 : UNCERTAIN : CSA(21721) has unusual jgt_pilot_shutoffs.judge_result(5) ,1,1
814681,2,0,2022-02-03 19:19:30,Sblock Lp Restore: K2L8S2 : UNCERTAIN : CSA(21725) has unusual jgt_pilot_shutoffs.judge_result(5) ,1,1
814696,2,0,2022-02-03 19:19:30,Sblock Lp Restore: K2L11S1 : UNCERTAIN : CSA(21927) has unusual jgt_pilot_shutoffs.judge_result(5) ,1,1
814697,2,0,2022-02-03 19:19:31,Sblock Lp Restore: K2L11S2 : UNCERTAIN : CSA(21922) has unusual jgt_pilot_shutoffs.judge_result(5) ,1,1
814698,2,4,2022-02-03 19:19:31,Sblock Lp Restore: K2L11S3 : D : CSA(21925)$#COMMA# A(lp=2.325$#COMMA# time=2022/02/03 19:11:16$#COMMA# data_type=0)$#COMMA# B(lp=2.325$#COMMA# time=2022/02/03 19:16:16$#COMMA# data_type=0)$#COMMA# a=0.0$#COMMA# b=2.325 ,1,1
814699,2,1,2022-02-03 19:19:31,Sblock Lp Restore: K2L11S5 : A : CSA(20636)$#COMMA# A(lp=2.3170000000000001$#COMMA# time=2022/02/03 19:11:16$#COMMA# data_type=0)$#COMMA# B(lp=1.517$#COMMA# time=2022/02/03 19:16:16$#COMMA# data_type=0)$#COMMA# a=-0.0026666666666666666$#COMMA# b=3.117 ,1,1
814700,2,0,2022-02-03 19:19:31,Sblock Lp Restore: K2L12S1 : UNCERTAIN : CSA(21965) has unusual jgt_pilot_shutoffs.judge_result(5) ,1,1
814701,2,0,2022-02-03 19:19:31,Sblock Lp Restore: K2L13S1 : UNCERTAIN : CSA(22003) has unusual jgt_pilot_shutoffs.judge_result(5) ,1,1
814702,2,0,2022-02-03 19:19:31,Sblock Lp Restore: K2L14S1 : UNCERTAIN : CSA(22082) has unusual jgt_pilot_shutoffs.judge_result(5) ,1,1
814709,2,4,2022-02-03 19:19:31,Sblock Lp Restore: K2L17S7 : D : CSA(21848)$#COMMA# A(lp=2.325$#COMMA# time=2022/02/03 19:11:16$#COMMA# data_type=0)$#COMMA# B(lp=2.325$#COMMA# time=2022/02/03 19:16:16$#COMMA# data_type=0)$#COMMA# a=0.0$#COMMA# b=2.325 ,1,1
814715,2,0,2022-02-03 19:19:31,Sblock Lp Restore: K2L19S1 : UNCERTAIN : CSA(21890) has unusual jgt_pilot_shutoffs.judge_result(5) ,1,1
814716,2,0,2022-02-03 19:19:31,Sblock Lp Restore: K2L19S2 : UNCERTAIN : CSA(21888) has unusual jgt_pilot_shutoffs.judge_result(5) ,1,1
814717,2,4,2022-02-03 19:19:31,Sblock Lp Restore: K2L19S4 : D : CSA(21898)$#COMMA# A(lp=2.325$#COMMA# time=2022/02/03 19:11:16$#COMMA# data_type=0)$#COMMA# B(lp=2.325$#COMMA# time=2022/02/03 19:16:16$#COMMA# data_type=0)$#COMMA# a=0.0$#COMMA# b=2.325 ,1,1
814718,2,4,2022-02-03 19:19:32,Sblock Lp Restore: K2L19S5 : D : CSA(21899)$#COMMA# A(lp=2.325$#COMMA# time=2022/02/03 19:11:16$#COMMA# data_type=0)$#COMMA# B(lp=2.325$#COMMA# time=2022/02/03 19:16:16$#COMMA# data_type=0)$#COMMA# a=0.0$#COMMA# b=2.325 ,1,1
814719,2,4,2022-02-03 19:19:32,Sblock Lp Restore: K2L19S6 : D : CSA(20529)$#COMMA# A(lp=2.325$#COMMA# time=2022/02/03 19:11:16$#COMMA# data_type=0)$#COMMA# B(lp=2.325$#COMMA# time=2022/02/03 19:16:16$#COMMA# data_type=0)$#COMMA# a=0.0$#COMMA# b=2.325 ,1,1
814724,2,4,2022-02-03 19:19:32,Sblock Lp Restore: K2L23S1 : D : CSA(21678)$#COMMA# A(lp=2.325$#COMMA# time=2022/02/03 19:11:16$#COMMA# data_type=0)$#COMMA# B(lp=2.325$#COMMA# time=2022/02/03 19:16:16$#COMMA# data_type=0)$#COMMA# a=0.0$#COMMA# b=2.325 ,1,1
814732,2,0,2022-02-03 19:19:32,Sblock Lp Restore: K2L29S1 : UNCERTAIN : CSA(21622) has unusual jgt_pilot_shutoffs.judge_result(5) ,1,1
814734,2,2,2022-02-03 19:19:32,Sblock Lp Restore: K2L31S1 : B : CSA(22224)$#COMMA# A(lp=2.27$#COMMA# time=2022/02/03 19:11:16$#COMMA# data_type=0)$#COMMA# B(lp=1.97$#COMMA# time=2022/02/03 19:16:16$#COMMA# data_type=0)$#COMMA# a=-0.001$#COMMA# b=2.57 ,1,1
814735,2,4,2022-02-03 19:19:32,Sblock Lp Restore: K2L31S3 : D : CSA(20155)$#COMMA# A(lp=2.325$#COMMA# time=2022/02/03 19:11:16$#COMMA# data_type=0)$#COMMA# B(lp=2.325$#COMMA# time=2022/02/03 19:16:16$#COMMA# data_type=0)$#COMMA# a=0.0$#COMMA# b=2.325 ,1,1
814736,2,2,2022-02-03 19:19:32,Sblock Lp Restore: K2L31S6 : B : CSA(22187)$#COMMA# A(lp=2.27$#COMMA# time=2022/02/03 19:11:16$#COMMA# data_type=0)$#COMMA# B(lp=1.97$#COMMA# time=2022/02/03 19:16:16$#COMMA# data_type=0)$#COMMA# a=-0.001$#COMMA# b=2.57 ,1,1
814737,2,3,2022-02-03 19:19:33,Sblock Lp Restore: K2L31S7 : C : CSA(22210)$#COMMA# A(lp=2.26500000000000001$#COMMA# time=2022/02/03 19:11:16$#COMMA# data_type=0)$#COMMA# B(lp=2.165$#COMMA# time=2022/02/03 19:16:16$#COMMA# data_type=0)$#COMMA# a=-0.0003333333333333333$#COMMA# b=2.365 ,1,1
814738,2,4,2022-02-03 19:19:33,Sblock Lp Restore: K2L31S11 : D : CSA(22217)$#COMMA# A(lp=2.325$#COMMA# time=2022/02/03 19:11:16$#COMMA# data_type=0)$#COMMA# B(lp=2.325$#COMMA# time=2022/02/03 19:16:16$#COMMA# data_type=0)$#COMMA# a=0.0$#COMMA# b=2.325 ,1,1
814739,2,3,2022-02-03 19:19:33,Sblock Lp Restore: K2L31S13 : C : CSA(22213)$#COMMA# A(lp=2.26500000000000001$#COMMA# time=2022/02/03 19:11:16$#COMMA# data_type=0)$#COMMA# B(lp=2.165$#COMMA# time=2022/02/03 19:16:16$#COMMA# data_type=0)$#COMMA# a=-0.0003333333333333333$#COMMA# b=2.365 ,1,1
814740,2,3,2022-02-03 19:19:33,Sblock Lp Restore: K2L31S14 : C : CSA(22214)$#COMMA# A(lp=2.26500000000000001$#COMMA# time=2022/02/03 19:11:16$#COMMA# data_type=0)$#COMMA# B(lp=2.165$#COMMA# time=2022/02/03 19:16:16$#COMMA# data_type=0)$#COMMA# a=-0.0003333333333333333$#COMMA# b=2.365 ,1,1
814741,2,4,2022-02-03 19:19:33,Sblock Lp Restore: K2L32S1 : D : CSA(22181)$#COMMA# A(lp=2.325$#COMMA# time=2022/02/03 19:11:16$#COMMA# data_type=0)$#COMMA# B(lp=2.325$#COMMA# time=2022/02/03 19:16:16$#COMMA# data_type=0)$#COMMA# a=0.0$#COMMA# b=2.325 ,1,1
814742,2,4,2022-02-03 19:19:33,Sblock Lp Restore: K2L32S2 : D : CSA(21217)$#COMMA# A(lp=2.325$#COMMA# time=2022/02/03 19:11:16$#COMMA# data_type=0)$#COMMA# B(lp=2.325$#COMMA# time=2022/02/03 19:16:16$#COMMA# data_type=0)$#COMMA# a=0.0$#COMMA# b=2.325 ,1,1
814743,2,4,2022-02-03 19:19:33,Sblock Lp Restore: K2L32S4 : D : CSA(22185)$#COMMA# A(lp=2.325$#COMMA# time=2022/02/03 19:11:16$#COMMA# data_type=0)$#COMMA# B(lp=2.325$#COMMA# time=2022/02/03 19:16:16$#COMMA# data_type=0)$#COMMA# a=0.0$#COMMA# b=2.325 ,1,1
814744,2,4,2022-02-03 19:19:33,Sblock Lp Restore: K2L32S5 : D : CSA(21035)$#COMMA# A(lp=2.325$#COMMA# time=2022/02/03 19:11:16$#COMMA# data_type=0)$#COMMA# B(lp=2.325$#COMMA# time=2022/02/03 19:16:16$#COMMA# data_type=0)$#COMMA# a=0.0$#COMMA# b=2.325 ,1,1
814745,2,4,2022-02-03 19:19:33,Sblock Lp Restore: K2L32S7 : D : CSA(22243)$#COMMA# A(lp=2.325$#COMMA# time=2022/02/03 19:11:16$#COMMA# data_type=0)$#COMMA# B(lp=2.325$#COMMA# time=2022/02/03 19:16:16$#COMMA# data_type=0)$#COMMA# a=0.0$#COMMA# b=2.325 ,1,1
814746,2,4,2022-02-03 19:19:34,Sblock Lp Restore: K2L32S10 : D : CSA(22182)$#COMMA# A(lp=2.325$#COMMA# time=2022/02/03 19:11:16$#COMMA# data_type=0)$#COMMA# B(lp=2.325$#COMMA# time=2022/02/03 19:16:16$#COMMA# data_type=0)$#COMMA# a=0.0$#COMMA# b=2.325 ,1,1
814753,2,0,2022-02-03 19:19:34,Sblock Lp Restore: K2L37S1 : UNCERTAIN : CSA(21306) has unusual jgt_pilot_shutoffs.judge_result(5) ,1,1
814754,2,0,2022-02-03 19:19:34,Sblock Lp Restore: K2L38S1 : UNCERTAIN : CSA(21326) has unusual jgt_pilot_shutoffs.judge_result(5) ,1,1
814755,2,0,2022-02-03 19:19:34,Sblock Lp Restore: K2L39S1 : UNCERTAIN : CSA(21476) has unusual jgt_pilot_shutoffs.judge_result(5) ,1,1
814761,2,0,2022-02-03 19:19:34,Sblock Lp Restore: K2L43S1 : UNCERTAIN : CSA(21384) has unusual jgt_pilot_shutoffs.judge_result(5) ,1,1
814764,2,0,2022-02-03 19:19:34,Sblock Lp Restore: K2L46S1 : UNCERTAIN : CSA(21405) has unusual jgt_pilot_shutoffs.judge_result(5) ,1,1
814777,2,0,2022-02-03 19:19:34,Sblock Lp Restore: K3L9S1 : UNCERTAIN : CSA(22924) has unusual jgt_pilot_shutoffs.judge_result(5) ,1,1
814785,2,0,2022-02-03 19:19:34,Sblock Lp Restore: K3L13S1 : UNCERTAIN : CSA(22678) has unusual jgt_pilot_shutoffs.judge_result(5) ,1,1
814786,2,0,2022-02-03 19:19:34,Sblock Lp Restore: K3L14S1 : UNCERTAIN : CSA(22775) has unusual jgt_pilot_shutoffs.judge_result(5) ,1,1
814787,2,0,,Sblock Lp Restore: K3L14S3 : UNCERTAIN : could not get lp. ,1,1
814788,2,0,2022-02-03 19:19:34,Sblock Lp Restore: K3L15S1 : UNCERTAIN : CSA(22570) has unusual jgt_pilot_shutoffs.judge_result(5) ,1,1
814805,2,0,2022-02-03 19:19:34,Sblock Lp Restore: K3L29S1 : UNCERTAIN : CSA(22341) has unusual jgt_pilot_shutoffs.judge_result(5) ,1,1
814825,2,0,2022-02-03 19:19:34,Sblock Lp Restore: K4L4S1 : UNCERTAIN : CSA(23132) has unusual jgt_pilot_shutoffs.judge_result(5) ,1,1
814826,2,0,2022-02-03 19:19:34,Sblock Lp Restore: K4L5S1 : UNCERTAIN : CSA(23161) has unusual jgt_pilot_shutoffs.judge_result(5) ,1,1
814827,2,0,2022-02-03 19:19:34,Sblock Lp Restore: K4L5S2 : UNCERTAIN : CSA(23168) has unusual jgt_pilot_shutoffs.judge_result(5) ,1,1
814828,2,0,2022-02-03 19:19:34,Sblock Lp Restore: K4L5S3 : UNCERTAIN : CSA(23172) has unusual jgt_pilot_shutoffs.judge_result(5) ,1,1
814829,2,0,2022-02-03 19:19:34,Sblock Lp Restore: K4L5S4 : UNCERTAIN : CSA(23164) has unusual jgt_pilot_shutoffs.judge_result(5) ,1,1
814831,2,0,2022-02-03 19:19:35,Sblock Lp Restore: K4L5S6 : UNCERTAIN : CSA(23190) has unusual jgt_pilot_shutoffs.judge_result(5) ,1,1
814832,2,0,2022-02-03 19:19:35,Sblock Lp Restore: K4L5S7 : UNCERTAIN : CSA(23192) has unusual jgt_pilot_shutoffs.judge_result(5) ,1,1
814833,2,0,2022-02-03 19:19:35,Sblock Lp Restore: K4L5S8 : UNCERTAIN : CSA(23200) has unusual jgt_pilot_shutoffs.judge_result(5) ,1,1
814835,2,0,2022-02-03 19:19:35,Sblock Lp Restore: K4L5S10 : UNCERTAIN : CSA(23191) has unusual jgt_pilot_shutoffs.judge_result(5) ,1,1
814836,2,4,2022-02-03 19:19:35,Sblock Lp Restore: K4L5S11 : D : CSA(23177)$#COMMA# A(lp=2.325$#COMMA# time=2022/02/03 19:11:16$#COMMA# data_type=0)$#COMMA# B(lp=2.325$#COMMA# time=2022/02/03 19:16:16$#COMMA# data_type=0)$#COMMA# a=0.0$#COMMA# b=2.325 ,1,1
814837,2,4,2022-02-03 19:19:35,Sblock Lp Restore: K4L5S12 : D : CSA(23186)$#COMMA# A(lp=2.325$#COMMA# time=2022/02/03 19:11:16$#COMMA# data_type=0)$#COMMA# B(lp=2.325$#COMMA# time=2022/02/03 19:16:16$#COMMA# data_type=0)$#COMMA# a=0.0$#COMMA# b=2.325 ,1,1
814856,2,0,2022-02-03 19:19:35,Sblock Lp Restore: K4L10S1 : UNCERTAIN : CSA(23596) has unusual jgt_pilot_shutoffs.judge_result(5) ,1,1
814863,2,4,2022-02-03 19:19:35,Sblock Lp Restore: K4L13S2 : D : CSA(23819)$#COMMA# A(lp=2.325$#COMMA# time=2022/02/03 19:11:16$#COMMA# data_type=0)$#COMMA# B(lp=2.325$#COMMA# time=2022/02/03 19:16:16$#COMMA# data_type=0)$#COMMA# a=0.0$#COMMA# b=2.325 ,1,1
814864,2,4,2022-02-03 19:19:35,Sblock Lp Restore: K4L13S3 : D : CSA(23820)$#COMMA# A(lp=2.325$#COMMA# time=2022/02/03 19:11:16$#COMMA# data_type=0)$#COMMA# B(lp=2.325$#COMMA# time=2022/02/03 19:16:16$#COMMA# data_type=0)$#COMMA# a=0.0$#COMMA# b=2.325 ,1,1
814865,2,0,2022-02-03 19:19:35,Sblock Lp Restore: K4L14S1 : UNCERTAIN : CSA(23862) has unusual jgt_pilot_shutoffs.judge_result(5) ,1,1
814875,2,0,2022-02-03 19:19:35,Sblock Lp Restore: K4L18S1 : UNCERTAIN : CSA(23583) has unusual jgt_pilot_shutoffs.judge_result(5) ,1,1
814881,2,0,2022-02-03 19:19:35,Sblock Lp Restore: K4L21S3 : UNCERTAIN : CSA(23536) has unusual jgt_pilot_shutoffs.judge_result(5) ,1,1
814882,2,4,2022-02-03 19:19:35,Sblock Lp Restore: K4L21S4 : D : CSA(23561)$#COMMA# A(lp=2.325$#COMMA# time=2022/02/03 19:11:16$#COMMA# data_type=0)$#COMMA# B(lp=2.325$#COMMA# time=2022/02/03 19:16:16$#COMMA# data_type=0)$#COMMA# a=0.0$#COMMA# b=2.325 ,1,1
814883,2,3,2022-02-03 19:19:35,Sblock Lp Restore: K4L21S5 : C : CSA(23562)$#COMMA# A(lp=2.26500000000000001$#COMMA# time=2022/02/03 19:11:16$#COMMA# data_type=0)$#COMMA# B(lp=2.165$#COMMA# time=2022/02/03 19:16:16$#COMMA# data_type=0)$#COMMA# a=-0.0003333333333333333$#COMMA# b=2.365 ,1,1
814910,2,0,2022-02-03 19:19:36,Sblock Lp Restore: K4L29S1 : UNCERTAIN : CSA(23724) has unusual jgt_pilot_shutoffs.judge_result(5) ,1,1
814911,2,0,2022-02-03 19:19:36,Sblock Lp Restore: K4L29S2 : UNCERTAIN : CSA(23726) has unusual jgt_pilot_shutoffs.judge_result(5) ,1,1
814922,2,0,2022-02-03 19:19:36,Sblock Lp Restore: K4L37S1 : UNCERTAIN : CSA(23180) has unusual jgt_pilot_shutoffs.judge_result(5) ,1,1
814923,2,4,2022-02-03 19:19:36,Sblock Lp Restore: K4L37S2 : D : CSA(23211)$#COMMA# A(lp=2.325$#COMMA# time=2022/02/03 19:11:16$#COMMA# data_type=0)$#COMMA# B(lp=2.325$#COMMA# time=2022/02/03 19:16:16$#COMMA# data_type=0)$#COMMA# a=0.0$#COMMA# b=2.325 ,1,1
814924,2,0,2022-02-03 19:19:36,Sblock Lp Restore: K4L37S3 : UNCERTAIN : CSA(23195) has unusual jgt_pilot_shutoffs.judge_result(5) ,1,1
814925,2,4,2022-02-03 19:19:36,Sblock Lp Restore: K4L37S4 : D : CSA(23229)$#COMMA# A(lp=2.325$#COMMA# time=2022/02/03 19:11:16$#COMMA# data_type=0)$#COMMA# B(lp=2.325$#COMMA# time=2022/02/03 19:16:16$#COMMA# data_type=0)$#COMMA# a=0.0$#COMMA# b=2.325 ,1,1
814955,2,0,2022-02-03 19:19:36,Sblock Lp Restore: K5L4S1 : UNCERTAIN : CSA(24141) has unusual jgt_pilot_shutoffs.judge_result(5) ,1,1
814956,2,0,2022-02-03 19:19:37,Sblock Lp Restore: K5L5S1 : UNCERTAIN : CSA(24231) has unusual jgt_pilot_shutoffs.judge_result(5) ,1,1
814957,2,0,2022-02-03 19:19:37,Sblock Lp Restore: K5L5S2 : UNCERTAIN : CSA(24224) has unusual jgt_pilot_shutoffs.judge_result(5) ,1,1
814958,2,0,2022-02-03 19:19:37,Sblock Lp Restore: K5L5S3 : UNCERTAIN : CSA(24233) has unusual jgt_pilot_shutoffs.judge_result(5) ,1,1
814960,2,3,2022-02-03 19:19:37,Sblock Lp Restore: K5L5S8 : C : CSA(24241)$#COMMA# A(lp=2.26500000000000001$#COMMA# time=2022/02/03 19:11:16$#COMMA# data_type=0)$#COMMA# B(lp=2.165$#COMMA# time=2022/02/03 19:16:16$#COMMA# data_type=0)$#COMMA# a=-0.0003333333333333333$#COMMA# b=2.365 ,1,1
814961,2,4,2022-02-03 19:19:37,Sblock Lp Restore: K5L5S9 : D : CSA(24249)$#COMMA# A(lp=2.325$#COMMA# time=2022/02/03 19:11:16$#COMMA# data_type=0)$#COMMA# B(lp=2.325$#COMMA# time=2022/02/03 19:16:16$#COMMA# data_type=0)$#COMMA# a=0.0$#COMMA# b=2.325 ,1,1
814962,2,0,,Sblock Lp Restore: K5L5S11 : UNCERTAIN : could not get lp. ,1,1
814983,2,0,2022-02-03 19:19:37,Sblock Lp Restore: K5L9S1 : UNCERTAIN : CSA(24545) has unusual jgt_pilot_shutoffs.judge_result(5) ,1,1
814984,2,4,2022-02-03 19:19:37,Sblock Lp Restore: K5L9S2 : D : CSA(24585)$#COMMA# A(lp=2.325$#COMMA# time=2022/02/03 19:11:16$#COMMA# data_type=0)$#COMMA# B(lp=2.325$#COMMA# time=2022/02/03 19:16:16$#COMMA# data_type=0)$#COMMA# a=0.0$#COMMA# b=2.325 ,1,1
814985,2,0,2022-02-03 19:19:37,Sblock Lp Restore: K5L10S1 : UNCERTAIN : CSA(24624) has unusual jgt_pilot_shutoffs.judge_result(5) ,1,1
814986,2,0,2022-02-03 19:19:37,Sblock Lp Restore: K5L10S2 : UNCERTAIN : CSA(24629) has unusual jgt_pilot_shutoffs.judge_result(5) ,1,1
814987,2,4,2022-02-03 19:19:37,Sblock Lp Restore: K5L10S4 : D : CSA(24642)$#COMMA# A(lp=2.325$#COMMA# time=2022/02/03 19:11:16$#COMMA# data_type=0)$#COMMA# B(lp=2.325$#COMMA# time=2022/02/03 19:16:16$#COMMA# data_type=0)$#COMMA# a=0.0$#COMMA# b=2.325 ,1,1
814988,2,4,2022-02-03 19:19:37,Sblock Lp Restore: K5L10S5 : D : CSA(24511)$#COMMA# A(lp=2.325$#COMMA# time=2022/02/03 19:11:16$#COMMA# data_type=0)$#COMMA# B(lp=2.325$#COMMA# time=2022/02/03 19:16:16$#COMMA# data_type=0)$#COMMA# a=0.0$#COMMA# b=2.325 ,1,1
814989,2,4,2022-02-03 19:19:37,Sblock Lp Restore: K5L10S6 : D : CSA(20912)$#COMMA# A(lp=2.325$#COMMA# time=2022/02/03 19:11:16$#COMMA# data_type=0)$#COMMA# B(lp=2.325$#COMMA# time=2022/02/03 19:16:16$#COMMA# data_type=0)$#COMMA# a=0.0$#COMMA# b=2.325 ,1,1
814990,2,4,2022-02-03 19:19:37,Sblock Lp Restore: K5L10S7 : D : CSA(21166)$#COMMA# A(lp=2.325$#COMMA# time=2022/02/03 19:11:16$#COMMA# data_type=0)$#COMMA# B(lp=2.325$#COMMA# time=2022/02/03 19:16:16$#COMMA# data_type=0)$#COMMA# a=0.0$#COMMA# b=2.325 ,1,1
815015,2,0,2022-02-03 19:19:37,Sblock Lp Restore: K5L16S1 : UNCERTAIN : CSA(24007) has unusual jgt_pilot_shutoffs.judge_result(5) ,1,1
815016,2,0,2022-02-03 19:19:37,Sblock Lp Restore: K5L16S2 : UNCERTAIN : CSA(24011) has unusual jgt_pilot_shutoffs.judge_result(5) ,1,1
815017,2,4,2022-02-03 19:19:38,Sblock Lp Restore: K5L16S3 : D : CSA(24056)$#COMMA# A(lp=2.325$#COMMA# time=2022/02/03 19:11:16$#COMMA# data_type=0)$#COMMA# B(lp=2.325$#COMMA# time=2022/02/03 19:16:16$#COMMA# data_type=0)$#COMMA# a=0.0$#COMMA# b=2.325 ,1,1
815018,2,0,2022-02-03 19:19:38,Sblock Lp Restore: K5L16S6 : UNCERTAIN : CSA(24013) has unusual jgt_pilot_shutoffs.judge_result(5) ,1,1
815019,2,0,2022-02-03 19:19:38,Sblock Lp Restore: K5L16S7 : UNCERTAIN : CSA(24006) has unusual jgt_pilot_shutoffs.judge_result(5) ,1,1
815021,2,0,2022-02-03 19:19:38,Sblock Lp Restore: K5L17S2 : UNCERTAIN : CSA(24257) has unusual jgt_pilot_shutoffs.judge_result(5) ,1,1
815022,2,4,2022-02-03 19:19:38,Sblock Lp Restore: K5L17S3 : D : CSA(24274)$#COMMA# A(lp=2.325$#COMMA# time=2022/02/03 19:11:16$#COMMA# data_type=0)$#COMMA# B(lp=2.325$#COMMA# time=2022/02/03 19:16:16$#COMMA# data_type=0)$#COMMA# a=0.0$#COMMA# b=2.325 ,1,1
815023,2,0,2022-02-03 19:19:38,Sblock Lp Restore: K5L17S4 : UNCERTAIN : CSA(24282) has unusual jgt_pilot_shutoffs.judge_result(5) ,1,1
815024,2,0,2022-02-03 19:19:38,Sblock Lp Restore: K5L17S5 : UNCERTAIN : CSA(24110) has unusual jgt_pilot_shutoffs.judge_result(5) ,1,1
815036,2,0,2022-02-03 19:19:38,Sblock Lp Restore: K5L22S1 : UNCERTAIN : CSA(24154) has unusual jgt_pilot_shutoffs.judge_result(5) ,1,1
815037,2,0,2022-02-03 19:19:38,Sblock Lp Restore: K5L22S2 : UNCERTAIN : CSA(24144) has unusual jgt_pilot_shutoffs.judge_result(5) ,1,1
815038,2,0,2022-02-03 19:19:38,Sblock Lp Restore: K5L22S3 : UNCERTAIN : CSA(24147) has unusual jgt_pilot_shutoffs.judge_result(5) ,1,1
815039,2,4,2022-02-03 19:19:38,Sblock Lp Restore: K5L22S5 : D : CSA(24175)$#COMMA# A(lp=2.325$#COMMA# time=2022/02/03 19:11:16$#COMMA# data_type=0)$#COMMA# B(lp=2.325$#COMMA# time=2022/02/03 19:16:16$#COMMA# data_type=0)$#COMMA# a=0.0$#COMMA# b=2.325 ,1,1
815043,2,0,2022-02-03 19:19:39,Sblock Lp Restore: K5L26S1 : UNCERTAIN : CSA(24548) has unusual jgt_pilot_shutoffs.judge_result(5) ,1,1
815044,2,4,2022-02-03 19:19:39,Sblock Lp Restore: K5L26S2 : D : CSA(24588)$#COMMA# A(lp=2.325$#COMMA# time=2022/02/03 19:11:16$#COMMA# data_type=0)$#COMMA# B(lp=2.325$#COMMA# time=2022/02/03 19:16:16$#COMMA# data_type=0)$#COMMA# a=0.0$#COMMA# b=2.325 ,1,1
815045,2,0,2022-02-03 19:19:39,Sblock Lp Restore: K5L26S3 : UNCERTAIN : CSA(24578) has unusual jgt_pilot_shutoffs.judge_result(5) ,1,1
815046,2,0,2022-02-03 19:19:39,Sblock Lp Restore: K5L26S4 : UNCERTAIN : CSA(24577) has unusual jgt_pilot_shutoffs.judge_result(5) ,1,1
815047,2,4,2022-02-03 19:19:39,Sblock Lp Restore: K5L26S5 : D : CSA(24596)$#COMMA# A(lp=2.325$#COMMA# time=2022/02/03 19:11:16$#COMMA# data_type=0)$#COMMA# B(lp=2.325$#COMMA# time=2022/02/03 19:16:16$#COMMA# data_type=0)$#COMMA# a=0.0$#COMMA# b=2.325 ,1,1
815048,2,4,2022-02-03 19:19:39,Sblock Lp Restore: K5L26S6 : D : CSA(24586)$#COMMA# A(lp=2.325$#COMMA# time=2022/02/03 19:11:16$#COMMA# data_type=0)$#COMMA# B(lp=2.325$#COMMA# time=2022/02/03 19:16:16$#COMMA# data_type=0)$#COMMA# a=0.0$#COMMA# b=2.325 ,1,1
815049,2,4,2022-02-03 19:19:39,Sblock Lp Restore: K5L26S7 : D : CSA(24580)$#COMMA# A(lp=2.325$#COMMA# time=2022/02/03 19:11:16$#COMMA# data_type=0)$#COMMA# B(lp=2.325$#COMMA# time=2022/02/03 19:16:16$#COMMA# data_type=0)$#COMMA# a=0.0$#COMMA# b=2.325 ,1,1
815050,2,0,2022-02-03 19:19:39,Sblock Lp Restore: K5L26S8 : UNCERTAIN : CSA(24546) has unusual jgt_pilot_shutoffs.judge_result(5) ,1,1
815094,2,0,2022-02-03 19:19:40,Sblock Lp Restore: K6L5S1 : UNCERTAIN : CSA(24985) has unusual jgt_pilot_shutoffs.judge_result(5) ,1,1
815095,2,0,2022-02-03 19:19:40,Sblock Lp Restore: K6L5S2 : UNCERTAIN : CSA(25100) has unusual jgt_pilot_shutoffs.judge_result(5) ,1,1
815096,2,0,2022-02-03 19:19:40,Sblock Lp Restore: K6L5S3 : UNCERTAIN : CSA(25103) has unusual jgt_pilot_shutoffs.judge_result(5) ,1,1
815130,2,0,2022-02-03 19:19:40,Sblock Lp Restore: K6L9S1 : UNCERTAIN : CSA(25381) has unusual jgt_pilot_shutoffs.judge_result(5) ,1,1
815131,2,4,2022-02-03 19:19:40,Sblock Lp Restore: K6L9S2 : D : CSA(25409)$#COMMA# A(lp=2.325$#COMMA# time=2022/02/03 19:11:16$#COMMA# data_type=0)$#COMMA# B(lp=2.325$#COMMA# time=2022/02/03 19:16:16$#COMMA# data_type=0)$#COMMA# a=0.0$#COMMA# b=2.325 ,1,1
815132,2,4,2022-02-03 19:19:40,Sblock Lp Restore: K6L9S5 : D : CSA(25410)$#COMMA# A(lp=2.325$#COMMA# time=2022/02/03 19:11:16$#COMMA# data_type=0)$#COMMA# B(lp=2.325$#COMMA# time=2022/02/03 19:16:16$#COMMA# data_type=0)$#COMMA# a=0.0$#COMMA# b=2.325 ,1,1
815133,2,4,2022-02-03 19:19:41,Sblock Lp Restore: K6L9S6 : D : CSA(25387)$#COMMA# A(lp=2.325$#COMMA# time=2022/02/03 19:11:16$#COMMA# data_type=0)$#COMMA# B(lp=2.325$#COMMA# time=2022/02/03 19:16:16$#COMMA# data_type=0)$#COMMA# a=0.0$#COMMA# b=2.325 ,1,1
815142,2,0,2022-02-03 19:19:41,Sblock Lp Restore: K6L11S1 : UNCERTAIN : CSA(25492) has unusual jgt_pilot_shutoffs.judge_result(5) ,1,1
815143,2,0,2022-02-03 19:19:41,Sblock Lp Restore: K6L11S2 : UNCERTAIN : CSA(25512) has unusual jgt_pilot_shutoffs.judge_result(5) ,1,1
815144,2,4,2022-02-03 19:19:41,Sblock Lp Restore: K6L11S3 : D : CSA(20581)$#COMMA# A(lp=2.325$#COMMA# time=2022/02/03 19:11:16$#COMMA# data_type=0)$#COMMA# B(lp=2.325$#COMMA# time=2022/02/03 19:16:16$#COMMA# data_type=0)$#COMMA# a=0.0$#COMMA# b=2.325 ,1,1
815163,2,4,2022-02-03 19:19:41,Sblock Lp Restore: K6L17S1 : D : CSA(25315)$#COMMA# A(lp=2.325$#COMMA# time=2022/02/03 19:11:16$#COMMA# data_type=0)$#COMMA# B(lp=2.325$#COMMA# time=2022/02/03 19:16:16$#COMMA# data_type=0)$#COMMA# a=0.0$#COMMA# b=2.325 ,1,1
815167,2,4,2022-02-03 19:19:41,Sblock Lp Restore: K6L17S5 : D : CSA(25349)$#COMMA# A(lp=2.325$#COMMA# time=2022/02/03 19:11:16$#COMMA# data_type=0)$#COMMA# B(lp=2.325$#COMMA# time=2022/02/03 19:16:16$#COMMA# data_type=0)$#COMMA# a=0.0$#COMMA# b=2.325 ,1,1
815169,2,0,2022-02-03 19:19:41,Sblock Lp Restore: K6L17S7 : UNCERTAIN : CSA(25340) has unusual jgt_pilot_shutoffs.judge_result(5) ,1,1
815231,2,1,2022-02-03 19:19:41,Sblock Lp Restore: K6L26S1 : A : CSA(25745)$#COMMA# A(lp=2.3170000000000001$#COMMA# time=2022/02/03 19:11:16$#COMMA# data_type=0)$#COMMA# B(lp=1.517$#COMMA# time=2022/02/03 19:16:16$#COMMA# data_type=0)$#COMMA# a=-0.0026666666666666666$#COMMA# b=3.117 ,1,1
815232,2,4,2022-02-03 19:19:41,Sblock Lp Restore: K6L26S2 : D : CSA(25747)$#COMMA# A(lp=2.325$#COMMA# time=2022/02/03 19:11:16$#COMMA# data_type=0)$#COMMA# B(lp=2.325$#COMMA# time=2022/02/03 19:16:16$#COMMA# data_type=0)$#COMMA# a=0.0$#COMMA# b=2.325 ,1,1
815245,2,4,2022-02-03 19:19:41,Sblock Lp Restore: K6L29S1 : D : CSA(24981)$#COMMA# A(lp=2.325$#COMMA# time=2022/02/03 19:11:16$#COMMA# data_type=0)$#COMMA# B(lp=2.325$#COMMA# time=2022/02/03 19:16:16$#COMMA# data_type=0)$#COMMA# a=0.0$#COMMA# b=2.325 ,1,1
815246,2,0,2022-02-03 19:19:41,Sblock Lp Restore: K6L29S2 : UNCERTAIN : CSA(24983) has unusual jgt_pilot_shutoffs.judge_result(5) ,1,1
815248,2,0,2022-02-03 19:19:42,Sblock Lp Restore: K6L29S5 : UNCERTAIN : CSA(24993) has unusual jgt_pilot_shutoffs.judge_result(5) ,1,1
815251,2,0,2022-02-03 19:19:42,Sblock Lp Restore: K6L29S10 : UNCERTAIN : CSA(25020) has unusual jgt_pilot_shutoffs.judge_result(5) ,1,1
815252,2,0,2022-02-03 19:19:42,Sblock Lp Restore: K6L29S13 : UNCERTAIN : CSA(25446) has unusual jgt_pilot_shutoffs.judge_result(5) ,1,1
815253,2,4,2022-02-03 19:19:42,Sblock Lp Restore: K6L29S14 : D : CSA(25045)$#COMMA# A(lp=2.325$#COMMA# time=2022/02/03 19:11:16$#COMMA# data_type=0)$#COMMA# B(lp=2.325$#COMMA# time=2022/02/03 19:16:16$#COMMA# data_type=0)$#COMMA# a=0.0$#COMMA# b=2.325 ,1,1
815254,2,4,2022-02-03 19:19:42,Sblock Lp Restore: K6L29S15 : D : CSA(24982)$#COMMA# A(lp=2.325$#COMMA# time=2022/02/03 19:11:16$#COMMA# data_type=0)$#COMMA# B(lp=2.325$#COMMA# time=2022/02/03 19:16:16$#COMMA# data_type=0)$#COMMA# a=0.0$#COMMA# b=2.325 ,1,1
815263,2,0,2022-02-03 19:19:42,Sblock Lp Restore: K6L34S1 : UNCERTAIN : CSA(25638) has unusual jgt_pilot_shutoffs.judge_result(5) ,1,1
815264,2,4,2022-02-03 19:19:43,Sblock Lp Restore: K6L34S2 : D : CSA(25643)$#COMMA# A(lp=2.325$#COMMA# time=2022/02/03 19:11:16$#COMMA# data_type=0)$#COMMA# B(lp=2.325$#COMMA# time=2022/02/03 19:16:16$#COMMA# data_type=0)$#COMMA# a=0.0$#COMMA# b=2.325 ,1,1
815265,2,0,2022-02-03 19:19:43,Sblock Lp Restore: K6L34S3 : UNCERTAIN : CSA(25636) has unusual jgt_pilot_shutoffs.judge_result(5) ,1,1
815266,2,0,2022-02-03 19:19:43,Sblock Lp Restore: K6L34S4 : UNCERTAIN : CSA(25644) has unusual jgt_pilot_shutoffs.judge_result(5) ,1,1
815267,2,0,2022-02-03 19:19:43,Sblock Lp Restore: K6L34S5 : UNCERTAIN : CSA(25639) has unusual jgt_pilot_shutoffs.judge_result(5) ,1,1
815268,2,4,2022-02-03 19:19:43,Sblock Lp Restore: K6L34S7 : D : CSA(25659)$#COMMA# A(lp=2.325$#COMMA# time=2022/02/03 19:11:16$#COMMA# data_type=0)$#COMMA# B(lp=2.325$#COMMA# time=2022/02/03 19:16:16$#COMMA# data_type=0)$#COMMA# a=0.0$#COMMA# b=2.325 ,1,1
815356,2,0,2022-02-03 19:19:43,Sblock Lp Restore: K7L11S1 : UNCERTAIN : CSA(26253) has unusual jgt_pilot_shutoffs.judge_result(5) ,1,1
815357,2,0,2022-02-03 19:19:43,Sblock Lp Restore: K7L11S3 : UNCERTAIN : CSA(26252) has unusual jgt_pilot_shutoffs.judge_result(5) ,1,1
815369,2,4,2022-02-03 19:19:43,Sblock Lp Restore: K7L17S1 : D : CSA(26105)$#COMMA# A(lp=2.325$#COMMA# time=2022/02/03 19:11:16$#COMMA# data_type=0)$#COMMA# B(lp=2.325$#COMMA# time=2022/02/03 19:16:16$#COMMA# data_type=0)$#COMMA# a=0.0$#COMMA# b=2.325 ,1,1
815370,2,4,2022-02-03 19:19:43,Sblock Lp Restore: K7L18S1 : D : CSA(26166)$#COMMA# A(lp=2.325$#COMMA# time=2022/02/03 19:11:16$#COMMA# data_type=0)$#COMMA# B(lp=2.325$#COMMA# time=2022/02/03 19:16:16$#COMMA# data_type=0)$#COMMA# a=0.0$#COMMA# b=2.325 ,1,1
815371,2,0,2022-02-03 19:19:44,Sblock Lp Restore: K7L19S1 : UNCERTAIN : CSA(26060) has unusual jgt_pilot_shutoffs.judge_result(5) ,1,1
815372,2,4,2022-02-03 19:19:44,Sblock Lp Restore: K7L19S2 : D : CSA(26084)$#COMMA# A(lp=2.325$#COMMA# time=2022/02/03 19:11:16$#COMMA# data_type=0)$#COMMA# B(lp=2.325$#COMMA# time=2022/02/03 19:16:16$#COMMA# data_type=0)$#COMMA# a=0.0$#COMMA# b=2.325 ,1,1
815373,2,4,2022-02-03 19:19:44,Sblock Lp Restore: K7L19S3 : D : CSA(26083)$#COMMA# A(lp=2.325$#COMMA# time=2022/02/03 19:11:16$#COMMA# data_type=0)$#COMMA# B(lp=2.325$#COMMA# time=2022/02/03 19:16:16$#COMMA# data_type=0)$#COMMA# a=0.0$#COMMA# b=2.325 ,1,1
815418,2,0,2022-02-03 19:19:44,Sblock Lp Restore: K8L13S1 : UNCERTAIN : CSA(26304) has unusual jgt_pilot_shutoffs.judge_result(5) ,1,1
815419,2,0,2022-02-03 19:19:44,Sblock Lp Restore: K8L13S2 : UNCERTAIN : CSA(26328) has unusual jgt_pilot_shutoffs.judge_result(5) ,1,1
815420,2,0,2022-02-03 19:19:44,Sblock Lp Restore: K8L13S3 : UNCERTAIN : CSA(26331) has unusual jgt_pilot_shutoffs.judge_result(5) ,1,1
815421,2,4,2022-02-03 19:19:44,Sblock Lp Restore: K8L13S5 : D : CSA(21355)$#COMMA# A(lp=2.325$#COMMA# time=2022/02/03 19:11:16$#COMMA# data_type=0)$#COMMA# B(lp=2.325$#COMMA# time=2022/02/03 19:16:16$#COMMA# data_type=0)$#COMMA# a=0.0$#COMMA# b=2.325 ,1,1
815447,2,0,2022-02-03 19:19:44,Sblock Lp Restore: K8L18S1 : UNCERTAIN : CSA(26647) has unusual jgt_pilot_shutoffs.judge_result(5) ,1,1
815448,2,4,2022-02-03 19:19:44,Sblock Lp Restore: K8L18S6 : D : CSA(26705)$#COMMA# A(lp=2.325$#COMMA# time=2022/02/03 19:11:16$#COMMA# data_type=0)$#COMMA# B(lp=2.325$#COMMA# time=2022/02/03 19:16:16$#COMMA# data_type=0)$#COMMA# a=0.0$#COMMA# b=2.325 ,1,1
815449,2,4,2022-02-03 19:19:44,Sblock Lp Restore: K8L18S7 : D : CSA(26700)$#COMMA# A(lp=2.325$#COMMA# time=2022/02/03 19:11:16$#COMMA# data_type=0)$#COMMA# B(lp=2.325$#COMMA# time=2022/02/03 19:16:16$#COMMA# data_type=0)$#COMMA# a=0.0$#COMMA# b=2.325 ,1,1
815450,2,4,2022-02-03 19:19:44,Sblock Lp Restore: K8L18S8 : D : CSA(26690)$#COMMA# A(lp=2.325$#COMMA# time=2022/02/03 19:11:16$#COMMA# data_type=0)$#COMMA# B(lp=2.325$#COMMA# time=2022/02/03 19:16:16$#COMMA# data_type=0)$#COMMA# a=0.0$#COMMA# b=2.325 ,1,1
815451,2,4,2022-02-03 19:19:44,Sblock Lp Restore: K8L18S9 : D : CSA(26697)$#COMMA# A(lp=2.325$#COMMA# time=2022/02/03 19:11:16$#COMMA# data_type=0)$#COMMA# B(lp=2.325$#COMMA# time=2022/02/03 19:16:16$#COMMA# data_type=0)$#COMMA# a=0.0$#COMMA# b=2.325 ,1,1
815467,2,0,2022-02-03 19:19:45,Sblock Lp Restore: K9L3S1 : UNCERTAIN : CSA(26815) has unusual jgt_pilot_shutoffs.judge_result(5) ,1,1
815468,2,0,2022-02-03 19:19:45,Sblock Lp Restore: K9L3S2 : UNCERTAIN : CSA(26843) has unusual jgt_pilot_shutoffs.judge_result(5) ,1,1
815469,2,0,2022-02-03 19:19:45,Sblock Lp Restore: K9L3S3 : UNCERTAIN : CSA(26820) has unusual jgt_pilot_shutoffs.judge_result(5) ,1,1
815470,2,4,2022-02-03 19:19:45,Sblock Lp Restore: K9L3S4 : D : CSA(26839)$#COMMA# A(lp=2.325$#COMMA# time=2022/02/03 19:11:16$#COMMA# data_type=0)$#COMMA# B(lp=2.325$#COMMA# time=2022/02/03 19:16:16$#COMMA# data_type=0)$#COMMA# a=0.0$#COMMA# b=2.325 ,1,1
815471,2,0,2022-02-03 19:19:45,Sblock Lp Restore: K9L3S6 : UNCERTAIN : CSA(26840) has unusual jgt_pilot_shutoffs.judge_result(5) ,1,1
815472,2,0,2022-02-03 19:19:45,Sblock Lp Restore: K9L3S7 : UNCERTAIN : CSA(26841) has unusual jgt_pilot_shutoffs.judge_result(5) ,1,1
815473,2,4,2022-02-03 19:19:45,Sblock Lp Restore: K9L3S8 : D : CSA(26847)$#COMMA# A(lp=2.325$#COMMA# time=2022/02/03 19:11:16$#COMMA# data_type=0)$#COMMA# B(lp=2.325$#COMMA# time=2022/02/03 19:16:16$#COMMA# data_type=0)$#COMMA# a=0.0$#COMMA# b=2.325 ,1,1
815474,2,4,2022-02-03 19:19:45,Sblock Lp Restore: K9L3S9 : D : CSA(26849)$#COMMA# A(lp=2.325$#COMMA# time=2022/02/03 19:11:16$#COMMA# data_type=0)$#COMMA# B(lp=2.325$#COMMA# time=2022/02/03 19:16:16$#COMMA# data_type=0)$#COMMA# a=0.0$#COMMA# b=2.325 ,1,1
815475,2,0,2022-02-03 19:19:45,Sblock Lp Restore: K9L3S10 : UNCERTAIN : CSA(26856) has unusual jgt_pilot_shutoffs.judge_result(5) ,1,1
815477,2,4,2022-02-03 19:19:46,Sblock Lp Restore: K9L3S13 : D : CSA(20870)$#COMMA# A(lp=2.325$#COMMA# time=2022/02/03 19:11:16$#COMMA# data_type=0)$#COMMA# B(lp=2.325$#COMMA# time=2022/02/03 19:16:16$#COMMA# data_type=0)$#COMMA# a=0.0$#COMMA# b=2.325 ,1,1
815478,2,4,2022-02-03 19:19:46,Sblock Lp Restore: K9L3S14 : D : CSA(20758)$#COMMA# A(lp=2.325$#COMMA# time=2022/02/03 19:11:16$#COMMA# data_type=0)$#COMMA# B(lp=2.325$#COMMA# time=2022/02/03 19:16:16$#COMMA# data_type=0)$#COMMA# a=0.0$#COMMA# b=2.325 ,1,1
815479,2,0,2022-02-03 19:19:46,Sblock Lp Restore: K9L4S1 : UNCERTAIN : CSA(26811) has unusual jgt_pilot_shutoffs.judge_result(5) ,1,1
815480,2,4,2022-02-03 19:19:46,Sblock Lp Restore: K9L4S2 : D : CSA(26814)$#COMMA# A(lp=2.325$#COMMA# time=2022/02/03 19:11:16$#COMMA# data_type=0)$#COMMA# B(lp=2.325$#COMMA# time=2022/02/03 19:16:16$#COMMA# data_type=0)$#COMMA# a=0.0$#COMMA# b=2.325 ,1,1
815481,2,4,2022-02-03 19:19:46,Sblock Lp Restore: K9L4S3 : D : CSA(26810)$#COMMA# A(lp=2.325$#COMMA# time=2022/02/03 19:11:16$#COMMA# data_type=0)$#COMMA# B(lp=2.325$#COMMA# time=2022/02/03 19:16:16$#COMMA# data_type=0)$#COMMA# a=0.0$#COMMA# b=2.325 ,1,1
815482,2,4,2022-02-03 19:19:46,Sblock Lp Restore: K9L4S4 : D : CSA(26812)$#COMMA# A(lp=2.325$#COMMA# time=2022/02/03 19:11:16$#COMMA# data_type=0)$#COMMA# B(lp=2.325$#COMMA# time=2022/02/03 19:16:16$#COMMA# data_type=0)$#COMMA# a=0.0$#COMMA# b=2.325 ,1,1
815483,2,4,2022-02-03 19:19:46,Sblock Lp Restore: K9L4S5 : D : CSA(26813)$#COMMA# A(lp=2.325$#COMMA# time=2022/02/03 19:11:16$#COMMA# data_type=0)$#COMMA# B(lp=2.325$#COMMA# time=2022/02/03 19:16:16$#COMMA# data_type=0)$#COMMA# a=0.0$#COMMA# b=2.325 ,1,1
815485,2,2,2022-02-03 19:19:46,Sblock Lp Restore: K9L5S2 : B : CSA(26851)$#COMMA# A(lp=2.27$#COMMA# time=2022/02/03 19:11:16$#COMMA# data_type=0)$#COMMA# B(lp=1.97$#COMMA# time=2022/02/03 19:16:16$#COMMA# data_type=0)$#COMMA# a=-0.001$#COMMA# b=2.57 ,1,1
815486,2,4,2022-02-03 19:19:46,Sblock Lp Restore: K9L5S3 : D : CSA(26852)$#COMMA# A(lp=2.325$#COMMA# time=2022/02/03 19:11:16$#COMMA# data_type=0)$#COMMA# B(lp=2.325$#COMMA# time=2022/02/03 19:16:16$#COMMA# data_type=0)$#COMMA# a=0.0$#COMMA# b=2.325 ,1,1
815491,2,3,2022-02-03 19:19:46,Sblock Lp Restore: K20L1S6 : C : CSA(29612)$#COMMA# A(lp=2.26500000000000001$#COMMA# time=2022/02/03 19:11:16$#COMMA# data_type=0)$#COMMA# B(lp=2.165$#COMMA# time=2022/02/03 19:16:16$#COMMA# data_type=0)$#COMMA# a=-0.0003333333333333333$#COMMA# b=2.365 ,1,1
815496,2,3,2022-02-03 19:19:46,Sblock Lp Restore: K20L2S2 : C : CSA(29622)$#COMMA# A(lp=2.26500000000000001$#COMMA# time=2022/02/03 19:11:16$#COMMA# data_type=0)$#COMMA# B(lp=2.165$#COMMA# time=2022/02/03 19:16:16$#COMMA# data_type=0)$#COMMA# a=-0.0003333333333333333$#COMMA# b=2.365 ,1,1
815503,2,2,2022-02-03 19:19:46,Sblock Lp Restore: K20L4S2 : B : CSA(29657)$#COMMA# A(lp=2.27$#COMMA# time=2022/02/03 19:11:16$#COMMA# data_type=0)$#COMMA# B(lp=1.97$#COMMA# time=2022/02/03 19:16:16$#COMMA# data_type=0)$#COMMA# a=-0.001$#COMMA# b=2.57 ,1,1
815504,2,1,2022-02-03 19:19:46,Sblock Lp Restore: K20L4S3 : A : CSA(29632)$#COMMA# A(lp=2.3170000000000001$#COMMA# time=2022/02/03 19:11:16$#COMMA# data_type=0)$#COMMA# B(lp=1.517$#COMMA# time=2022/02/03 19:16:16$#COMMA# data_type=0)$#COMMA# a=-0.0026666666666666666$#COMMA# b=3.117 ,1,1
815565,2,4,2022-02-03 19:19:47,Sblock Lp Restore: K23L1S2 : D : CSA(29030)$#COMMA# A(lp=2.325$#COMMA# time=2022/02/03 19:11:16$#COMMA# data_type=0)$#COMMA# B(lp=2.325$#COMMA# time=2022/02/03 19:16:16$#COMMA# data_type=0)$#COMMA# a=0.0$#COMMA# b=2.325 ,1,1
815567,2,0,2022-02-03 19:19:47,Sblock Lp Restore: K23L1S4 : UNCERTAIN : CSA(29021) has unusual jgt_pilot_shutoffs.judge_result(5) ,1,1
815570,2,4,2022-02-03 19:19:47,Sblock Lp Restore: K23L2S3 : D : CSA(20810)$#COMMA# A(lp=2.325$#COMMA# time=2022/02/03 19:11:16$#COMMA# data_type=0)$#COMMA# B(lp=2.325$#COMMA# time=2022/02/03 19:16:16$#COMMA# data_type=0)$#COMMA# a=0.0$#COMMA# b=2.325 ,1,1
815573,2,4,2022-02-03 19:19:47,Sblock Lp Restore: K23L3S5 : D : CSA(29043)$#COMMA# A(lp=2.325$#COMMA# time=2022/02/03 19:11:16$#COMMA# data_type=0)$#COMMA# B(lp=2.325$#COMMA# time=2022/02/03 19:16:16$#COMMA# data_type=0)$#COMMA# a=0.0$#COMMA# b=2.325 ,1,1
815574,2,4,2022-02-03 19:19:47,Sblock Lp Restore: K23L3S6 : D : CSA(29044)$#COMMA# A(lp=2.325$#COMMA# time=2022/02/03 19:11:16$#COMMA# data_type=0)$#COMMA# B(lp=2.325$#COMMA# time=2022/02/03 19:16:16$#COMMA# data_type=0)$#COMMA# a=0.0$#COMMA# b=2.325 ,1,1
815578,2,4,2022-02-03 19:19:47,Sblock Lp Restore: K23L4S1 : D : CSA(29053)$#COMMA# A(lp=2.325$#COMMA# time=2022/02/03 19:11:16$#COMMA# data_type=0)$#COMMA# B(lp=2.325$#COMMA# time=2022/02/03 19:16:16$#COMMA# data_type=0)$#COMMA# a=0.0$#COMMA# b=2.325 ,1,1
815579,2,4,2022-02-03 19:19:47,Sblock Lp Restore: K23L4S2 : D : CSA(20459)$#COMMA# A(lp=2.325$#COMMA# time=2022/02/03 19:11:16$#COMMA# data_type=0)$#COMMA# B(lp=2.325$#COMMA# time=2022/02/03 19:16:16$#COMMA# data_type=0)$#COMMA# a=0.0$#COMMA# b=2.325 ,1,1
815580,2,2,2022-02-03 19:19:47,Sblock Lp Restore: K23L4S4 : B : CSA(29057)$#COMMA# A(lp=2.27$#COMMA# time=2022/02/03 19:11:16$#COMMA# data_type=0)$#COMMA# B(lp=1.97$#COMMA# time=2022/02/03 19:16:16$#COMMA# data_type=0)$#COMMA# a=-0.001$#COMMA# b=2.57 ,1,1
815581,2,4,2022-02-03 19:19:47,Sblock Lp Restore: K23L4S6 : D : CSA(20867)$#COMMA# A(lp=2.325$#COMMA# time=2022/02/03 19:11:16$#COMMA# data_type=0)$#COMMA# B(lp=2.325$#COMMA# time=2022/02/03 19:16:16$#COMMA# data_type=0)$#COMMA# a=0.0$#COMMA# b=2.325 ,1,1
815582,2,4,2022-02-03 19:19:47,Sblock Lp Restore: K23L4S7 : D : CSA(20991)$#COMMA# A(lp=2.325$#COMMA# time=2022/02/03 19:11:16$#COMMA# data_type=0)$#COMMA# B(lp=2.325$#COMMA# time=2022/02/03 19:16:16$#COMMA# data_type=0)$#COMMA# a=0.0$#COMMA# b=2.325 ,1,1
815616,2,4,2022-02-03 19:19:48,Sblock Lp Restore: K25L1S2 : D : CSA(27213)$#COMMA# A(lp=2.325$#COMMA# time=2022/02/03 19:11:16$#COMMA# data_type=0)$#COMMA# B(lp=2.325$#COMMA# time=2022/02/03 19:16:16$#COMMA# data_type=0)$#COMMA# a=0.0$#COMMA# b=2.325 ,1,1
815617,2,4,2022-02-03 19:19:48,Sblock Lp Restore: K25L1S5 : D : CSA(27216)$#COMMA# A(lp=2.325$#COMMA# time=2022/02/03 19:11:16$#COMMA# data_type=0)$#COMMA# B(lp=2.325$#COMMA# time=2022/02/03 19:16:16$#COMMA# data_type=0)$#COMMA# a=0.0$#COMMA# b=2.325 ,1,1
815621,2,0,2022-02-03 19:19:48,Sblock Lp Restore: K25L2S2 : UNCERTAIN : CSA(27182) has unusual jgt_pilot_shutoffs.judge_result(5) ,1,1
815652,2,4,2022-02-03 19:19:48,Sblock Lp Restore: K26L2S2 : D : CSA(27029)$#COMMA# A(lp=2.325$#COMMA# time=2022/02/03 19:11:16$#COMMA# data_type=0)$#COMMA# B(lp=2.325$#COMMA# time=2022/02/03 19:16:16$#COMMA# data_type=0)$#COMMA# a=0.0$#COMMA# b=2.325 ,1,1
815660,2,4,2022-02-03 19:19:48,Sblock Lp Restore: K26L5S1 : D : CSA(27088)$#COMMA# A(lp=2.325$#COMMA# time=2022/02/03 19:11:16$#COMMA# data_type=0)$#COMMA# B(lp=2.325$#COMMA# time=2022/02/03 19:16:16$#COMMA# data_type=0)$#COMMA# a=0.0$#COMMA# b=2.325 ,1,1
815663,2,4,2022-02-03 19:19:48,Sblock Lp Restore: K26L5S4 : D : CSA(28992)$#COMMA# A(lp=2.325$#COMMA# time=2022/02/03 19:11:16$#COMMA# data_type=0)$#COMMA# B(lp=2.325$#COMMA# time=2022/02/03 19:16:16$#COMMA# data_type=0)$#COMMA# a=0.0$#COMMA# b=2.325 ,1,1
815672,2,4,2022-02-03 19:19:48,Sblock Lp Restore: K26L5S13 : D : CSA(27042)$#COMMA# A(lp=2.325$#COMMA# time=2022/02/03 19:11:16$#COMMA# data_type=0)$#COMMA# B(lp=2.325$#COMMA# time=2022/02/03 19:16:16$#COMMA# data_type=0)$#COMMA# a=0.0$#COMMA# b=2.325 ,1,1
815677,2,2,2022-02-03 19:19:48,Sblock Lp Restore: K26L7S1 : B : CSA(27086)$#COMMA# A(lp=2.27$#COMMA# time=2022/02/03 19:11:16$#COMMA# data_type=0)$#COMMA# B(lp=1.97$#COMMA# time=2022/02/03 19:16:16$#COMMA# data_type=0)$#COMMA# a=-0.001$#COMMA# b=2.57 ,1,1
815684,2,0,,Sblock Lp Restore: K90L1S1 : UNCERTAIN : could not get lp. ,1,1
815685,2,0,,Sblock Lp Restore: K90L1S5 : UNCERTAIN : could not get lp. ,1,1
815686,2,0,,Sblock Lp Restore: K90L1S6 : UNCERTAIN : could not get lp. ,1,1
