30101008,架管名称351,1344967,-2821595,51,神奈川NC,3,4,400,3,NULL,NULL,NULL,NULL,架管名称351 起点住所,架管名称351 終点住所
30101010,架管名称392,1364020,-2827178,51,神奈川NC,2,1,300,3,NULL,NULL,NULL,NULL,架管名称392 起点住所,架管名称392 終点住所
30101011,架管名称409,1355871,-2816070,51,神奈川NC,3,1,300,3,NULL,NULL,NULL,NULL,架管名称409 起点住所,架管名称409 終点住所
30101012,架管名称367,1372178,-2833847,51,神奈川NC,1,1,200,2,NULL,NULL,NULL,NULL,架管名称367 起点住所,架管名称367 終点住所
30102003,架管名称109,1326852,-2803809,51,神奈川NC,2,4,300,3,NULL,NULL,NULL,NULL,架管名称109 起点住所,架管名称109 終点住所
30102004,架管名称444,1322289,-2814891,51,神奈川NC,1,3,100,2,NULL,NULL,NULL,NULL,架管名称444 起点住所,架管名称444 終点住所
30102005,架管名称394,1335015,-2806045,51,神奈川NC,0,3,300,2,NULL,NULL,NULL,NULL,架管名称394 起点住所,架管名称394 終点住所
30102006,架管名称134,1335925,-2804937,51,神奈川NC,0,1,300,3,NULL,NULL,NULL,NULL,架管名称134 起点住所,架管名称134 終点住所
30102009,架管名称487,1328648,-2812687,51,神奈川NC,1,2,400,2,NULL,NULL,NULL,NULL,架管名称487 起点住所,架管名称487 終点住所
30102013,架管名称35,1329568,-2807142,51,神奈川NC,1,2,300,3,NULL,NULL,NULL,NULL,架管名称35 起点住所,架管名称35 終点住所
30102017,架管名称213,1325930,-2810462,51,神奈川NC,0,3,200,3,NULL,NULL,NULL,NULL,架管名称213 起点住所,架管名称213 終点住所
30102018,架管名称459,1327750,-2808248,51,神奈川NC,3,2,400,3,NULL,NULL,NULL,NULL,架管名称459 起点住所,架管名称459 終点住所
30102019,架管名称154,1333207,-2802713,51,神奈川NC,2,4,200,3,NULL,NULL,NULL,NULL,架管名称154 起点住所,架管名称154 終点住所
30102022,架管名称393,1337750,-2800504,51,神奈川NC,0,2,300,2,NULL,NULL,NULL,NULL,架管名称393 起点住所,架管名称393 終点住所
30103001,架管名称1,1335855,-2838215,51,神奈川NC,0,1,300,3,NULL,NULL,NULL,NULL,架管名称1 起点住所,架管名称1 終点住所
30103002,架管名称326,1335869,-2831560,51,神奈川NC,3,2,400,2,NULL,NULL,NULL,NULL,架管名称326 起点住所,架管名称326 終点住所
30103003,架管名称128,1323142,-2839297,51,神奈川NC,3,1,100,2,NULL,NULL,NULL,NULL,架管名称128 起点住所,架管名称128 終点住所
30103004,架管名称160,1324052,-2838190,51,神奈川NC,0,4,200,3,NULL,NULL,NULL,NULL,架管名称160 起点住所,架管名称160 終点住所
30103005,架管名称414,1320411,-2842619,51,神奈川NC,3,4,200,3,NULL,NULL,NULL,NULL,架管名称414 起点住所,架管名称414 終点住所
30104001,架管名称92,1360472,-2781691,51,神奈川NC,1,2,150,3,NULL,NULL,NULL,NULL,架管名称92 起点住所,架管名称92 終点住所
30104004,架管名称216,1360474,-2780582,51,神奈川NC,0,2,300,3,NULL,NULL,NULL,NULL,架管名称216 起点住所,架管名称216 終点住所
30104006,架管名称303,1359569,-2779471,51,神奈川NC,1,2,150,2,NULL,NULL,NULL,NULL,架管名称303 起点住所,架管名称303 終点住所
30104009,架管名称369,1345021,-2794973,51,神奈川NC,2,2,300,2,NULL,NULL,NULL,NULL,架管名称369 起点住所,架管名称369 終点住所
30104013,架管名称433,1343215,-2790532,51,神奈川NC,0,4,300,3,NULL,NULL,NULL,NULL,架管名称433 起点住所,架管名称433 終点住所
30104014,架管名称57,1366821,-2782812,51,神奈川NC,3,4,300,3,NULL,NULL,NULL,NULL,架管名称57 起点住所,架管名称57 終点住所
30104019,架管名称486,1335937,-2799391,51,神奈川NC,1,1,300,2,NULL,NULL,NULL,NULL,架管名称486 起点住所,架管名称486 終点住所
30104020,架管名称259,1370447,-2785037,51,神奈川NC,3,3,300,2,NULL,NULL,NULL,NULL,架管名称259 起点住所,架管名称259 終点住所
30104021,架管名称338,1295196,-2761581,51,神奈川NC,2,3,100,2,NULL,NULL,NULL,NULL,架管名称338 起点住所,架管名称338 終点住所
30104022,架管名称413,1348659,-2790543,51,神奈川NC,2,4,150,2,NULL,NULL,NULL,NULL,架管名称413 起点住所,架管名称413 終点住所
30104023,架管名称50,1337752,-2799395,51,神奈川NC,2,3,300,3,NULL,NULL,NULL,NULL,架管名称50 起点住所,架管名称50 終点住所
30104026,架管名称10,1358666,-2777251,51,神奈川NC,3,1,300,3,NULL,NULL,NULL,NULL,架管名称10 起点住所,架管名称10 終点住所
30104028,架管名称401,1353205,-2786115,51,神奈川NC,1,4,150,2,NULL,NULL,NULL,NULL,架管名称401 起点住所,架管名称401 終点住所
30104029,架管名称473,1355024,-2783900,51,神奈川NC,3,3,150,3,NULL,NULL,NULL,NULL,架管名称473 起点住所,架管名称473 終点住所
30104030,架管名称160,1357783,-2763938,51,神奈川NC,3,1,150,2,NULL,NULL,NULL,NULL,架管名称160 起点住所,架管名称160 終点住所
30104031,架管名称384,1376804,-2781720,51,神奈川NC,2,3,300,2,NULL,NULL,NULL,NULL,架管名称384 起点住所,架管名称384 終点住所
30104032,架管名称436,1331402,-2798272,51,神奈川NC,0,2,300,3,NULL,NULL,NULL,NULL,架管名称436 起点住所,架管名称436 終点住所
30104033,架管名称29,1352283,-2793878,51,神奈川NC,0,2,200,3,NULL,NULL,NULL,NULL,架管名称29 起点住所,架管名称29 終点住所
30104034,架管名称335,1352283,-2793878,51,神奈川NC,0,1,100,3,NULL,NULL,NULL,NULL,架管名称335 起点住所,架管名称335 終点住所
30104036,架管名称90,1355024,-2783900,51,神奈川NC,1,1,150,3,NULL,NULL,NULL,NULL,架管名称90 起点住所,架管名称90 終点住所
30105002,架管名称445,1385946,-2737364,51,神奈川NC,2,1,300,3,NULL,NULL,NULL,NULL,架管名称445 起点住所,架管名称445 終点住所
30105008,架管名称453,1403139,-2765120,51,神奈川NC,1,3,150,2,NULL,NULL,NULL,NULL,架管名称453 起点住所,架管名称453 終点住所
30105010,架管名称430,1389558,-2747353,51,神奈川NC,3,2,250,3,NULL,NULL,NULL,NULL,架管名称430 起点住所,架管名称430 終点住所
30105011,架管名称290,1405860,-2765124,51,神奈川NC,1,4,750,2,NULL,NULL,NULL,NULL,架管名称290 起点住所,架管名称290 終点住所
30105015,架管名称158,1390434,-2768430,51,神奈川NC,2,4,200,2,NULL,NULL,NULL,NULL,架管名称158 起点住所,架管名称158 終点住所
30105016,架管名称419,1381351,-2775072,51,神奈川NC,0,2,400,2,NULL,NULL,NULL,NULL,架管名称419 起点住所,架管名称419 終点住所
30105017,架管名称122,1388668,-2736258,51,神奈川NC,3,4,400,2,NULL,NULL,NULL,NULL,架管名称122 起点住所,架管名称122 終点住所
30105020,架管名称350,1387761,-2736257,51,神奈川NC,0,1,150,2,NULL,NULL,NULL,NULL,架管名称350 起点住所,架管名称350 終点住所
30106002,架管名称387,1339732,-2719531,51,神奈川NC,3,2,200,2,NULL,NULL,NULL,NULL,架管名称387 起点住所,架管名称387 終点住所
30106003,架管名称383,1365124,-2717362,51,神奈川NC,0,1,200,3,NULL,NULL,NULL,NULL,架管名称383 起点住所,架管名称383 終点住所
30106006,架管名称255,1322412,-2760537,51,神奈川NC,1,1,200,3,NULL,NULL,NULL,NULL,架管名称255 起点住所,架管名称255 終点住所
30106010,架管名称124,1347879,-2726203,51,神奈川NC,2,1,300,2,NULL,NULL,NULL,NULL,架管名称124 起点住所,架管名称124 終点住所
30107001,架管名称355,1318656,-2815992,51,神奈川NC,2,2,200,2,NULL,NULL,NULL,NULL,架管名称355 起点住所,架管名称355 終点住所
30107004,架管名称401,1309601,-2807097,51,神奈川NC,1,1,150,2,NULL,NULL,NULL,NULL,架管名称401 起点住所,架管名称401 終点住所
30107008,架管名称440,1284206,-2800376,51,神奈川NC,2,4,200,2,NULL,NULL,NULL,NULL,架管名称440 起点住所,架管名称440 終点住所
30107011,架管名称497,1319569,-2813776,51,神奈川NC,2,1,300,2,NULL,NULL,NULL,NULL,架管名称497 起点住所,架管名称497 終点住所
30107012,架管名称162,1315012,-2821530,51,神奈川NC,1,2,400,2,NULL,NULL,NULL,NULL,架管名称162 起点住所,架管名称162 終点住所
30107013,架管名称322,1315036,-2811547,51,神奈川NC,2,1,100,2,NULL,NULL,NULL,NULL,架管名称322 起点住所,架管名称322 終点住所
30107014,架管名称121,1315036,-2811547,51,神奈川NC,3,3,100,3,NULL,NULL,NULL,NULL,架管名称121 起点住所,架管名称121 終点住所
30107015,架管名称141,1302296,-2824827,51,神奈川NC,3,1,300,2,NULL,NULL,NULL,NULL,架管名称141 起点住所,架管名称141 終点住所
30107016,架管名称342,1313192,-2823744,51,神奈川NC,2,1,200,2,NULL,NULL,NULL,NULL,架管名称342 起点住所,架管名称342 終点住所
30107018,架管名称286,1302296,-2824827,51,神奈川NC,1,3,300,2,NULL,NULL,NULL,NULL,架管名称286 起点住所,架管名称286 終点住所
30107019,架管名称403,1302296,-2824827,51,神奈川NC,3,2,300,2,NULL,NULL,NULL,NULL,架管名称403 起点住所,架管名称403 終点住所
30108001,架管名称159,1340354,-2858191,51,神奈川NC,0,1,300,3,NULL,NULL,NULL,NULL,架管名称159 起点住所,架管名称159 終点住所
30108002,架管名称82,1340338,-2865956,51,神奈川NC,2,1,100,3,NULL,NULL,NULL,NULL,架管名称82 起点住所,架管名称82 終点住所
30108007,架管名称433,1333905,-2901439,51,神奈川NC,2,4,150,2,NULL,NULL,NULL,NULL,架管名称433 起点住所,架管名称433 終点住所
30108008,架管名称421,1328505,-2878133,51,神奈川NC,2,1,300,2,NULL,NULL,NULL,NULL,架管名称421 起点住所,架管名称421 終点住所
30108012,架管名称302,1336749,-2844873,51,神奈川NC,2,2,150,2,NULL,NULL,NULL,NULL,架管名称302 起点住所,架管名称302 終点住所
30109003,架管名称249,1332913,-2940261,51,神奈川NC,0,1,200,2,NULL,NULL,NULL,NULL,架管名称249 起点住所,架管名称249 終点住所
30109004,架管名称336,1339317,-2920308,51,神奈川NC,3,2,150,3,NULL,NULL,NULL,NULL,架管名称336 起点住所,架管名称336 終点住所
30109006,架管名称434,1343879,-2911443,51,神奈川NC,1,3,150,3,NULL,NULL,NULL,NULL,架管名称434 起点住所,架管名称434 終点住所
30109010,架管名称163,1321115,-2932470,51,神奈川NC,0,1,150,3,NULL,NULL,NULL,NULL,架管名称163 起点住所,架管名称163 終点住所
30109016,架管名称10,1348422,-2911452,51,神奈川NC,2,4,150,2,NULL,NULL,NULL,NULL,架管名称10 起点住所,架管名称10 終点住所
30109017,架管名称61,1351146,-2912566,51,神奈川NC,3,4,200,3,NULL,NULL,NULL,NULL,架管名称61 起点住所,架管名称61 終点住所
30109018,架管名称275,1362033,-2921461,51,神奈川NC,0,3,200,3,NULL,NULL,NULL,NULL,架管名称275 起点住所,架管名称275 終点住所
30109019,架管名称192,1359305,-2922565,51,神奈川NC,3,2,150,2,NULL,NULL,NULL,NULL,架管名称192 起点住所,架管名称192 終点住所
30109020,架管名称132,1327426,-2955778,51,神奈川NC,0,1,200,2,NULL,NULL,NULL,NULL,架管名称132 起点住所,架管名称132 終点住所
30109026,架管名称86,1333789,-2955792,51,神奈川NC,0,3,200,3,NULL,NULL,NULL,NULL,架管名称86 起点住所,架管名称86 終点住所
30109027,架管名称31,1326556,-2938028,51,神奈川NC,3,2,200,3,NULL,NULL,NULL,NULL,架管名称31 起点住所,架管名称31 終点住所
30111001,架管名称398,1276998,-2781499,51,神奈川NC,0,4,200,3,NULL,NULL,NULL,NULL,架管名称398 起点住所,架管名称398 終点住所
30111002,架管名称397,1276998,-2781499,51,神奈川NC,0,2,200,3,NULL,NULL,NULL,NULL,架管名称397 起点住所,架管名称397 終点住所
30111003,架管名称291,1276094,-2780387,51,神奈川NC,0,3,200,3,NULL,NULL,NULL,NULL,架管名称291 起点住所,架管名称291 終点住所
30111004,架管名称261,1276989,-2784827,51,神奈川NC,0,1,200,2,NULL,NULL,NULL,NULL,架管名称261 起点住所,架管名称261 終点住所
30111006,架管名称433,1265206,-2780356,51,神奈川NC,0,4,200,3,NULL,NULL,NULL,NULL,架管名称433 起点住所,架管名称433 終点住所
30111007,架管名称380,1263402,-2777023,51,神奈川NC,1,2,200,2,NULL,NULL,NULL,NULL,架管名称380 起点住所,架管名称380 終点住所
30111009,架管名称100,1251587,-2783644,51,神奈川NC,1,3,200,2,NULL,NULL,NULL,NULL,架管名称100 起点住所,架管名称100 終点住所
30111010,架管名称361,1251590,-2782534,51,神奈川NC,1,2,200,2,NULL,NULL,NULL,NULL,架管名称361 起点住所,架管名称361 終点住所
30112003,架管名称5,1264406,-2743748,51,神奈川NC,2,3,200,2,NULL,NULL,NULL,NULL,架管名称5 起点住所,架管名称5 終点住所
30112007,架管名称439,1271664,-2742659,51,神奈川NC,0,2,200,3,NULL,NULL,NULL,NULL,架管名称439 起点住所,架管名称439 終点住所
30112008,架管名称183,1282512,-2756001,51,神奈川NC,2,1,200,2,NULL,NULL,NULL,NULL,架管名称183 起点住所,架管名称183 終点住所
30112009,架管名称94,1277057,-2760423,51,神奈川NC,2,2,200,3,NULL,NULL,NULL,NULL,架管名称94 起点住所,架管名称94 終点住所
30113001,架管名称423,1199799,-2802328,51,神奈川NC,3,3,150,3,NULL,NULL,NULL,NULL,架管名称423 起点住所,架管名称423 終点住所
30114003,架管名称332,1280419,-2858048,51,神奈川NC,2,4,200,2,NULL,NULL,NULL,NULL,架管名称332 起点住所,架管名称332 終点住所
30114005,架管名称391,1303015,-2901368,51,神奈川NC,2,1,150,2,NULL,NULL,NULL,NULL,架管名称391 起点住所,架管名称391 終点住所
30114006,架管名称458,1279517,-2855827,51,神奈川NC,3,1,100,3,NULL,NULL,NULL,NULL,架管名称458 起点住所,架管名称458 終点住所
30114007,架管名称119,1304840,-2898045,51,神奈川NC,1,1,300,2,NULL,NULL,NULL,NULL,架管名称119 起点住所,架管名称119 終点住所
30114008,架管名称217,1286714,-2881360,51,神奈川NC,3,3,200,3,NULL,NULL,NULL,NULL,架管名称217 起点住所,架管名称217 終点住所
30114009,架管名称228,1285874,-2855844,51,神奈川NC,3,1,150,2,NULL,NULL,NULL,NULL,架管名称228 起点住所,架管名称228 終点住所
30114010,架管名称489,1279508,-2859155,51,神奈川NC,2,4,200,3,NULL,NULL,NULL,NULL,架管名称489 起点住所,架管名称489 終点住所
30114011,架管名称261,1279508,-2859155,51,神奈川NC,1,4,200,3,NULL,NULL,NULL,NULL,架管名称261 起点住所,架管名称261 終点住所
30115002,架管名称338,1254926,-2880160,51,神奈川NC,1,2,300,2,NULL,NULL,NULL,NULL,架管名称338 起点住所,架管名称338 終点住所
30115003,架管名称408,1274121,-2836955,51,神奈川NC,1,1,200,3,NULL,NULL,NULL,NULL,架管名称408 起点住所,架管名称408 終点住所
30115005,架管名称24,1256722,-2886821,51,神奈川NC,2,2,150,3,NULL,NULL,NULL,NULL,架管名称24 起点住所,架管名称24 終点住所
30115007,架管名称396,1276808,-2850273,51,神奈川NC,2,4,200,3,NULL,NULL,NULL,NULL,架管名称396 起点住所,架管名称396 終点住所
30115009,架管名称407,1261391,-2843574,51,神奈川NC,3,4,150,3,NULL,NULL,NULL,NULL,架管名称407 起点住所,架管名称407 終点住所
30115010,架管名称349,1255924,-2850213,51,神奈川NC,0,2,150,2,NULL,NULL,NULL,NULL,架管名称349 起点住所,架管名称349 終点住所
30115011,架管名称21,1276805,-2851383,51,神奈川NC,1,4,300,2,NULL,NULL,NULL,NULL,架管名称21 起点住所,架管名称21 終点住所
30115017,架管名称57,1246713,-2892337,51,神奈川NC,2,3,100,2,NULL,NULL,NULL,NULL,架管名称57 起点住所,架管名称57 終点住所
30115022,架管名称221,1258595,-2867969,51,神奈川NC,0,4,300,2,NULL,NULL,NULL,NULL,架管名称221 起点住所,架管名称221 終点住所
30115031,架管名称434,1268630,-2852469,51,神奈川NC,2,2,200,2,NULL,NULL,NULL,NULL,架管名称434 起点住所,架管名称434 終点住所
30115032,架管名称6,1265931,-2843587,51,神奈川NC,0,1,200,3,NULL,NULL,NULL,NULL,架管名称6 起点住所,架管名称6 終点住所
30115037,架管名称228,1256762,-2873510,51,神奈川NC,2,1,300,2,NULL,NULL,NULL,NULL,架管名称228 起点住所,架管名称228 終点住所
30115038,架管名称124,1273173,-2851373,51,神奈川NC,0,3,300,3,NULL,NULL,NULL,NULL,架管名称124 起点住所,架管名称124 終点住所
30115039,架管名称432,1273173,-2851373,51,神奈川NC,2,3,150,2,NULL,NULL,NULL,NULL,架管名称432 起点住所,架管名称432 終点住所
30116001,架管名称287,1244855,-2905643,51,神奈川NC,1,4,200,3,NULL,NULL,NULL,NULL,架管名称287 起点住所,架管名称287 終点住所
30116003,架管名称141,1244851,-2906752,51,神奈川NC,0,2,200,3,NULL,NULL,NULL,NULL,架管名称141 起点住所,架管名称141 終点住所
30116008,架管名称345,1272090,-2913488,51,神奈川NC,0,2,150,3,NULL,NULL,NULL,NULL,架管名称345 起点住所,架管名称345 終点住所
30116019,架管名称298,1251194,-2912318,51,神奈川NC,2,1,150,2,NULL,NULL,NULL,NULL,架管名称298 起点住所,架管名称298 終点住所
30116033,架管名称455,1262088,-2915678,51,神奈川NC,2,4,300,2,NULL,NULL,NULL,NULL,架管名称455 起点住所,架管名称455 終点住所
30116038,架管名称382,1250299,-2907878,51,神奈川NC,1,4,200,2,NULL,NULL,NULL,NULL,架管名称382 起点住所,架管名称382 終点住所
30116039,架管名称43,1251205,-2908990,51,神奈川NC,1,2,300,3,NULL,NULL,NULL,NULL,架管名称43 起点住所,架管名称43 終点住所
30116042,架管名称70,1250286,-2912315,51,神奈川NC,3,3,100,2,NULL,NULL,NULL,NULL,架管名称70 起点住所,架管名称70 終点住所
30116043,架管名称221,1253049,-2900121,51,神奈川NC,2,4,100,2,NULL,NULL,NULL,NULL,架管名称221 起点住所,架管名称221 終点住所
30117035,架管名称392,1219633,-2841223,51,神奈川NC,2,2,150,2,NULL,NULL,NULL,NULL,架管名称392 起点住所,架管名称392 終点住所
30118001,架管名称297,1208356,-2692539,51,神奈川NC,1,2,200,3,NULL,NULL,NULL,NULL,架管名称297 起点住所,架管名称297 終点住所
30118002,架管名称307,1201105,-2692513,51,神奈川NC,1,1,200,3,NULL,NULL,NULL,NULL,架管名称307 起点住所,架管名称307 終点住所
30118011,架管名称145,1210157,-2695873,51,神奈川NC,3,3,150,3,NULL,NULL,NULL,NULL,架管名称145 起点住所,架管名称145 終点住所
30118016,架管名称302,1240882,-2725927,51,神奈川NC,2,2,200,3,NULL,NULL,NULL,NULL,架管名称302 起点住所,架管名称302 終点住所
30118017,架管名称75,1269131,-2677204,51,神奈川NC,3,3,200,3,NULL,NULL,NULL,NULL,架管名称75 起点住所,架管名称75 終点住所
30119006,架管名称470,1298872,-2742732,51,神奈川NC,1,2,300,2,NULL,NULL,NULL,NULL,架管名称470 起点住所,架管名称470 終点住所
30119013,架管名称126,1304297,-2749401,51,神奈川NC,0,3,200,2,NULL,NULL,NULL,NULL,架管名称126 起点住所,架管名称126 終点住所
30121006,架管名称217,1410400,-2761802,51,神奈川NC,1,3,300,2,NULL,NULL,NULL,NULL,架管名称217 起点住所,架管名称217 終点住所
30121010,架管名称208,1444007,-2714140,51,神奈川NC,1,1,400,3,NULL,NULL,NULL,NULL,架管名称208 起点住所,架管名称208 終点住所
30121014,架管名称387,1415838,-2766246,51,神奈川NC,3,2,300,3,NULL,NULL,NULL,NULL,架管名称387 起点住所,架管名称387 終点住所
30121015,架管名称310,1463941,-2730795,51,神奈川NC,2,3,400,2,NULL,NULL,NULL,NULL,架管名称310 起点住所,架管名称310 終点住所
30121016,架管名称388,1410400,-2761802,51,神奈川NC,0,1,300,2,NULL,NULL,NULL,NULL,架管名称388 起点住所,架管名称388 終点住所
30122001,架管名称10,1368779,-2700729,51,神奈川NC,3,4,300,2,NULL,NULL,NULL,NULL,架管名称10 起点住所,架管名称10 終点住所
30122005,架管名称388,1376947,-2695196,51,神奈川NC,0,4,300,2,NULL,NULL,NULL,NULL,架管名称388 起点住所,架管名称388 終点住所
30123001,架管名称406,1362436,-2699608,51,神奈川NC,0,1,400,2,NULL,NULL,NULL,NULL,架管名称406 起点住所,架管名称406 終点住所
30123002,架管名称366,1386920,-2694103,51,神奈川NC,1,2,650,2,NULL,NULL,NULL,NULL,架管名称366 起点住所,架管名称366 終点住所
30123004,架管名称112,1373329,-2690753,51,神奈川NC,2,1,300,2,NULL,NULL,NULL,NULL,架管名称112 起点住所,架管名称112 終点住所
30123005,架管名称463,1376046,-2691867,51,神奈川NC,2,4,600,3,NULL,NULL,NULL,NULL,架管名称463 起点住所,架管名称463 終点住所
30123006,架管名称479,1366982,-2691851,51,神奈川NC,3,1,300,3,NULL,NULL,NULL,NULL,架管名称479 起点住所,架管名称479 終点住所
30123008,架管名称2,1364289,-2677426,51,神奈川NC,3,1,100,2,NULL,NULL,NULL,NULL,架管名称2 起点住所,架管名称2 終点住所
30123010,架管名称76,1365193,-2678537,51,神奈川NC,3,2,200,3,NULL,NULL,NULL,NULL,架管名称76 起点住所,架管名称76 終点住所
30123011,架管名称371,1355190,-2696267,51,神奈川NC,1,4,200,2,NULL,NULL,NULL,NULL,架管名称371 起点住所,架管名称371 終点住所
30123012,架管名称128,1361578,-2672984,51,神奈川NC,1,4,150,3,NULL,NULL,NULL,NULL,架管名称128 起点住所,架管名称128 終点住所
30123013,架管名称26,1363385,-2676315,51,神奈川NC,0,1,150,2,NULL,NULL,NULL,NULL,架管名称26 起点住所,架管名称26 終点住所
30123016,架管名称246,1353433,-2667422,51,神奈川NC,3,1,200,3,NULL,NULL,NULL,NULL,架管名称246 起点住所,架管名称246 終点住所
30123017,架管名称152,1349817,-2662978,51,神奈川NC,2,1,150,3,NULL,NULL,NULL,NULL,架管名称152 起点住所,架管名称152 終点住所
30123018,架管名称22,1388734,-2692997,51,神奈川NC,0,2,650,2,NULL,NULL,NULL,NULL,架管名称22 起点住所,架管名称22 終点住所
30123019,架管名称153,1366982,-2691851,51,神奈川NC,0,4,300,2,NULL,NULL,NULL,NULL,架管名称153 起点住所,架管名称153 終点住所
30124001,架管名称198,1321773,-2642951,51,神奈川NC,1,3,150,3,NULL,NULL,NULL,NULL,架管名称198 起点住所,架管名称198 終点住所
30124002,架管名称29,1338056,-2654080,51,神奈川NC,3,3,150,2,NULL,NULL,NULL,NULL,架管名称29 起点住所,架管名称29 終点住所
30124007,架管名称50,1322661,-2650718,51,神奈川NC,1,1,150,3,NULL,NULL,NULL,NULL,架管名称50 起点住所,架管名称50 終点住所
30124008,架管名称165,1329836,-2684013,51,神奈川NC,2,2,200,2,NULL,NULL,NULL,NULL,架管名称165 起点住所,架管名称165 終点住所
30124010,架管名称173,1340708,-2686255,51,神奈川NC,3,1,150,2,NULL,NULL,NULL,NULL,架管名称173 起点住所,架管名称173 終点住所
30124016,架管名称369,1318129,-2651817,51,神奈川NC,1,1,150,3,NULL,NULL,NULL,NULL,架管名称369 起点住所,架管名称369 終点住所
30124017,架管名称326,1324481,-2647394,51,神奈川NC,0,2,150,3,NULL,NULL,NULL,NULL,架管名称326 起点住所,架管名称326 終点住所
30124018,架管名称23,1308160,-2652903,51,神奈川NC,3,4,150,2,NULL,NULL,NULL,NULL,架管名称23 起点住所,架管名称23 終点住所
30124019,架管名称137,1318134,-2649599,51,神奈川NC,2,1,150,2,NULL,NULL,NULL,NULL,架管名称137 起点住所,架管名称137 終点住所
30124020,架管名称116,1326194,-2691770,51,神奈川NC,0,4,200,3,NULL,NULL,NULL,NULL,架管名称116 起点住所,架管名称116 終点住所
30124021,架管名称167,1315405,-2654029,51,神奈川NC,2,1,100,3,NULL,NULL,NULL,NULL,架管名称167 起点住所,架管名称167 終点住所
30125001,架管名称489,1301846,-2641794,51,神奈川NC,0,4,300,2,NULL,NULL,NULL,NULL,架管名称489 起点住所,架管名称489 終点住所
30125002,架管名称441,1305475,-2639585,51,神奈川NC,1,2,200,2,NULL,NULL,NULL,NULL,架管名称441 起点住所,架管名称441 終点住所
30125004,架管名称236,1265648,-2628385,51,神奈川NC,1,2,100,3,NULL,NULL,NULL,NULL,架管名称236 起点住所,架管名称236 終点住所
30125005,架管名称359,1263837,-2628379,51,神奈川NC,2,2,150,2,NULL,NULL,NULL,NULL,架管名称359 起点住所,架管名称359 終点住所
30125008,架管名称87,1304563,-2641801,51,神奈川NC,3,1,300,3,NULL,NULL,NULL,NULL,架管名称87 起点住所,架管名称87 終点住所
30127001,架管名称356,1325287,-2691768,51,神奈川NC,1,2,150,2,NULL,NULL,NULL,NULL,架管名称356 起点住所,架管名称356 終点住所
30127002,架管名称18,1274625,-2657252,51,神奈川NC,2,4,200,2,NULL,NULL,NULL,NULL,架管名称18 起点住所,架管名称18 終点住所
30127003,架管名称24,1308082,-2685072,51,神奈川NC,3,3,150,2,NULL,NULL,NULL,NULL,架管名称24 起点住所,架管名称24 終点住所
30127004,架管名称63,1325320,-2677347,51,神奈川NC,1,2,200,2,NULL,NULL,NULL,NULL,架管名称63 起点住所,架管名称63 終点住所
30127009,架管名称241,1283634,-2676135,51,神奈川NC,0,3,300,3,NULL,NULL,NULL,NULL,架管名称241 起点住所,架管名称241 終点住所
30127010,架管名称18,1292755,-2653973,51,神奈川NC,3,3,200,2,NULL,NULL,NULL,NULL,架管名称18 起点住所,架管名称18 終点住所
30152001,架管名称367,1395432,-3077917,51,神奈川NC,0,4,150,3,14201,横須賀市,NULL,NULL,架管名称367 起点住所,架管名称367 終点住所
30152002,架管名称279,1399985,-3076814,51,神奈川NC,1,1,150,3,14201,横須賀市,NULL,NULL,架管名称279 起点住所,架管名称279 終点住所
30152003,架管名称293,1389117,-3040194,51,神奈川NC,0,1,200,3,14201,横須賀市,NULL,NULL,架管名称293 起点住所,架管名称293 終点住所
30152004,架管名称130,1423683,-3050222,51,神奈川NC,3,2,200,2,14201,横須賀市,NULL,NULL,架管名称130 起点住所,架管名称130 終点住所
30152006,架管名称270,1379925,-3097859,51,神奈川NC,2,1,300,2,14201,横須賀市,NULL,NULL,架管名称270 起点住所,架管名称270 終点住所
30152008,架管名称457,1410928,-3061299,51,神奈川NC,3,1,200,3,14201,横須賀市,NULL,NULL,架管名称457 起点住所,架管名称457 終点住所
30152009,架管名称477,1391801,-3071256,51,神奈川NC,0,1,300,2,14201,横須賀市,NULL,NULL,架管名称477 起点住所,架管名称477 終点住所
30152011,架管名称13,1386308,-3091214,51,神奈川NC,3,4,300,3,14201,横須賀市,NULL,NULL,架管名称13 起点住所,架管名称13 終点住所
30152019,架管名称135,1407295,-3055749,51,神奈川NC,2,3,200,3,14201,横須賀市,NULL,NULL,架管名称135 起点住所,架管名称135 終点住所
30152020,架管名称134,1385458,-3052390,51,神奈川NC,0,3,200,2,14201,横須賀市,NULL,NULL,架管名称134 起点住所,架管名称134 終点住所
30152023,架管名称266,1342860,-2965794,51,神奈川NC,3,4,150,3,14201,横須賀市,NULL,NULL,架管名称266 起点住所,架管名称266 終点住所
30152024,架管名称428,1351950,-2966921,51,神奈川NC,0,4,150,3,14201,横須賀市,NULL,NULL,架管名称428 起点住所,架管名称428 終点住所
30152025,架管名称339,1414557,-3071287,51,神奈川NC,0,3,200,3,14201,横須賀市,NULL,NULL,架管名称339 起点住所,架管名称339 終点住所
30152026,架管名称412,1392750,-3044636,51,神奈川NC,2,2,300,3,14201,横須賀市,NULL,NULL,架管名称412 起点住所,架管名称412 終点住所
30152027,架管名称40,1413649,-3069067,51,神奈川NC,3,2,200,2,14201,横須賀市,NULL,NULL,架管名称40 起点住所,架管名称40 終点住所
30166001,架管名称466,1367158,-3108930,51,神奈川NC,2,1,300,3,14210,三浦市,NULL,NULL,架管名称466 起点住所,架管名称466 終点住所
30166002,架管名称209,1368071,-3107822,51,神奈川NC,1,3,300,3,14210,三浦市,NULL,NULL,架管名称209 起点住所,架管名称209 終点住所
20059001,架管名称147,1191850,-2743507,53,湘南NC,0,4,200,3,13209,町田市,NULL,NULL,架管名称147 起点住所,架管名称147 終点住所
20059002,架管名称106,1180390,-2658047,53,湘南NC,3,4,400,2,13209,町田市,NULL,NULL,架管名称106 起点住所,架管名称106 終点住所
20059005,架管名称91,1162210,-2672396,53,湘南NC,1,4,300,3,13209,町田市,NULL,NULL,架管名称91 起点住所,架管名称91 終点住所
20059007,架管名称134,1173150,-2655800,53,湘南NC,2,4,400,2,13209,町田市,NULL,NULL,架管名称134 起点住所,架管名称134 終点住所
20059008,架管名称397,1206646,-2663691,53,湘南NC,2,3,150,3,13209,町田市,NULL,NULL,架管名称397 起点住所,架管名称397 終点住所
20059010,架管名称83,1196361,-2750179,53,湘南NC,2,1,300,3,13209,町田市,NULL,NULL,架管名称83 起点住所,架管名称83 終点住所
20059011,架管名称223,1146733,-2688971,53,湘南NC,0,1,300,3,13209,町田市,NULL,NULL,架管名称223 起点住所,架管名称223 終点住所
20059014,架管名称366,1187353,-2733506,53,湘南NC,2,3,200,3,13209,町田市,NULL,NULL,架管名称366 起点住所,架管名称366 終点住所
20059016,架管名称161,1223822,-2675953,53,湘南NC,3,3,500,3,13209,町田市,NULL,NULL,架管名称161 起点住所,架管名称161 終点住所
20059017,架管名称206,1199373,-2670321,53,湘南NC,0,4,300,3,13209,町田市,NULL,NULL,架管名称206 起点住所,架管名称206 終点住所
20059018,架管名称47,1211842,-2732486,53,湘南NC,0,3,200,3,13209,町田市,NULL,NULL,架管名称47 起点住所,架管名称47 終点住所
20059019,架管名称115,1155871,-2671261,53,湘南NC,3,1,200,3,13209,町田市,NULL,NULL,架管名称115 起点住所,架管名称115 終点住所
20059020,架管名称436,1180360,-2665812,53,湘南NC,0,1,200,2,13209,町田市,NULL,NULL,架管名称436 起点住所,架管名称436 終点住所
20059021,架管名称332,1176523,-2720153,53,湘南NC,3,3,150,2,13209,町田市,NULL,NULL,架管名称332 起点住所,架管名称332 終点住所
20059022,架管名称351,1164027,-2671294,53,湘南NC,3,4,150,3,13209,町田市,NULL,NULL,架管名称351 起点住所,架管名称351 終点住所
20059024,架管名称259,1082588,-2646522,53,湘南NC,1,4,500,2,13209,町田市,NULL,NULL,架管名称259 起点住所,架管名称259 終点住所
20151003,架管名称241,1251137,-2931175,53,湘南NC,1,1,300,3,14204,鎌倉市,NULL,NULL,架管名称241 起点住所,架管名称241 終点住所
20151005,架管名称428,1294679,-2963465,53,湘南NC,0,4,300,2,14204,鎌倉市,NULL,NULL,架管名称428 起点住所,架管名称428 終点住所
20151006,架管名称418,1233815,-2947759,53,湘南NC,0,4,300,3,14204,鎌倉市,NULL,NULL,架管名称418 起点住所,架管名称418 終点住所
20151007,架管名称302,1235640,-2945547,53,湘南NC,1,4,150,3,14204,鎌倉市,NULL,NULL,架管名称302 起点住所,架管名称302 終点住所
20151008,架管名称259,1258427,-2924541,53,湘南NC,2,4,300,2,14204,鎌倉市,NULL,NULL,架管名称259 起点住所,架管名称259 終点住所
20153002,架管名称389,1189535,-2877722,53,湘南NC,0,2,300,3,14205,藤沢市,NULL,NULL,架管名称389 起点住所,架管名称389 終点住所
20153004,架管名称164,1221100,-2944390,53,湘南NC,1,2,300,3,14205,藤沢市,NULL,NULL,架管名称164 起点住所,架管名称164 終点住所
20153005,架管名称155,1192223,-2887715,53,湘南NC,1,2,150,3,14205,藤沢市,NULL,NULL,架管名称155 起点住所,架管名称155 終点住所
20153007,架管名称282,1185826,-2897675,53,湘南NC,0,3,400,3,14205,藤沢市,NULL,NULL,架管名称282 起点住所,架管名称282 終点住所
20153011,架管名称445,1191980,-2953161,53,湘南NC,2,4,300,3,14205,藤沢市,NULL,NULL,架管名称445 起点住所,架管名称445 終点住所
20153012,架管名称380,1214711,-2952133,53,湘南NC,2,2,300,3,14205,藤沢市,NULL,NULL,架管名称380 起点住所,架管名称380 終点住所
20153013,架管名称63,1164067,-2886497,53,湘南NC,3,1,200,3,14205,藤沢市,NULL,NULL,架管名称63 起点住所,架管名称63 終点住所
20153014,架管名称174,1186743,-2895459,53,湘南NC,3,3,400,2,14205,藤沢市,NULL,NULL,架管名称174 起点住所,架管名称174 終点住所
20153015,架管名称180,1183075,-2904320,53,湘南NC,0,4,300,2,14205,藤沢市,NULL,NULL,架管名称180 起点住所,架管名称180 終点住所
20153017,架管名称376,1204964,-2881106,53,湘南NC,0,3,400,2,14205,藤沢市,NULL,NULL,架管名称376 起点住所,架管名称376 終点住所
20154003,架管名称341,1134902,-2908561,53,湘南NC,1,1,300,2,NULL,NULL,NULL,NULL,架管名称341 起点住所,架管名称341 終点住所
20154004,架管名称79,1122027,-2942892,53,湘南NC,3,4,150,3,NULL,NULL,NULL,NULL,架管名称79 起点住所,架管名称79 終点住所
20155001,架管名称368,1327353,-2989055,53,湘南NC,2,4,200,3,14208,逗子市,NULL,NULL,架管名称368 起点住所,架管名称368 終点住所
20155002,架管名称104,1316442,-2987921,53,湘南NC,1,2,100,3,14208,逗子市,NULL,NULL,架管名称104 起点住所,架管名称104 終点住所
20155004,架管名称416,1306442,-2986788,53,湘南NC,3,1,300,2,14208,逗子市,NULL,NULL,架管名称416 起点住所,架管名称416 終点住所
20155005,架管名称268,1311898,-2986802,53,湘南NC,1,3,200,3,14208,逗子市,NULL,NULL,架管名称268 起点住所,架管名称268 終点住所
20156001,架管名称91,1056570,-2944793,53,湘南NC,2,1,300,3,14203,平塚市,NULL,NULL,架管名称91 起点住所,架管名称91 終点住所
20156002,架管名称151,1032985,-2935793,53,湘南NC,1,4,300,3,14203,平塚市,NULL,NULL,架管名称151 起点住所,架管名称151 終点住所
20156003,架管名称482,1010287,-2931229,53,湘南NC,3,4,300,2,14203,平塚市,NULL,NULL,架管名称482 起点住所,架管名称482 終点住所
20156005,架管名称454,1099413,-2919493,53,湘南NC,0,4,100,2,14203,平塚市,NULL,NULL,架管名称454 起点住所,架管名称454 終点住所
20156007,架管名称326,1007573,-2928995,53,湘南NC,1,4,400,3,14203,平塚市,NULL,NULL,架管名称326 起点住所,架管名称326 終点住所
20156008,架管名称268,1056553,-2948121,53,湘南NC,1,2,150,2,14203,平塚市,NULL,NULL,架管名称268 起点住所,架管名称268 終点住所
20156009,架管名称359,1101999,-2949455,53,湘南NC,2,3,300,2,14203,平塚市,NULL,NULL,架管名称359 起点住所,架管名称359 終点住所
20156014,架管名称492,1090444,-2895046,53,湘南NC,1,4,300,3,14203,平塚市,NULL,NULL,架管名称492 起点住所,架管名称492 終点住所
20156015,架管名称382,1106760,-2902888,53,湘南NC,2,4,400,2,14203,平塚市,NULL,NULL,架管名称382 起点住所,架管名称382 終点住所
20156016,架管名称435,1085885,-2898351,53,湘南NC,0,2,400,3,14203,平塚市,NULL,NULL,架管名称435 起点住所,架管名称435 終点住所
20156017,架管名称29,1104959,-2899552,53,湘南NC,2,4,150,2,14203,平塚市,NULL,NULL,架管名称29 起点住所,架管名称29 終点住所
20156018,架管名称338,1013929,-2930141,53,湘南NC,1,3,300,3,14203,平塚市,NULL,NULL,架管名称338 起点住所,架管名称338 終点住所
20156019,架管名称102,1013954,-2925704,53,湘南NC,2,1,400,3,14203,平塚市,NULL,NULL,架管名称102 起点住所,架管名称102 終点住所
20156020,架管名称497,998440,-2936707,53,湘南NC,2,4,300,3,14203,平塚市,NULL,NULL,架管名称497 起点住所,架管名称497 終点住所
20156021,架管名称177,1049503,-2905931,53,湘南NC,3,4,400,2,14203,平塚市,NULL,NULL,架管名称177 起点住所,架管名称177 終点住所
20156022,架管名称396,1083067,-2917195,53,湘南NC,0,3,500,2,14203,平塚市,NULL,NULL,架管名称396 起点住所,架管名称396 終点住所
20156023,架管名称447,1075803,-2916050,53,湘南NC,0,4,500,3,14203,平塚市,NULL,NULL,架管名称447 起点住所,架管名称447 終点住所
20156026,架管名称48,1001186,-2933395,53,湘南NC,1,1,300,3,14203,平塚市,NULL,NULL,架管名称48 起点住所,架管名称48 終点住所
20156027,架管名称397,1062047,-2940385,53,湘南NC,2,1,300,2,14203,平塚市,NULL,NULL,架管名称397 起点住所,架管名称397 終点住所
20156028,架管名称343,1062956,-2940389,53,湘南NC,2,2,300,3,14203,平塚市,NULL,NULL,架管名称343 起点住所,架管名称343 終点住所
20157003,架管名称21,1143754,-2749971,53,湘南NC,1,2,200,2,14209,相模原市,NULL,NULL,架管名称21 起点住所,架管名称21 終点住所
20157004,架管名称77,1171021,-2735662,53,湘南NC,0,4,150,2,14209,相模原市,NULL,NULL,架管名称77 起点住所,架管名称77 終点住所
20157005,架管名称322,1171065,-2724569,53,湘南NC,1,2,200,3,14209,相模原市,NULL,NULL,架管名称322 起点住所,架管名称322 終点住所
20157007,架管名称379,1186451,-2732394,53,湘南NC,0,2,200,2,14209,相模原市,NULL,NULL,架管名称379 起点住所,架管名称379 終点住所
20157008,架管名称428,1079682,-2684225,53,湘南NC,1,1,150,3,14209,相模原市,NULL,NULL,架管名称428 起点住所,架管名称428 終点住所
20158001,架管名称2,1192687,-2762368,53,湘南NC,1,4,200,3,14213,大和市,NULL,NULL,架管名称2 起点住所,架管名称2 終点住所
20158002,架管名称225,1189717,-2828914,53,湘南NC,3,1,150,3,14213,大和市,NULL,NULL,架管名称225 起点住所,架管名称225 終点住所
20158003,架管名称120,1190650,-2822262,53,湘南NC,1,1,500,3,14213,大和市,NULL,NULL,架管名称120 起点住所,架管名称120 終点住所
20158004,架管名称422,1186157,-2810043,53,湘南NC,0,2,500,3,14213,大和市,NULL,NULL,架管名称422 起点住所,架管名称422 終点住所
20158005,架管名称251,1178819,-2829982,53,湘南NC,2,2,500,3,14213,大和市,NULL,NULL,架管名称251 起点住所,架管名称251 終点住所
20158008,架管名称488,1185241,-2812258,53,湘南NC,2,3,100,3,14213,大和市,NULL,NULL,架管名称488 起点住所,架管名称488 終点住所
20158009,架管名称187,1189742,-2822258,53,湘南NC,1,2,500,3,14213,大和市,NULL,NULL,架管名称187 起点住所,架管名称187 終点住所
20158010,架管名称471,1193586,-2764590,53,湘南NC,1,3,200,3,14213,大和市,NULL,NULL,架管名称471 起点住所,架管名称471 終点住所
20158011,架管名称291,1193574,-2767918,53,湘南NC,2,4,150,3,14213,大和市,NULL,NULL,架管名称291 起点住所,架管名称291 終点住所
20158012,架管名称44,1186956,-2838887,53,湘南NC,0,3,150,3,14213,大和市,NULL,NULL,架管名称44 起点住所,架管名称44 終点住所
20159003,架管名称347,1114867,-2918455,53,湘南NC,3,3,150,2,NULL,NULL,NULL,NULL,架管名称347 起点住所,架管名称347 終点住所
20159004,架管名称100,1117713,-2891845,53,湘南NC,3,4,300,3,NULL,NULL,NULL,NULL,架管名称100 起点住所,架管名称100 終点住所
20159006,架管名称459,1112201,-2905132,53,湘南NC,2,4,400,2,NULL,NULL,NULL,NULL,架管名称459 起点住所,架管名称459 終点住所
20159007,架管名称493,1103931,-2925060,53,湘南NC,1,4,300,2,NULL,NULL,NULL,NULL,架管名称493 起点住所,架管名称493 終点住所
20159008,架管名称90,1115851,-2901820,53,湘南NC,1,1,100,2,NULL,NULL,NULL,NULL,架管名称90 起点住所,架管名称90 終点住所
20160001,架管名称469,1153570,-2788837,53,湘南NC,2,2,500,3,14216,座間市,NULL,NULL,架管名称469 起点住所,架管名称469 終点住所
20160002,架管名称75,1129095,-2783186,53,湘南NC,2,3,150,2,14216,座間市,NULL,NULL,架管名称75 起点住所,架管名称75 終点住所
20162001,架管名称466,1144458,-2797673,53,湘南NC,2,3,200,3,14215,海老名市,NULL,NULL,架管名称466 起点住所,架管名称466 終点住所
20162004,架管名称108,1119791,-2834172,53,湘南NC,0,2,150,2,14215,海老名市,NULL,NULL,架管名称108 起点住所,架管名称108 終点住所
20162005,架管名称138,1119791,-2834172,53,湘南NC,0,4,150,2,14215,海老名市,NULL,NULL,架管名称138 起点住所,架管名称138 終点住所
20162006,架管名称365,1141712,-2803208,53,湘南NC,2,2,300,3,14215,海老名市,NULL,NULL,架管名称365 起点住所,架管名称365 終点住所
20162007,架管名称413,1116911,-2868547,53,湘南NC,3,1,300,3,14215,海老名市,NULL,NULL,架管名称413 起点住所,架管名称413 終点住所
20162008,架管名称467,1118873,-2836386,53,湘南NC,0,3,300,2,14215,海老名市,NULL,NULL,架管名称467 起点住所,架管名称467 終点住所
20162009,架管名称96,1127172,-2807582,53,湘南NC,2,4,100,2,14215,海老名市,NULL,NULL,架管名称96 起点住所,架管名称96 終点住所
20162010,架管名称79,1137011,-2840904,53,湘南NC,3,1,150,3,14215,海老名市,NULL,NULL,架管名称79 起点住所,架管名称79 終点住所
20162011,架管名称107,1121776,-2796465,53,湘南NC,2,1,100,3,14215,海老名市,NULL,NULL,架管名称107 起点住所,架管名称107 終点住所
20162012,架管名称298,1120873,-2795352,53,湘南NC,3,3,100,3,14215,海老名市,NULL,NULL,架管名称298 起点住所,架管名称298 終点住所
20163001,架管名称166,1150653,-2835415,53,湘南NC,3,3,300,2,14218,綾瀬市,NULL,NULL,架管名称166 起点住所,架管名称166 終点住所
20163002,架管名称436,1173294,-2849928,53,湘南NC,2,4,300,2,14218,綾瀬市,NULL,NULL,架管名称436 起点住所,架管名称436 終点住所
20163004,架管名称181,1178703,-2859932,53,湘南NC,2,1,300,2,14218,綾瀬市,NULL,NULL,架管名称181 起点住所,架管名称181 終点住所
20163005,架管名称99,1143433,-2825401,53,湘南NC,3,2,100,2,14218,綾瀬市,NULL,NULL,架管名称99 起点住所,架管名称99 終点住所
20163006,架管名称452,1165135,-2846567,53,湘南NC,3,4,300,2,14218,綾瀬市,NULL,NULL,架管名称452 起点住所,架管名称452 終点住所
20163007,架管名称461,1176087,-2832190,53,湘南NC,3,2,500,2,14218,綾瀬市,NULL,NULL,架管名称461 起点住所,架管名称461 終点住所
20163008,架管名称450,1165153,-2842130,53,湘南NC,2,4,500,2,14218,綾瀬市,NULL,NULL,架管名称450 起点住所,架管名称450 終点住所
20163011,架管名称364,1184152,-2859953,53,湘南NC,1,2,150,3,14218,綾瀬市,NULL,NULL,架管名称364 起点住所,架管名称364 終点住所
20163014,架管名称468,1176001,-2854375,53,湘南NC,0,4,300,2,14218,綾瀬市,NULL,NULL,架管名称468 起点住所,架管名称468 終点住所
20165001,架管名称251,1296388,-3006730,53,湘南NC,1,2,300,2,NULL,NULL,NULL,NULL,架管名称251 起点住所,架管名称251 終点住所
20165003,架管名称351,1336375,-3023461,53,湘南NC,1,2,300,3,NULL,NULL,NULL,NULL,架管名称351 起点住所,架管名称351 終点住所
20165004,架管名称500,1300889,-3025598,53,湘南NC,0,1,100,3,NULL,NULL,NULL,NULL,架管名称500 起点住所,架管名称500 終点住所
20165005,架管名称447,1329104,-3020118,53,湘南NC,0,2,300,3,NULL,NULL,NULL,NULL,架管名称447 起点住所,架管名称447 終点住所
20165006,架管名称233,1324556,-3020108,53,湘南NC,2,3,300,3,NULL,NULL,NULL,NULL,架管名称233 起点住所,架管名称233 終点住所
20165008,架管名称326,1320002,-3022316,53,湘南NC,2,1,150,3,NULL,NULL,NULL,NULL,架管名称326 起点住所,架管名称326 終点住所
20165009,架管名称429,1323639,-3023433,53,湘南NC,1,4,150,3,NULL,NULL,NULL,NULL,架管名称429 起点住所,架管名称429 終点住所
20165010,架管名称165,1320899,-3027864,53,湘南NC,3,2,150,3,NULL,NULL,NULL,NULL,架管名称165 起点住所,架管名称165 終点住所
20165011,架管名称37,1343651,-3024585,53,湘南NC,3,1,300,3,NULL,NULL,NULL,NULL,架管名称37 起点住所,架管名称37 終点住所
20168001,架管名称193,949323,-2941953,53,湘南NC,0,4,400,3,NULL,NULL,NULL,NULL,架管名称193 起点住所,架管名称193 終点住所
20168002,架管名称350,950239,-2940850,53,湘南NC,2,4,400,2,NULL,NULL,NULL,NULL,架管名称350 起点住所,架管名称350 終点住所
20168003,架管名称172,967461,-2948723,53,湘南NC,2,1,400,3,NULL,NULL,NULL,NULL,架管名称172 起点住所,架管名称172 終点住所
20168004,架管名称308,972047,-2942095,53,湘南NC,0,2,400,2,NULL,NULL,NULL,NULL,架管名称308 起点住所,架管名称308 終点住所
20173001,架管名称23,882904,-2950378,53,湘南NC,1,2,400,2,NULL,NULL,NULL,NULL,架管名称23 起点住所,架管名称23 終点住所
20174001,架管名称192,880991,-2963677,53,湘南NC,1,4,300,2,14217,南足柄市,NULL,NULL,架管名称192 起点住所,架管名称192 終点住所
20174002,架管名称392,873685,-2968061,53,湘南NC,0,2,300,3,14217,南足柄市,NULL,NULL,架管名称392 起点住所,架管名称392 終点住所
20174003,架管名称382,860226,-2943558,53,湘南NC,3,1,300,2,14217,南足柄市,NULL,NULL,架管名称382 起点住所,架管名称382 終点住所
20175001,架管名称232,892026,-2946006,53,湘南NC,0,3,400,3,NULL,NULL,NULL,NULL,架管名称232 起点住所,架管名称232 終点住所
20175002,架管名称16,895670,-2944922,53,湘南NC,1,3,400,3,NULL,NULL,NULL,NULL,架管名称16 起点住所,架管名称16 終点住所
30059001,架管名称381,1181151,-2695766,53,湘南NC,2,1,200,2,13209,町田市,NULL,NULL,架管名称381 起点住所,架管名称381 終点住所
30059002,架管名称356,1181151,-2695766,53,湘南NC,2,2,200,2,13209,町田市,NULL,NULL,架管名称356 起点住所,架管名称356 終点住所
30059003,架管名称139,1191958,-2714666,53,湘南NC,1,3,100,3,13209,町田市,NULL,NULL,架管名称139 起点住所,架管名称139 終点住所
30059004,架管名称127,1180253,-2693544,53,湘南NC,3,1,150,3,13209,町田市,NULL,NULL,架管名称127 起点住所,架管名称127 終点住所
30059005,架管名称217,1209153,-2723602,53,湘南NC,2,2,200,3,13209,町田市,NULL,NULL,架管名称217 起点住所,架管名称217 終点住所
30059006,架管名称201,1041886,-2634108,53,湘南NC,1,3,150,3,13209,町田市,NULL,NULL,架管名称201 起点住所,架管名称201 終点住所
30059007,架管名称356,1210056,-2724715,53,湘南NC,3,1,200,3,13209,町田市,NULL,NULL,架管名称356 起点住所,架管名称356 終点住所
30059008,架管名称176,1186564,-2702443,53,湘南NC,2,1,150,2,13209,町田市,NULL,NULL,架管名称176 起点住所,架管名称176 終点住所
30059009,架管名称313,1189275,-2704672,53,湘南NC,3,2,200,3,13209,町田市,NULL,NULL,架管名称313 起点住所,架管名称313 終点住所
30151001,架管名称34,1258427,-2924541,53,湘南NC,1,3,200,3,14204,鎌倉市,NULL,NULL,架管名称34 起点住所,架管名称34 終点住所
30151002,架管名称233,1272850,-2966734,53,湘南NC,3,3,200,2,14204,鎌倉市,NULL,NULL,架管名称233 起点住所,架管名称233 終点住所
30151003,架管名称60,1239255,-2952214,53,湘南NC,0,4,150,3,14204,鎌倉市,NULL,NULL,架管名称60 起点住所,架管名称60 終点住所
30151004,架管名称102,1240168,-2951107,53,湘南NC,1,2,150,2,14204,鎌倉市,NULL,NULL,架管名称102 起点住所,架管名称102 終点住所
30151005,架管名称328,1270113,-2970054,53,湘南NC,3,2,150,3,14204,鎌倉市,NULL,NULL,架管名称328 起点住所,架管名称328 終点住所
30151006,架管名称334,1258385,-2938961,53,湘南NC,1,2,100,3,14204,鎌倉市,NULL,NULL,架管名称334 起点住所,架管名称334 終点住所
30151007,架管名称184,1270182,-2945651,53,湘南NC,0,2,150,3,14204,鎌倉市,NULL,NULL,架管名称184 起点住所,架管名称184 終点住所
30151008,架管名称420,1228303,-2965489,53,湘南NC,1,4,150,2,14204,鎌倉市,NULL,NULL,架管名称420 起点住所,架管名称420 終点住所
30151009,架管名称45,1229219,-2963274,53,湘南NC,0,3,150,2,14204,鎌倉市,NULL,NULL,架管名称45 起点住所,架管名称45 終点住所
30151014,架管名称464,1222829,-2971018,53,湘南NC,1,1,150,3,14204,鎌倉市,NULL,NULL,架管名称464 起点住所,架管名称464 終点住所
30151016,架管名称184,1240168,-2951107,53,湘南NC,1,4,200,2,14204,鎌倉市,NULL,NULL,架管名称184 起点住所,架管名称184 終点住所
30151017,架管名称28,1230136,-2961058,53,湘南NC,2,1,150,2,14204,鎌倉市,NULL,NULL,架管名称28 起点住所,架管名称28 終点住所
30151021,架管名称88,1233815,-2947759,53,湘南NC,3,1,200,3,14204,鎌倉市,NULL,NULL,架管名称88 起点住所,架管名称88 終点住所
30151022,架管名称357,1238382,-2941119,53,湘南NC,1,4,200,2,14204,鎌倉市,NULL,NULL,架管名称357 起点住所,架管名称357 終点住所
30151023,架管名称18,1235633,-2947765,53,湘南NC,1,4,100,3,14204,鎌倉市,NULL,NULL,架管名称18 起点住所,架管名称18 終点住所
30151024,架管名称19,1275565,-2971179,53,湘南NC,3,4,200,2,14204,鎌倉市,NULL,NULL,架管名称19 起点住所,架管名称19 終点住所
30151026,架管名称41,1264734,-2943417,53,湘南NC,1,3,200,2,14204,鎌倉市,NULL,NULL,架管名称41 起点住所,架管名称41 終点住所
30153001,架管名称147,1219286,-2943274,53,湘南NC,0,1,200,2,14205,藤沢市,NULL,NULL,架管名称147 起点住所,架管名称147 終点住所
30153002,架管名称113,1195747,-2917678,53,湘南NC,1,4,300,3,14205,藤沢市,NULL,NULL,架管名称113 起点住所,架管名称113 終点住所
30153003,架管名称123,1180401,-2890998,53,湘南NC,0,1,150,2,14205,藤沢市,NULL,NULL,架管名称123 起点住所,架管名称123 終点住所
30153004,架管名称277,1190129,-2962028,53,湘南NC,0,2,150,3,14205,藤沢市,NULL,NULL,架管名称277 起点住所,架管名称277 終点住所
30153005,架管名称13,1204790,-2929913,53,湘南NC,2,2,200,3,14205,藤沢市,NULL,NULL,架管名称13 起点住所,架管名称13 終点住所
30153008,架管名称236,1218389,-2939943,53,湘南NC,3,1,200,2,14205,藤沢市,NULL,NULL,架管名称236 起点住所,架管名称236 終点住所
30153009,架管名称138,1217499,-2934394,53,湘南NC,2,2,150,3,14205,藤沢市,NULL,NULL,架管名称138 起点住所,架管名称138 終点住所
30153010,架管名称482,1213855,-2936600,53,湘南NC,3,4,200,3,14205,藤沢市,NULL,NULL,架管名称482 起点住所,架管名称482 終点住所
30153011,架管名称496,1196558,-2944303,53,湘南NC,0,1,200,3,14205,藤沢市,NULL,NULL,架管名称496 起点住所,架管名称496 終点住所
30153014,架管名称35,1214711,-2952133,53,湘南NC,3,4,200,3,14205,藤沢市,NULL,NULL,架管名称35 起点住所,架管名称35 終点住所
30153015,架管名称185,1193852,-2938747,53,湘南NC,0,1,200,2,14205,藤沢市,NULL,NULL,架管名称185 起点住所,架管名称185 終点住所
30154001,架管名称319,1132915,-2947377,53,湘南NC,0,4,200,3,NULL,NULL,NULL,NULL,架管名称319 起点住所,架管名称319 終点住所
30154003,架管名称38,1128351,-2951794,53,湘南NC,0,4,100,2,NULL,NULL,NULL,NULL,架管名称38 起点住所,架管名称38 終点住所
30154005,架管名称234,1119275,-2948426,53,湘南NC,2,3,300,3,NULL,NULL,NULL,NULL,架管名称234 起点住所,架管名称234 終点住所
30154006,架管名称55,1124715,-2951778,53,湘南NC,1,1,300,3,NULL,NULL,NULL,NULL,架管名称55 起点住所,架管名称55 終点住所
30154007,架管名称72,1142919,-2946310,53,湘南NC,1,4,300,2,NULL,NULL,NULL,NULL,架管名称72 起点住所,架管名称72 終点住所
30154009,架管名称195,1135666,-2941842,53,湘南NC,0,4,100,2,NULL,NULL,NULL,NULL,架管名称195 起点住所,架管名称195 終点住所
30154010,架管名称260,1112912,-2948397,53,湘南NC,0,1,200,3,NULL,NULL,NULL,NULL,架管名称260 起点住所,架管名称260 終点住所
30154011,架管名称213,1120169,-2951757,53,湘南NC,0,1,150,3,NULL,NULL,NULL,NULL,架管名称213 起点住所,架管名称213 終点住所
30155001,架管名称285,1281909,-2978961,53,湘南NC,1,3,100,2,14208,逗子市,NULL,NULL,架管名称285 起点住所,架管名称285 終点住所
30155002,架管名称285,1306450,-2983461,53,湘南NC,1,2,200,2,14208,逗子市,NULL,NULL,架管名称285 起点住所,架管名称285 終点住所
30155004,架管名称72,1292786,-2992301,53,湘南NC,3,2,200,2,14208,逗子市,NULL,NULL,架管名称72 起点住所,架管名称72 終点住所
30155005,架管名称1,1314655,-2974606,53,湘南NC,2,1,200,2,14208,逗子市,NULL,NULL,架管名称1 起点住所,架管名称1 終点住所
30155006,架管名称291,1298246,-2991205,53,湘南NC,2,2,150,3,14208,逗子市,NULL,NULL,架管名称291 起点住所,架管名称291 終点住所
30156001,架管名称451,1069189,-2965934,53,湘南NC,2,3,200,3,14203,平塚市,NULL,NULL,架管名称451 起点住所,架管名称451 終点住所
30156002,架管名称380,1084024,-2907216,53,湘南NC,2,3,200,2,14203,平塚市,NULL,NULL,架管名称380 起点住所,架管名称380 終点住所
30156003,架管名称47,1085815,-2912772,53,湘南NC,3,3,250,2,14203,平塚市,NULL,NULL,架管名称47 起点住所,架管名称47 終点住所
30156004,架管名称94,1082158,-2917191,53,湘南NC,3,4,150,2,14203,平塚市,NULL,NULL,架管名称94 起点住所,架管名称94 終点住所
30156005,架管名称328,1081249,-2917186,53,湘南NC,2,4,150,3,14203,平塚市,NULL,NULL,架管名称328 起点住所,架管名称328 終点住所
30156009,架管名称357,1101999,-2949455,53,湘南NC,2,2,300,2,14203,平塚市,NULL,NULL,架管名称357 起点住所,架管名称357 終点住所
30156010,架管名称302,1066518,-2954828,53,湘南NC,0,2,150,3,14203,平塚市,NULL,NULL,架管名称302 起点住所,架管名称302 終点住所
30157001,架管名称438,1088691,-2695363,53,湘南NC,1,3,150,3,14209,相模原市,NULL,NULL,架管名称438 起点住所,架管名称438 終点住所
30157002,架管名称285,1096850,-2695402,53,湘南NC,3,1,150,3,14209,相模原市,NULL,NULL,架管名称285 起点住所,架管名称285 終点住所
30157004,架管名称110,1076079,-2679770,53,湘南NC,1,1,150,3,14209,相模原市,NULL,NULL,架管名称110 起点住所,架管名称110 終点住所
30157005,架管名称192,1101508,-2668801,53,湘南NC,1,2,300,2,14209,相模原市,NULL,NULL,架管名称192 起点住所,架管名称192 終点住所
30157006,架管名称131,1091395,-2698704,53,湘南NC,3,3,150,3,14209,相模原市,NULL,NULL,架管名称131 起点住所,架管名称131 終点住所
30157007,架管名称80,1061636,-2668603,53,湘南NC,2,2,200,3,14209,相模原市,NULL,NULL,架管名称80 起点住所,架管名称80 終点住所
30157008,架管名称6,1113940,-2724325,53,湘南NC,3,1,150,3,14209,相模原市,NULL,NULL,架管名称6 起点住所,架管名称6 終点住所
30157009,架管名称291,1114821,-2729875,53,湘南NC,2,1,150,3,14209,相模原市,NULL,NULL,架管名称291 起点住所,架管名称291 終点住所
30157010,架管名称434,1119315,-2738770,53,湘南NC,3,4,150,2,14209,相模原市,NULL,NULL,架管名称434 起点住所,架管名称434 終点住所
30158001,架管名称297,1186157,-2810043,53,湘南NC,3,3,100,3,14213,大和市,NULL,NULL,架管名称297 起点住所,架管名称297 終点住所
30158004,架管名称183,1200559,-2843375,53,湘南NC,2,3,150,3,14213,大和市,NULL,NULL,架管名称183 起点住所,架管名称183 終点住所
30158005,架管名称23,1187040,-2816702,53,湘南NC,0,4,150,2,14213,大和市,NULL,NULL,架管名称23 起点住所,架管名称23 終点住所
30159002,架管名称67,1115775,-2918459,53,湘南NC,3,4,150,2,NULL,NULL,NULL,NULL,架管名称67 起点住所,架管名称67 終点住所
30159003,架管名称266,1117708,-2892955,53,湘南NC,2,3,200,3,NULL,NULL,NULL,NULL,架管名称266 起点住所,架管名称266 終点住所
30159004,架管名称129,1114872,-2917346,53,湘南NC,1,3,100,3,NULL,NULL,NULL,NULL,架管名称129 起点住所,架管名称129 終点住所
30162002,架管名称346,1128933,-2819792,53,湘南NC,1,4,150,2,14215,海老名市,NULL,NULL,架管名称346 起点住所,架管名称346 終点住所
20611001,架管名称342,1810711,-2283300,23,常総支社,2,1,200,2,NULL,NULL,NULL,NULL,架管名称342 起点住所,架管名称342 終点住所
20611002,架管名称170,1793589,-2290010,23,常総支社,2,1,200,2,NULL,NULL,NULL,NULL,架管名称170 起点住所,架管名称170 終点住所
20611003,架管名称326,1798107,-2292215,23,常総支社,2,2,150,3,NULL,NULL,NULL,NULL,架管名称326 起点住所,架管名称326 終点住所
20611004,架管名称120,1852343,-2317546,23,常総支社,1,1,200,3,NULL,NULL,NULL,NULL,架管名称120 起点住所,架管名称120 終点住所
20611005,架管名称119,1798979,-2282228,23,常総支社,1,1,150,3,NULL,NULL,NULL,NULL,架管名称119 起点住所,架管名称119 終点住所
20612001,架管名称235,1824011,-2214475,23,常総支社,0,1,150,3,8219,牛久市,NULL,NULL,架管名称235 起点住所,架管名称235 終点住所
20612002,架管名称317,1905405,-2272958,23,常総支社,0,3,200,2,8219,牛久市,NULL,NULL,架管名称317 起点住所,架管名称317 終点住所
20612003,架管名称381,1827682,-2233322,23,常総支社,2,3,300,3,8219,牛久市,NULL,NULL,架管名称381 起点住所,架管名称381 終点住所
20613001,架管名称452,1783455,-2219041,23,常総支社,3,1,150,3,8220,つくば市,NULL,NULL,架管名称452 起点住所,架管名称452 終点住所
20613002,架管名称117,1804107,-2192353,23,常総支社,3,2,300,3,8220,つくば市,NULL,NULL,架管名称117 起点住所,架管名称117 終点住所
20614001,架管名称228,1792683,-2288904,23,常総支社,2,4,200,2,8217,取手市,NULL,NULL,架管名称228 起点住所,架管名称228 終点住所
20614002,架管名称288,1780960,-2291157,23,常総支社,1,2,300,2,8217,取手市,NULL,NULL,架管名称288 起点住所,架管名称288 終点住所
20618001,架管名称257,1842972,-2222174,23,常総支社,0,2,300,2,NULL,NULL,NULL,NULL,架管名称257 起点住所,架管名称257 終点住所
20618002,架管名称418,1879903,-2213158,23,常総支社,0,3,300,3,NULL,NULL,NULL,NULL,架管名称418 起点住所,架管名称418 終点住所
30612001,架管名称319,1797040,-2238969,23,常総支社,1,2,100,3,8219,牛久市,NULL,NULL,架管名称319 起点住所,架管名称319 終点住所
30612002,架管名称343,1798841,-2237854,23,常総支社,2,2,100,2,8219,牛久市,NULL,NULL,架管名称343 起点住所,架管名称343 終点住所
30601003,架管名称255,2267907,-1515057,89,日立支社,1,2,100,2,8202,日立市,NULL,NULL,架管名称255 起点住所,架管名称255 終点住所
30601004,架管名称248,2260028,-1535097,89,日立支社,1,3,100,3,8202,日立市,NULL,NULL,架管名称248 起点住所,架管名称248 終点住所
30601005,架管名称474,2245062,-1564073,89,日立支社,3,3,200,3,8202,日立市,NULL,NULL,架管名称474 起点住所,架管名称474 終点住所
30601007,架管名称123,2246013,-1570723,89,日立支社,2,3,200,2,8202,日立市,NULL,NULL,架管名称123 起点住所,架管名称123 終点住所
30601009,架管名称195,2237146,-1580783,89,日立支社,3,3,150,2,8202,日立市,NULL,NULL,架管名称195 起点住所,架管名称195 終点住所
30601010,架管名称106,2244427,-1595147,89,日立支社,2,4,150,3,8202,日立市,NULL,NULL,架管名称106 起点住所,架管名称106 終点住所
30601011,架管名称443,2248959,-1601766,89,日立支社,3,2,150,3,8202,日立市,NULL,NULL,架管名称443 起点住所,架管名称443 終点住所
30601012,架管名称397,2229181,-1591944,89,日立支社,1,2,100,2,8202,日立市,NULL,NULL,架管名称397 起点住所,架管名称397 終点住所
30601013,架管名称158,2227355,-1587521,89,日立支社,2,1,150,2,8202,日立市,NULL,NULL,架管名称158 起点住所,架管名称158 終点住所
30601014,架管名称95,2230176,-1604141,89,日立支社,1,2,150,3,8202,日立市,NULL,NULL,架管名称95 起点住所,架管名称95 終点住所
30601016,架管名称500,2243754,-1621782,89,日立支社,3,3,150,2,8202,日立市,NULL,NULL,架管名称500 起点住所,架管名称500 終点住所
30601017,架管名称215,2230285,-1617455,89,日立支社,3,4,150,3,8202,日立市,NULL,NULL,架管名称215 起点住所,架管名称215 終点住所
20401001,架管名称76,798489,-1834751,88,群馬支社,1,4,300,3,10202,高崎市,NULL,NULL,架管名称76 起点住所,架管名称76 終点住所
20401002,架管名称235,799516,-1819226,88,群馬支社,3,4,300,3,10202,高崎市,NULL,NULL,架管名称235 起点住所,架管名称235 終点住所
20401003,架管名称445,801339,-1815912,88,群馬支社,0,4,300,3,10202,高崎市,NULL,NULL,架管名称445 起点住所,架管名称445 終点住所
20401004,架管名称22,802255,-1813701,88,群馬支社,0,3,300,3,10202,高崎市,NULL,NULL,架管名称22 起点住所,架管名称22 終点住所
20401005,架管名称271,802246,-1814810,88,群馬支社,0,2,300,3,10202,高崎市,NULL,NULL,架管名称271 起点住所,架管名称271 終点住所
20401006,架管名称291,802255,-1813701,88,群馬支社,2,2,150,2,10202,高崎市,NULL,NULL,架管名称291 起点住所,架管名称291 終点住所
20401007,架管名称139,801367,-1812584,88,群馬支社,1,4,150,3,10202,高崎市,NULL,NULL,架管名称139 起点住所,架管名称139 終点住所
20401008,架管名称324,739482,-1807608,88,群馬支社,0,3,200,2,10202,高崎市,NULL,NULL,架管名称324 起点住所,架管名称324 終点住所
20402001,架管名称201,857069,-1805264,88,群馬支社,2,1,200,2,10201,前橋市,NULL,NULL,架管名称201 起点住所,架管名称201 終点住所
20402002,架管名称32,825759,-1792813,88,群馬支社,1,1,300,2,10201,前橋市,NULL,NULL,架管名称32 起点住所,架管名称32 終点住所
20402003,架管名称59,816768,-1794959,88,群馬支社,2,1,300,2,10201,前橋市,NULL,NULL,架管名称59 起点住所,架管名称59 終点住所
20402004,架管名称195,814965,-1796053,88,群馬支社,1,4,300,3,10201,前橋市,NULL,NULL,架管名称195 起点住所,架管名称195 終点住所
20402005,架管名称301,841214,-1767417,88,群馬支社,2,4,200,2,10201,前橋市,NULL,NULL,架管名称301 起点住所,架管名称301 終点住所
20402006,架管名称417,836552,-1789570,88,群馬支社,2,1,200,3,10201,前橋市,NULL,NULL,架管名称417 起点住所,架管名称417 終点住所
20406001,架管名称181,735903,-1806465,88,群馬支社,2,1,200,2,NULL,NULL,NULL,NULL,架管名称181 起点住所,架管名称181 終点住所
20406002,架管名称153,736800,-1806474,88,群馬支社,2,2,200,2,NULL,NULL,NULL,NULL,架管名称153 起点住所,架管名称153 終点住所
20406003,架管名称222,710859,-1797357,88,群馬支社,1,4,150,3,NULL,NULL,NULL,NULL,架管名称222 起点住所,架管名称222 終点住所
20406004,架管名称149,707270,-1797324,88,群馬支社,0,4,150,2,NULL,NULL,NULL,NULL,架管名称149 起点住所,架管名称149 終点住所
30401001,架管名称80,759790,-1845514,88,群馬支社,3,1,100,2,10202,高崎市,NULL,NULL,架管名称80 起点住所,架管名称80 終点住所
30401002,架管名称451,759790,-1845514,88,群馬支社,1,1,80,3,10202,高崎市,NULL,NULL,架管名称451 起点住所,架管名称451 終点住所
30401003,架管名称14,794441,-1889084,88,群馬支社,2,4,150,3,10202,高崎市,NULL,NULL,架管名称14 起点住所,架管名称14 終点住所
30401005,架管名称218,846911,-1841800,88,群馬支社,1,3,150,2,10202,高崎市,NULL,NULL,架管名称218 起点住所,架管名称218 終点住所
30401006,架管名称46,830690,-1849438,88,群馬支社,2,4,150,3,10202,高崎市,NULL,NULL,架管名称46 起点住所,架管名称46 終点住所
30401007,架管名称74,811471,-1893663,88,群馬支社,1,3,100,2,10202,高崎市,NULL,NULL,架管名称74 起点住所,架管名称74 終点住所
30401008,架管名称235,786460,-1876812,88,群馬支社,0,4,100,3,10202,高崎市,NULL,NULL,架管名称235 起点住所,架管名称235 終点住所
30401009,架管名称450,786460,-1876812,88,群馬支社,3,3,100,2,10202,高崎市,NULL,NULL,架管名称450 起点住所,架管名称450 終点住所
30401010,架管名称46,781138,-1868999,88,群馬支社,0,1,100,2,10202,高崎市,NULL,NULL,架管名称46 起点住所,架管名称46 終点住所
30401011,架管名称380,779428,-1858999,88,群馬支社,3,3,100,2,10202,高崎市,NULL,NULL,架管名称380 起点住所,架管名称380 終点住所
30401012,架管名称261,781271,-1853467,88,群馬支社,2,4,200,2,10202,高崎市,NULL,NULL,架管名称261 起点住所,架管名称261 終点住所
30402001,架管名称165,815047,-1786068,88,群馬支社,2,3,150,3,10201,前橋市,NULL,NULL,架管名称165 起点住所,架管名称165 終点住所
30402002,架管名称41,816859,-1783864,88,群馬支社,1,2,150,2,10201,前橋市,NULL,NULL,架管名称41 起点住所,架管名称41 終点住所
30402003,架管名称211,825893,-1776171,88,群馬支社,1,3,150,2,10201,前橋市,NULL,NULL,架管名称211 起点住所,架管名称211 終点住所
30402004,架管名称430,826737,-1782835,88,群馬支社,3,1,150,3,10201,前橋市,NULL,NULL,架管名称430 起点住所,架管名称430 終点住所
30402005,架管名称17,825723,-1797250,88,群馬支社,0,1,150,3,10201,前橋市,NULL,NULL,架管名称17 起点住所,架管名称17 終点住所
30402006,架管名称296,829330,-1795060,88,群馬支社,3,4,100,3,10201,前橋市,NULL,NULL,架管名称296 起点住所,架管名称296 終点住所
30402010,架管名称426,832164,-1777331,88,群馬支社,3,3,300,3,10201,前橋市,NULL,NULL,架管名称426 起点住所,架管名称426 終点住所
30402013,架管名称244,853728,-1773062,88,群馬支社,0,2,100,3,10201,前橋市,NULL,NULL,架管名称244 起点住所,架管名称244 終点住所
30402014,架管名称439,857325,-1771980,88,群馬支社,0,3,150,2,10201,前橋市,NULL,NULL,架管名称439 起点住所,架管名称439 終点住所
30402015,架管名称462,840317,-1767410,88,群馬支社,1,1,200,3,10201,前橋市,NULL,NULL,架管名称462 起点住所,架管名称462 終点住所
30402016,架管名称492,832332,-1756251,88,群馬支社,1,3,150,3,10201,前橋市,NULL,NULL,架管名称492 起点住所,架管名称492 終点住所
30402018,架管名称75,829695,-1749572,88,群馬支社,0,1,100,2,10201,前橋市,NULL,NULL,架管名称75 起点住所,架管名称75 終点住所
30402020,架管名称400,848485,-1755269,88,群馬支社,0,2,150,3,10201,前橋市,NULL,NULL,架管名称400 起点住所,架管名称400 終点住所
30402021,架管名称274,848511,-1751941,88,群馬支社,3,3,150,3,10201,前橋市,NULL,NULL,架管名称274 起点住所,架管名称274 終点住所
30402022,架管名称171,851201,-1751962,88,群馬支社,3,3,150,2,10201,前橋市,NULL,NULL,架管名称171 起点住所,架管名称171 終点住所
30402023,架管名称31,856608,-1748675,88,群馬支社,1,4,150,3,10201,前橋市,NULL,NULL,架管名称31 起点住所,架管名称31 終点住所
30402024,架管名称140,862809,-1758708,88,群馬支社,3,1,300,3,10201,前橋市,NULL,NULL,架管名称140 起点住所,架管名称140 終点住所
30402025,架管名称108,862809,-1758708,88,群馬支社,1,3,150,2,10201,前橋市,NULL,NULL,架管名称108 起点住所,架管名称108 終点住所
30402026,架管名称121,871878,-1745463,88,群馬支社,3,3,150,3,10201,前橋市,NULL,NULL,架管名称121 起点住所,架管名称121 終点住所
30402027,架管名称279,873705,-1741038,88,群馬支社,0,2,150,3,10201,前橋市,NULL,NULL,架管名称279 起点住所,架管名称279 終点住所
30402029,架管名称33,832822,-1807293,88,群馬支社,1,1,150,3,10201,前橋市,NULL,NULL,架管名称33 起点住所,架管名称33 終点住所
30402030,架管名称325,826251,-1731792,88,群馬支社,0,1,150,3,10201,前橋市,NULL,NULL,架管名称325 起点住所,架管名称325 終点住所
30402032,架管名称27,823256,-1769492,88,群馬支社,0,3,200,2,10201,前橋市,NULL,NULL,架管名称27 起点住所,架管名称27 終点住所
20251005,架管名称158,1145836,-2055521,87,熊谷支社,2,3,300,3,11202,熊谷市,NULL,NULL,架管名称158 起点住所,架管名称158 終点住所
20252001,架管名称208,1167402,-2063378,87,熊谷支社,0,3,150,3,11206,行田市,NULL,NULL,架管名称208 起点住所,架管名称208 終点住所
20252003,架管名称66,1177253,-2075621,87,熊谷支社,3,2,200,3,11206,行田市,NULL,NULL,架管名称66 起点住所,架管名称66 終点住所
20252010,架管名称206,1200718,-2059070,87,熊谷支社,0,1,200,2,11206,行田市,NULL,NULL,架管名称206 起点住所,架管名称206 終点住所
20252012,架管名称333,1207038,-2053547,87,熊谷支社,1,2,200,3,11206,行田市,NULL,NULL,架管名称333 起点住所,架管名称333 終点住所
20252013,架管名称47,1184459,-2074540,87,熊谷支社,3,1,150,3,11206,行田市,NULL,NULL,架管名称47 起点住所,架管名称47 終点住所
20254005,架管名称234,1182602,-2088955,87,熊谷支社,3,1,150,3,11217,鴻巣市,NULL,NULL,架管名称234 起点住所,架管名称234 終点住所
30251003,架管名称31,1117121,-2037641,87,熊谷支社,1,3,150,3,11202,熊谷市,NULL,NULL,架管名称31 起点住所,架管名称31 終点住所
30251004,架管名称449,1137830,-2034407,87,熊谷支社,1,1,150,3,11202,熊谷市,NULL,NULL,架管名称449 起点住所,架管名称449 終点住所
30251012,架管名称152,1137791,-2043282,87,熊谷支社,3,1,100,2,11202,熊谷市,NULL,NULL,架管名称152 起点住所,架管名称152 終点住所
30252002,架管名称415,1178242,-2053437,87,熊谷支社,1,2,150,3,11206,行田市,NULL,NULL,架管名称415 起点住所,架管名称415 終点住所
30252003,架管名称117,1182758,-2049017,87,熊谷支社,1,1,100,2,11206,行田市,NULL,NULL,架管名称117 起点住所,架管名称117 終点住所
30252004,架管名称341,1183658,-2049021,87,熊谷支社,3,1,150,2,11206,行田市,NULL,NULL,架管名称341 起点住所,架管名称341 終点住所
30252007,架管名称351,1195361,-2047956,87,熊谷支社,0,4,150,2,11206,行田市,NULL,NULL,架管名称351 起点住所,架管名称351 終点住所
30252015,架管名称231,1187262,-2047925,87,熊谷支社,0,3,150,3,11206,行田市,NULL,NULL,架管名称231 起点住所,架管名称231 終点住所
30252017,架管名称103,1213349,-2050241,87,熊谷支社,2,3,200,2,11206,行田市,NULL,NULL,架管名称103 起点住所,架管名称103 終点住所
30252021,架管名称322,1185333,-2081200,87,熊谷支社,0,3,150,2,11206,行田市,NULL,NULL,架管名称322 起点住所,架管名称322 終点住所
30254002,架管名称299,1244574,-2134661,87,熊谷支社,2,4,100,3,11217,鴻巣市,NULL,NULL,架管名称299 起点住所,架管名称299 終点住所
20501001,架管名称27,1573937,-1601466,43,宇都宮支社,3,1,200,3,9201,宇都宮市,NULL,NULL,架管名称27 起点住所,架管名称27 終点住所
20501002,架管名称240,1583776,-1588146,43,宇都宮支社,3,1,300,2,9201,宇都宮市,NULL,NULL,架管名称240 起点住所,架管名称240 終点住所
20501003,架管名称119,1545293,-1610353,43,宇都宮支社,0,4,200,2,9201,宇都宮市,NULL,NULL,架管名称119 起点住所,架管名称119 終点住所
20501004,架管名称374,1577518,-1601464,43,宇都宮支社,0,1,200,3,9201,宇都宮市,NULL,NULL,架管名称374 起点住所,架管名称374 終点住所
20501005,架管名称11,1580203,-1599243,43,宇都宮支社,1,4,100,3,9201,宇都宮市,NULL,NULL,架管名称11 起点住所,架管名称11 終点住所
20501006,架管名称432,1580203,-1599243,43,宇都宮支社,3,1,200,3,9201,宇都宮市,NULL,NULL,架管名称432 起点住所,架管名称432 終点住所
20501008,架管名称129,1573044,-1603685,43,宇都宮支社,1,1,200,2,9201,宇都宮市,NULL,NULL,架管名称129 起点住所,架管名称129 終点住所
20501009,架管名称348,1584665,-1579270,43,宇都宮支社,1,3,150,3,9201,宇都宮市,NULL,NULL,架管名称348 起点住所,架管名称348 終点住所
20501010,架管名称351,1547076,-1582616,43,宇都宮支社,1,4,200,3,9201,宇都宮市,NULL,NULL,架管名称351 起点住所,架管名称351 終点住所
20501011,架管名称212,1590956,-1613658,43,宇都宮支社,0,3,150,2,9201,宇都宮市,NULL,NULL,架管名称212 起点住所,架管名称212 終点住所
20501012,架管名称6,1596330,-1615873,43,宇都宮支社,0,3,150,3,9201,宇都宮市,NULL,NULL,架管名称6 起点住所,架管名称6 終点住所
20501013,架管名称393,1595405,-1580371,43,宇都宮支社,0,4,300,2,9201,宇都宮市,NULL,NULL,架管名称393 起点住所,架管名称393 終点住所
20501014,架管名称449,1624933,-1574794,43,宇都宮支社,2,1,300,2,9201,宇都宮市,NULL,NULL,架管名称449 起点住所,架管名称449 終点住所
20501015,架管名称62,1634779,-1575892,43,宇都宮支社,2,3,300,3,9201,宇都宮市,NULL,NULL,架管名称62 起点住所,架管名称62 終点住所
20501016,架管名称465,1645523,-1579206,43,宇都宮支社,0,2,300,3,9201,宇都宮市,NULL,NULL,架管名称465 起点住所,架管名称465 終点住所
20501017,架管名称138,1652685,-1580305,43,宇都宮支社,0,3,300,2,9201,宇都宮市,NULL,NULL,架管名称138 起点住所,架管名称138 終点住所
30501001,架管名称292,1581088,-1583710,43,宇都宮支社,2,2,150,3,9201,宇都宮市,NULL,NULL,架管名称292 起点住所,架管名称292 終点住所
30501002,架管名称48,1579303,-1592587,43,宇都宮支社,0,2,150,3,9201,宇都宮市,NULL,NULL,架管名称48 起点住所,架管名称48 終点住所
30501003,架管名称362,1539016,-1552662,43,宇都宮支社,1,1,150,2,9201,宇都宮市,NULL,NULL,架管名称362 起点住所,架管名称362 終点住所
30501006,架管名称168,1572139,-1587044,43,宇都宮支社,0,1,200,2,9201,宇都宮市,NULL,NULL,架管名称168 起点住所,架管名称168 終点住所
30501007,架管名称252,1582869,-1571505,43,宇都宮支社,0,3,100,2,9201,宇都宮市,NULL,NULL,架管名称252 起点住所,架管名称252 終点住所
30501008,架管名称254,1581082,-1574834,43,宇都宮支社,2,4,150,2,9201,宇都宮市,NULL,NULL,架管名称254 起点住所,架管名称254 終点住所
